[
  {
    "title": "How to Find the Best Hiking Trails Near You: A Beginner's Guide",
    "date": "2025-04-12T00:00:00.000Z",
    "tags": [
      "hiking",
      "outdoors",
      "nature",
      "beginners-guide",
      "trail-finding"
    ],
    "draft": false,
    "slug": "how-to-find-the-best-hiking-trails-near-you-a-beginners-guide",
    "summary": "Learn the essential steps to discover nearby hiking trails, including leveraging AI-powered apps like Dinamount for personalized recommendations and real-time trail conditions.",
    "authors": [
      "default"
    ],
    "body": {
      "raw": "\n# How to Find the Best Hiking Trails Near You: A Beginner's Guide\n\nAre you itching to escape the city and reconnect with nature? Hiking is a fantastic way to exercise, reduce stress, and explore the beauty of the great outdoors. But where do you start? Finding the perfect hiking trail can feel overwhelming, especially if you're a beginner. This guide will walk you through the essential steps to discover incredible hiking trails near you, including leveraging cutting-edge AI-powered apps like Dinamount for personalized recommendations and real-time trail conditions.\n\n## Why Hiking is Great for You\n\nBefore we dive into finding trails, let's quickly cover why hiking is such a beneficial activity:\n\n- **Physical Health:** Hiking is a great cardio workout that improves cardiovascular health, builds strength, and increases endurance.\n- **Mental Wellbeing:** Studies show that spending time in nature reduces stress, anxiety, and depression. The fresh air and scenic views can do wonders for your mental state.\n- **Exploration and Adventure:** Hiking allows you to explore new landscapes, discover hidden gems, and experience the thrill of adventure.\n- **Connection with Nature:** Hiking fosters a deeper connection with the natural world, promoting environmental awareness and appreciation.\n\n## Step 1: Define Your Hiking Preferences\n\nBefore you start searching, take some time to consider your personal preferences. This will help you narrow down your options and find trails that are a good fit for your fitness level and interests.\n\nAsk yourself these questions:\n\n- **What is your fitness level?** Are you a beginner, intermediate, or experienced hiker?\n- **How far are you willing to travel?** Consider the distance and time it will take to reach the trailhead.\n- **What type of scenery do you prefer?** Mountains, forests, lakes, waterfalls, or desert landscapes?\n- **What is your preferred hiking distance and elevation gain?** Start with shorter, easier trails and gradually increase the difficulty as you gain experience.\n- **Are you hiking solo, with friends, or with family?** This will influence the type of trail you choose.\n- **Do you have any specific interests?** Birdwatching, photography, wildlife viewing, or historical sites?\n\n## Step 2: Leverage Online Resources and Apps\n\nThe internet is your best friend when it comes to finding hiking trails. Here are some excellent online resources and apps to explore:\n\n- **AllTrails:** This is a popular app and website with a vast database of hiking trails worldwide. You can search by location, difficulty, distance, elevation gain, and user ratings.\n- **Hiking Project:** Similar to AllTrails, Hiking Project offers detailed trail information, photos, and maps.\n- **Local Parks and Recreation Websites:** Check the websites of your local parks and recreation departments for information on trails in your area.\n- **National Park Service Website:** If you're interested in hiking in national parks, the National Park Service website provides trail information, maps, and safety guidelines.\n- **Dinamount:** This AI-powered app offers personalized trail recommendations based on your fitness level, preferences, and real-time trail conditions. It uses machine learning to analyze data from various sources and suggest trails that are a perfect match for you. Dinamount can be a game-changer, especially if you want to avoid crowded trails or find hidden gems.\n\n## Step 3: Using AI-Powered Apps for Personalized Recommendations\n\nApps like Dinamount represent a significant leap forward in trail discovery. Here's how they can help you:\n\n- **Personalized Recommendations:** AI algorithms analyze your hiking history, preferences, and fitness level to suggest trails that align with your interests.\n- **Real-Time Trail Conditions:** These apps often provide up-to-date information on trail closures, weather conditions, and user reviews, allowing you to make informed decisions.\n- **Crowd-Sourced Data:** Users can contribute to the app by sharing their experiences, photos, and trail condition updates, creating a valuable community resource.\n- **Offline Maps:** Many of these apps offer offline map downloads, ensuring you can navigate even without cell service.\n\n## Step 4: Read Reviews and Check Trail Conditions\n\nBefore heading out on a hike, it's crucial to read recent reviews and check trail conditions. This will help you avoid potential hazards and ensure a safe and enjoyable experience.\n\n- **Read User Reviews:** Pay attention to comments about trail difficulty, crowds, parking availability, and any potential hazards (e.g., fallen trees, slippery sections).\n- **Check Weather Forecast:** Be aware of the weather forecast and be prepared for changing conditions. Avoid hiking during severe weather.\n- **Look for Recent Trail Reports:** Many hiking websites and apps provide recent trail reports from other hikers. These reports can offer valuable insights into current trail conditions.\n- **Contact Local Park Rangers:** If you have any concerns or questions, contact local park rangers for the most up-to-date information.\n\n## Step 5: Plan Your Hike and Pack Accordingly\n\nProper planning is essential for a safe and successful hike. Here's a checklist of things to consider:\n\n- **Choose the Right Trail:** Select a trail that is appropriate for your fitness level and experience.\n- **Inform Someone of Your Plans:** Tell a friend or family member where you're going and when you expect to be back.\n- **Pack the Essentials:** Make sure you have enough water, food, sunscreen, insect repellent, a first-aid kit, a map, and a compass or GPS device.\n- **Wear Appropriate Clothing and Footwear:** Dress in layers and wear sturdy hiking shoes or boots.\n- **Bring a Headlamp or Flashlight:** Even if you're planning a daytime hike, it's always a good idea to bring a light source in case of emergencies.\n- **Leave No Trace:** Pack out everything you pack in and minimize your impact on the environment.\n\nHere's a quick checklist of items to pack:\n\n| Item                | Description                                                   |\n| ------------------- | ------------------------------------------------------------- |\n| Water               | At least 2 liters, more in hot weather                        |\n| Food                | High-energy snacks like trail mix, energy bars, or fruit      |\n| Sunscreen           | Protect your skin from the sun's harmful rays                 |\n| Insect Repellent    | Keep mosquitoes and other insects away                        |\n| First-Aid Kit       | Bandages, antiseptic wipes, pain relievers, blister treatment |\n| Map & Compass/GPS   | Navigate the trail and stay on course                         |\n| Headlamp/Flashlight | Provide light in case of emergencies or unexpected delays     |\n| Extra Layers        | Be prepared for changing weather conditions                   |\n\n## Step 6: Practice Trail Etiquette and Safety\n\nRespect the environment and other hikers by following these trail etiquette guidelines:\n\n- **Stay on the Trail:** Avoid cutting switchbacks or creating new trails.\n- **Yield to Uphill Hikers:** Give way to hikers who are climbing uphill.\n- **Pack Out All Trash:** Leave no trace of your visit.\n- **Control Your Pets:** Keep your dog on a leash and clean up after them.\n- **Be Considerate of Others:** Keep noise levels down and avoid blocking the trail.\n\nSafety is paramount when hiking. Be aware of potential hazards, such as wildlife encounters, steep drop-offs, and changing weather conditions. Carry a whistle for emergencies and know how to use your map and compass.\n\n## Internal Linking Opportunities\n\nIf you're starting a business related to hiking or outdoor activities, understanding search engine optimization is crucial. Check out our blog post, \\\"[How SEO Can Boost Your Business Sales](seo-business-sales)\\\" to learn how to improve your online visibility. And if you enjoy the thrill of exploration, you might find our article on \\\"[The Legend of Zelda: Breath of the Wild - A Revolution in Open-World Gaming](zelda-botw)\\\" interesting, as it explores a similar sense of adventure in a digital world.\n\n## External Resources\n\nHere are a few external resources that you might find helpful:\n\n1.  **Leave No Trace Center for Outdoor Ethics:** [https://lnt.org/](https://lnt.org/) - Learn about responsible outdoor practices.\n2.  **American Hiking Society:** [https://americanhiking.org/](https://americanhiking.org/) - A great resource for hiking advocacy and trail information.\n3.  **REI Expert Advice:** [https://www.rei.com/learn/expert-advice.html](https://www.rei.com/learn/expert-advice.html) - REI offers a wealth of articles and guides on hiking and outdoor gear.\n\n## Conclusion: Get Out There and Explore!\n\nFinding the best hiking trails near you doesn't have to be a daunting task. By following these steps and utilizing the resources available, you can discover incredible hiking experiences that will enhance your physical and mental wellbeing. Whether you're a seasoned hiker or a beginner, there's a trail out there waiting for you. So, grab your boots, pack your bag, and get ready to explore the beauty of the great outdoors!\n\nReady to start your hiking adventure? Download Dinamount today and discover personalized trail recommendations tailored to your preferences! Happy trails!\n\"\n",
      "code": "var Component=(()=>{var p=Object.create;var t=Object.defineProperty;var g=Object.getOwnPropertyDescriptor;var u=Object.getOwnPropertyNames;var f=Object.getPrototypeOf,w=Object.prototype.hasOwnProperty;var m=(n,i)=>()=>(i||n((i={exports:{}}).exports,i),i.exports),y=(n,i)=>{for(var r in i)t(n,r,{get:i[r],enumerable:!0})},o=(n,i,r,l)=>{if(i&&typeof i==\"object\"||typeof i==\"function\")for(let a of u(i))!w.call(n,a)&&a!==r&&t(n,a,{get:()=>i[a],enumerable:!(l=g(i,a))||l.enumerable});return n};var k=(n,i,r)=>(r=n!=null?p(f(n)):{},o(i||!n||!n.__esModule?t(r,\"default\",{value:n,enumerable:!0}):r,n)),v=n=>o(t({},\"__esModule\",{value:!0}),n);var d=m((C,s)=>{s.exports=_jsx_runtime});var x={};y(x,{default:()=>c,frontmatter:()=>b});var e=k(d()),b={title:\"How to Find the Best Hiking Trails Near You: A Beginner's Guide\",date:\"2025-04-12\",tags:[\"hiking\",\"outdoors\",\"nature\",\"beginners-guide\",\"trail-finding\"],draft:!1,slug:\"how-to-find-the-best-hiking-trails-near-you-a-beginners-guide\",summary:\"Learn the essential steps to discover nearby hiking trails, including leveraging AI-powered apps like Dinamount for personalized recommendations and real-time trail conditions.\",authors:[\"default\"]};function h(n){let i={a:\"a\",h1:\"h1\",h2:\"h2\",li:\"li\",ol:\"ol\",p:\"p\",path:\"path\",span:\"span\",strong:\"strong\",svg:\"svg\",table:\"table\",tbody:\"tbody\",td:\"td\",th:\"th\",thead:\"thead\",tr:\"tr\",ul:\"ul\",...n.components};return(0,e.jsxs)(e.Fragment,{children:[(0,e.jsxs)(i.h1,{className:\"content-header\",id:\"how-to-find-the-best-hiking-trails-near-you-a-beginners-guide\",children:[(0,e.jsx)(i.a,{href:\"#how-to-find-the-best-hiking-trails-near-you-a-beginners-guide\",\"aria-hidden\":\"true\",tabIndex:\"-1\",children:(0,e.jsx)(e.Fragment,{children:(0,e.jsx)(i.span,{className:\"content-header-link\",children:(0,e.jsxs)(i.svg,{className:\"h-5 linkicon w-5\",fill:\"currentColor\",viewBox:\"0 0 20 20\",xmlns:\"http://www.w3.org/2000/svg\",children:[(0,e.jsx)(i.path,{d:\"M12.232 4.232a2.5 2.5 0 0 1 3.536 3.536l-1.225 1.224a.75.75 0 0 0 1.061 1.06l1.224-1.224a4 4 0 0 0-5.656-5.656l-3 3a4 4 0 0 0 .225 5.865.75.75 0 0 0 .977-1.138 2.5 2.5 0 0 1-.142-3.667l3-3Z\"}),(0,e.jsx)(i.path,{d:\"M11.603 7.963a.75.75 0 0 0-.977 1.138 2.5 2.5 0 0 1 .142 3.667l-3 3a2.5 2.5 0 0 1-3.536-3.536l1.225-1.224a.75.75 0 0 0-1.061-1.06l-1.224 1.224a4 4 0 1 0 5.656 5.656l3-3a4 4 0 0 0-.225-5.865Z\"})]})})})}),\"How to Find the Best Hiking Trails Near You: A Beginner's Guide\"]}),(0,e.jsx)(i.p,{children:\"Are you itching to escape the city and reconnect with nature? Hiking is a fantastic way to exercise, reduce stress, and explore the beauty of the great outdoors. But where do you start? Finding the perfect hiking trail can feel overwhelming, especially if you're a beginner. This guide will walk you through the essential steps to discover incredible hiking trails near you, including leveraging cutting-edge AI-powered apps like Dinamount for personalized recommendations and real-time trail conditions.\"}),(0,e.jsxs)(i.h2,{className:\"content-header\",id:\"why-hiking-is-great-for-you\",children:[(0,e.jsx)(i.a,{href:\"#why-hiking-is-great-for-you\",\"aria-hidden\":\"true\",tabIndex:\"-1\",children:(0,e.jsx)(e.Fragment,{children:(0,e.jsx)(i.span,{className:\"content-header-link\",children:(0,e.jsxs)(i.svg,{className:\"h-5 linkicon w-5\",fill:\"currentColor\",viewBox:\"0 0 20 20\",xmlns:\"http://www.w3.org/2000/svg\",children:[(0,e.jsx)(i.path,{d:\"M12.232 4.232a2.5 2.5 0 0 1 3.536 3.536l-1.225 1.224a.75.75 0 0 0 1.061 1.06l1.224-1.224a4 4 0 0 0-5.656-5.656l-3 3a4 4 0 0 0 .225 5.865.75.75 0 0 0 .977-1.138 2.5 2.5 0 0 1-.142-3.667l3-3Z\"}),(0,e.jsx)(i.path,{d:\"M11.603 7.963a.75.75 0 0 0-.977 1.138 2.5 2.5 0 0 1 .142 3.667l-3 3a2.5 2.5 0 0 1-3.536-3.536l1.225-1.224a.75.75 0 0 0-1.061-1.06l-1.224 1.224a4 4 0 1 0 5.656 5.656l3-3a4 4 0 0 0-.225-5.865Z\"})]})})})}),\"Why Hiking is Great for You\"]}),(0,e.jsx)(i.p,{children:\"Before we dive into finding trails, let's quickly cover why hiking is such a beneficial activity:\"}),(0,e.jsxs)(i.ul,{children:[(0,e.jsxs)(i.li,{children:[(0,e.jsx)(i.strong,{children:\"Physical Health:\"}),\" Hiking is a great cardio workout that improves cardiovascular health, builds strength, and increases endurance.\"]}),(0,e.jsxs)(i.li,{children:[(0,e.jsx)(i.strong,{children:\"Mental Wellbeing:\"}),\" Studies show that spending time in nature reduces stress, anxiety, and depression. The fresh air and scenic views can do wonders for your mental state.\"]}),(0,e.jsxs)(i.li,{children:[(0,e.jsx)(i.strong,{children:\"Exploration and Adventure:\"}),\" Hiking allows you to explore new landscapes, discover hidden gems, and experience the thrill of adventure.\"]}),(0,e.jsxs)(i.li,{children:[(0,e.jsx)(i.strong,{children:\"Connection with Nature:\"}),\" Hiking fosters a deeper connection with the natural world, promoting environmental awareness and appreciation.\"]})]}),(0,e.jsxs)(i.h2,{className:\"content-header\",id:\"step-1-define-your-hiking-preferences\",children:[(0,e.jsx)(i.a,{href:\"#step-1-define-your-hiking-preferences\",\"aria-hidden\":\"true\",tabIndex:\"-1\",children:(0,e.jsx)(e.Fragment,{children:(0,e.jsx)(i.span,{className:\"content-header-link\",children:(0,e.jsxs)(i.svg,{className:\"h-5 linkicon w-5\",fill:\"currentColor\",viewBox:\"0 0 20 20\",xmlns:\"http://www.w3.org/2000/svg\",children:[(0,e.jsx)(i.path,{d:\"M12.232 4.232a2.5 2.5 0 0 1 3.536 3.536l-1.225 1.224a.75.75 0 0 0 1.061 1.06l1.224-1.224a4 4 0 0 0-5.656-5.656l-3 3a4 4 0 0 0 .225 5.865.75.75 0 0 0 .977-1.138 2.5 2.5 0 0 1-.142-3.667l3-3Z\"}),(0,e.jsx)(i.path,{d:\"M11.603 7.963a.75.75 0 0 0-.977 1.138 2.5 2.5 0 0 1 .142 3.667l-3 3a2.5 2.5 0 0 1-3.536-3.536l1.225-1.224a.75.75 0 0 0-1.061-1.06l-1.224 1.224a4 4 0 1 0 5.656 5.656l3-3a4 4 0 0 0-.225-5.865Z\"})]})})})}),\"Step 1: Define Your Hiking Preferences\"]}),(0,e.jsx)(i.p,{children:\"Before you start searching, take some time to consider your personal preferences. This will help you narrow down your options and find trails that are a good fit for your fitness level and interests.\"}),(0,e.jsx)(i.p,{children:\"Ask yourself these questions:\"}),(0,e.jsxs)(i.ul,{children:[(0,e.jsxs)(i.li,{children:[(0,e.jsx)(i.strong,{children:\"What is your fitness level?\"}),\" Are you a beginner, intermediate, or experienced hiker?\"]}),(0,e.jsxs)(i.li,{children:[(0,e.jsx)(i.strong,{children:\"How far are you willing to travel?\"}),\" Consider the distance and time it will take to reach the trailhead.\"]}),(0,e.jsxs)(i.li,{children:[(0,e.jsx)(i.strong,{children:\"What type of scenery do you prefer?\"}),\" Mountains, forests, lakes, waterfalls, or desert landscapes?\"]}),(0,e.jsxs)(i.li,{children:[(0,e.jsx)(i.strong,{children:\"What is your preferred hiking distance and elevation gain?\"}),\" Start with shorter, easier trails and gradually increase the difficulty as you gain experience.\"]}),(0,e.jsxs)(i.li,{children:[(0,e.jsx)(i.strong,{children:\"Are you hiking solo, with friends, or with family?\"}),\" This will influence the type of trail you choose.\"]}),(0,e.jsxs)(i.li,{children:[(0,e.jsx)(i.strong,{children:\"Do you have any specific interests?\"}),\" Birdwatching, photography, wildlife viewing, or historical sites?\"]})]}),(0,e.jsxs)(i.h2,{className:\"content-header\",id:\"step-2-leverage-online-resources-and-apps\",children:[(0,e.jsx)(i.a,{href:\"#step-2-leverage-online-resources-and-apps\",\"aria-hidden\":\"true\",tabIndex:\"-1\",children:(0,e.jsx)(e.Fragment,{children:(0,e.jsx)(i.span,{className:\"content-header-link\",children:(0,e.jsxs)(i.svg,{className:\"h-5 linkicon w-5\",fill:\"currentColor\",viewBox:\"0 0 20 20\",xmlns:\"http://www.w3.org/2000/svg\",children:[(0,e.jsx)(i.path,{d:\"M12.232 4.232a2.5 2.5 0 0 1 3.536 3.536l-1.225 1.224a.75.75 0 0 0 1.061 1.06l1.224-1.224a4 4 0 0 0-5.656-5.656l-3 3a4 4 0 0 0 .225 5.865.75.75 0 0 0 .977-1.138 2.5 2.5 0 0 1-.142-3.667l3-3Z\"}),(0,e.jsx)(i.path,{d:\"M11.603 7.963a.75.75 0 0 0-.977 1.138 2.5 2.5 0 0 1 .142 3.667l-3 3a2.5 2.5 0 0 1-3.536-3.536l1.225-1.224a.75.75 0 0 0-1.061-1.06l-1.224 1.224a4 4 0 1 0 5.656 5.656l3-3a4 4 0 0 0-.225-5.865Z\"})]})})})}),\"Step 2: Leverage Online Resources and Apps\"]}),(0,e.jsx)(i.p,{children:\"The internet is your best friend when it comes to finding hiking trails. Here are some excellent online resources and apps to explore:\"}),(0,e.jsxs)(i.ul,{children:[(0,e.jsxs)(i.li,{children:[(0,e.jsx)(i.strong,{children:\"AllTrails:\"}),\" This is a popular app and website with a vast database of hiking trails worldwide. You can search by location, difficulty, distance, elevation gain, and user ratings.\"]}),(0,e.jsxs)(i.li,{children:[(0,e.jsx)(i.strong,{children:\"Hiking Project:\"}),\" Similar to AllTrails, Hiking Project offers detailed trail information, photos, and maps.\"]}),(0,e.jsxs)(i.li,{children:[(0,e.jsx)(i.strong,{children:\"Local Parks and Recreation Websites:\"}),\" Check the websites of your local parks and recreation departments for information on trails in your area.\"]}),(0,e.jsxs)(i.li,{children:[(0,e.jsx)(i.strong,{children:\"National Park Service Website:\"}),\" If you're interested in hiking in national parks, the National Park Service website provides trail information, maps, and safety guidelines.\"]}),(0,e.jsxs)(i.li,{children:[(0,e.jsx)(i.strong,{children:\"Dinamount:\"}),\" This AI-powered app offers personalized trail recommendations based on your fitness level, preferences, and real-time trail conditions. It uses machine learning to analyze data from various sources and suggest trails that are a perfect match for you. Dinamount can be a game-changer, especially if you want to avoid crowded trails or find hidden gems.\"]})]}),(0,e.jsxs)(i.h2,{className:\"content-header\",id:\"step-3-using-ai-powered-apps-for-personalized-recommendations\",children:[(0,e.jsx)(i.a,{href:\"#step-3-using-ai-powered-apps-for-personalized-recommendations\",\"aria-hidden\":\"true\",tabIndex:\"-1\",children:(0,e.jsx)(e.Fragment,{children:(0,e.jsx)(i.span,{className:\"content-header-link\",children:(0,e.jsxs)(i.svg,{className:\"h-5 linkicon w-5\",fill:\"currentColor\",viewBox:\"0 0 20 20\",xmlns:\"http://www.w3.org/2000/svg\",children:[(0,e.jsx)(i.path,{d:\"M12.232 4.232a2.5 2.5 0 0 1 3.536 3.536l-1.225 1.224a.75.75 0 0 0 1.061 1.06l1.224-1.224a4 4 0 0 0-5.656-5.656l-3 3a4 4 0 0 0 .225 5.865.75.75 0 0 0 .977-1.138 2.5 2.5 0 0 1-.142-3.667l3-3Z\"}),(0,e.jsx)(i.path,{d:\"M11.603 7.963a.75.75 0 0 0-.977 1.138 2.5 2.5 0 0 1 .142 3.667l-3 3a2.5 2.5 0 0 1-3.536-3.536l1.225-1.224a.75.75 0 0 0-1.061-1.06l-1.224 1.224a4 4 0 1 0 5.656 5.656l3-3a4 4 0 0 0-.225-5.865Z\"})]})})})}),\"Step 3: Using AI-Powered Apps for Personalized Recommendations\"]}),(0,e.jsx)(i.p,{children:\"Apps like Dinamount represent a significant leap forward in trail discovery. Here's how they can help you:\"}),(0,e.jsxs)(i.ul,{children:[(0,e.jsxs)(i.li,{children:[(0,e.jsx)(i.strong,{children:\"Personalized Recommendations:\"}),\" AI algorithms analyze your hiking history, preferences, and fitness level to suggest trails that align with your interests.\"]}),(0,e.jsxs)(i.li,{children:[(0,e.jsx)(i.strong,{children:\"Real-Time Trail Conditions:\"}),\" These apps often provide up-to-date information on trail closures, weather conditions, and user reviews, allowing you to make informed decisions.\"]}),(0,e.jsxs)(i.li,{children:[(0,e.jsx)(i.strong,{children:\"Crowd-Sourced Data:\"}),\" Users can contribute to the app by sharing their experiences, photos, and trail condition updates, creating a valuable community resource.\"]}),(0,e.jsxs)(i.li,{children:[(0,e.jsx)(i.strong,{children:\"Offline Maps:\"}),\" Many of these apps offer offline map downloads, ensuring you can navigate even without cell service.\"]})]}),(0,e.jsxs)(i.h2,{className:\"content-header\",id:\"step-4-read-reviews-and-check-trail-conditions\",children:[(0,e.jsx)(i.a,{href:\"#step-4-read-reviews-and-check-trail-conditions\",\"aria-hidden\":\"true\",tabIndex:\"-1\",children:(0,e.jsx)(e.Fragment,{children:(0,e.jsx)(i.span,{className:\"content-header-link\",children:(0,e.jsxs)(i.svg,{className:\"h-5 linkicon w-5\",fill:\"currentColor\",viewBox:\"0 0 20 20\",xmlns:\"http://www.w3.org/2000/svg\",children:[(0,e.jsx)(i.path,{d:\"M12.232 4.232a2.5 2.5 0 0 1 3.536 3.536l-1.225 1.224a.75.75 0 0 0 1.061 1.06l1.224-1.224a4 4 0 0 0-5.656-5.656l-3 3a4 4 0 0 0 .225 5.865.75.75 0 0 0 .977-1.138 2.5 2.5 0 0 1-.142-3.667l3-3Z\"}),(0,e.jsx)(i.path,{d:\"M11.603 7.963a.75.75 0 0 0-.977 1.138 2.5 2.5 0 0 1 .142 3.667l-3 3a2.5 2.5 0 0 1-3.536-3.536l1.225-1.224a.75.75 0 0 0-1.061-1.06l-1.224 1.224a4 4 0 1 0 5.656 5.656l3-3a4 4 0 0 0-.225-5.865Z\"})]})})})}),\"Step 4: Read Reviews and Check Trail Conditions\"]}),(0,e.jsx)(i.p,{children:\"Before heading out on a hike, it's crucial to read recent reviews and check trail conditions. This will help you avoid potential hazards and ensure a safe and enjoyable experience.\"}),(0,e.jsxs)(i.ul,{children:[(0,e.jsxs)(i.li,{children:[(0,e.jsx)(i.strong,{children:\"Read User Reviews:\"}),\" Pay attention to comments about trail difficulty, crowds, parking availability, and any potential hazards (e.g., fallen trees, slippery sections).\"]}),(0,e.jsxs)(i.li,{children:[(0,e.jsx)(i.strong,{children:\"Check Weather Forecast:\"}),\" Be aware of the weather forecast and be prepared for changing conditions. Avoid hiking during severe weather.\"]}),(0,e.jsxs)(i.li,{children:[(0,e.jsx)(i.strong,{children:\"Look for Recent Trail Reports:\"}),\" Many hiking websites and apps provide recent trail reports from other hikers. These reports can offer valuable insights into current trail conditions.\"]}),(0,e.jsxs)(i.li,{children:[(0,e.jsx)(i.strong,{children:\"Contact Local Park Rangers:\"}),\" If you have any concerns or questions, contact local park rangers for the most up-to-date information.\"]})]}),(0,e.jsxs)(i.h2,{className:\"content-header\",id:\"step-5-plan-your-hike-and-pack-accordingly\",children:[(0,e.jsx)(i.a,{href:\"#step-5-plan-your-hike-and-pack-accordingly\",\"aria-hidden\":\"true\",tabIndex:\"-1\",children:(0,e.jsx)(e.Fragment,{children:(0,e.jsx)(i.span,{className:\"content-header-link\",children:(0,e.jsxs)(i.svg,{className:\"h-5 linkicon w-5\",fill:\"currentColor\",viewBox:\"0 0 20 20\",xmlns:\"http://www.w3.org/2000/svg\",children:[(0,e.jsx)(i.path,{d:\"M12.232 4.232a2.5 2.5 0 0 1 3.536 3.536l-1.225 1.224a.75.75 0 0 0 1.061 1.06l1.224-1.224a4 4 0 0 0-5.656-5.656l-3 3a4 4 0 0 0 .225 5.865.75.75 0 0 0 .977-1.138 2.5 2.5 0 0 1-.142-3.667l3-3Z\"}),(0,e.jsx)(i.path,{d:\"M11.603 7.963a.75.75 0 0 0-.977 1.138 2.5 2.5 0 0 1 .142 3.667l-3 3a2.5 2.5 0 0 1-3.536-3.536l1.225-1.224a.75.75 0 0 0-1.061-1.06l-1.224 1.224a4 4 0 1 0 5.656 5.656l3-3a4 4 0 0 0-.225-5.865Z\"})]})})})}),\"Step 5: Plan Your Hike and Pack Accordingly\"]}),(0,e.jsx)(i.p,{children:\"Proper planning is essential for a safe and successful hike. Here's a checklist of things to consider:\"}),(0,e.jsxs)(i.ul,{children:[(0,e.jsxs)(i.li,{children:[(0,e.jsx)(i.strong,{children:\"Choose the Right Trail:\"}),\" Select a trail that is appropriate for your fitness level and experience.\"]}),(0,e.jsxs)(i.li,{children:[(0,e.jsx)(i.strong,{children:\"Inform Someone of Your Plans:\"}),\" Tell a friend or family member where you're going and when you expect to be back.\"]}),(0,e.jsxs)(i.li,{children:[(0,e.jsx)(i.strong,{children:\"Pack the Essentials:\"}),\" Make sure you have enough water, food, sunscreen, insect repellent, a first-aid kit, a map, and a compass or GPS device.\"]}),(0,e.jsxs)(i.li,{children:[(0,e.jsx)(i.strong,{children:\"Wear Appropriate Clothing and Footwear:\"}),\" Dress in layers and wear sturdy hiking shoes or boots.\"]}),(0,e.jsxs)(i.li,{children:[(0,e.jsx)(i.strong,{children:\"Bring a Headlamp or Flashlight:\"}),\" Even if you're planning a daytime hike, it's always a good idea to bring a light source in case of emergencies.\"]}),(0,e.jsxs)(i.li,{children:[(0,e.jsx)(i.strong,{children:\"Leave No Trace:\"}),\" Pack out everything you pack in and minimize your impact on the environment.\"]})]}),(0,e.jsx)(i.p,{children:\"Here's a quick checklist of items to pack:\"}),(0,e.jsxs)(i.table,{children:[(0,e.jsx)(i.thead,{children:(0,e.jsxs)(i.tr,{children:[(0,e.jsx)(i.th,{children:\"Item\"}),(0,e.jsx)(i.th,{children:\"Description\"})]})}),(0,e.jsxs)(i.tbody,{children:[(0,e.jsxs)(i.tr,{children:[(0,e.jsx)(i.td,{children:\"Water\"}),(0,e.jsx)(i.td,{children:\"At least 2 liters, more in hot weather\"})]}),(0,e.jsxs)(i.tr,{children:[(0,e.jsx)(i.td,{children:\"Food\"}),(0,e.jsx)(i.td,{children:\"High-energy snacks like trail mix, energy bars, or fruit\"})]}),(0,e.jsxs)(i.tr,{children:[(0,e.jsx)(i.td,{children:\"Sunscreen\"}),(0,e.jsx)(i.td,{children:\"Protect your skin from the sun's harmful rays\"})]}),(0,e.jsxs)(i.tr,{children:[(0,e.jsx)(i.td,{children:\"Insect Repellent\"}),(0,e.jsx)(i.td,{children:\"Keep mosquitoes and other insects away\"})]}),(0,e.jsxs)(i.tr,{children:[(0,e.jsx)(i.td,{children:\"First-Aid Kit\"}),(0,e.jsx)(i.td,{children:\"Bandages, antiseptic wipes, pain relievers, blister treatment\"})]}),(0,e.jsxs)(i.tr,{children:[(0,e.jsx)(i.td,{children:\"Map & Compass/GPS\"}),(0,e.jsx)(i.td,{children:\"Navigate the trail and stay on course\"})]}),(0,e.jsxs)(i.tr,{children:[(0,e.jsx)(i.td,{children:\"Headlamp/Flashlight\"}),(0,e.jsx)(i.td,{children:\"Provide light in case of emergencies or unexpected delays\"})]}),(0,e.jsxs)(i.tr,{children:[(0,e.jsx)(i.td,{children:\"Extra Layers\"}),(0,e.jsx)(i.td,{children:\"Be prepared for changing weather conditions\"})]})]})]}),(0,e.jsxs)(i.h2,{className:\"content-header\",id:\"step-6-practice-trail-etiquette-and-safety\",children:[(0,e.jsx)(i.a,{href:\"#step-6-practice-trail-etiquette-and-safety\",\"aria-hidden\":\"true\",tabIndex:\"-1\",children:(0,e.jsx)(e.Fragment,{children:(0,e.jsx)(i.span,{className:\"content-header-link\",children:(0,e.jsxs)(i.svg,{className:\"h-5 linkicon w-5\",fill:\"currentColor\",viewBox:\"0 0 20 20\",xmlns:\"http://www.w3.org/2000/svg\",children:[(0,e.jsx)(i.path,{d:\"M12.232 4.232a2.5 2.5 0 0 1 3.536 3.536l-1.225 1.224a.75.75 0 0 0 1.061 1.06l1.224-1.224a4 4 0 0 0-5.656-5.656l-3 3a4 4 0 0 0 .225 5.865.75.75 0 0 0 .977-1.138 2.5 2.5 0 0 1-.142-3.667l3-3Z\"}),(0,e.jsx)(i.path,{d:\"M11.603 7.963a.75.75 0 0 0-.977 1.138 2.5 2.5 0 0 1 .142 3.667l-3 3a2.5 2.5 0 0 1-3.536-3.536l1.225-1.224a.75.75 0 0 0-1.061-1.06l-1.224 1.224a4 4 0 1 0 5.656 5.656l3-3a4 4 0 0 0-.225-5.865Z\"})]})})})}),\"Step 6: Practice Trail Etiquette and Safety\"]}),(0,e.jsx)(i.p,{children:\"Respect the environment and other hikers by following these trail etiquette guidelines:\"}),(0,e.jsxs)(i.ul,{children:[(0,e.jsxs)(i.li,{children:[(0,e.jsx)(i.strong,{children:\"Stay on the Trail:\"}),\" Avoid cutting switchbacks or creating new trails.\"]}),(0,e.jsxs)(i.li,{children:[(0,e.jsx)(i.strong,{children:\"Yield to Uphill Hikers:\"}),\" Give way to hikers who are climbing uphill.\"]}),(0,e.jsxs)(i.li,{children:[(0,e.jsx)(i.strong,{children:\"Pack Out All Trash:\"}),\" Leave no trace of your visit.\"]}),(0,e.jsxs)(i.li,{children:[(0,e.jsx)(i.strong,{children:\"Control Your Pets:\"}),\" Keep your dog on a leash and clean up after them.\"]}),(0,e.jsxs)(i.li,{children:[(0,e.jsx)(i.strong,{children:\"Be Considerate of Others:\"}),\" Keep noise levels down and avoid blocking the trail.\"]})]}),(0,e.jsx)(i.p,{children:\"Safety is paramount when hiking. Be aware of potential hazards, such as wildlife encounters, steep drop-offs, and changing weather conditions. Carry a whistle for emergencies and know how to use your map and compass.\"}),(0,e.jsxs)(i.h2,{className:\"content-header\",id:\"internal-linking-opportunities\",children:[(0,e.jsx)(i.a,{href:\"#internal-linking-opportunities\",\"aria-hidden\":\"true\",tabIndex:\"-1\",children:(0,e.jsx)(e.Fragment,{children:(0,e.jsx)(i.span,{className:\"content-header-link\",children:(0,e.jsxs)(i.svg,{className:\"h-5 linkicon w-5\",fill:\"currentColor\",viewBox:\"0 0 20 20\",xmlns:\"http://www.w3.org/2000/svg\",children:[(0,e.jsx)(i.path,{d:\"M12.232 4.232a2.5 2.5 0 0 1 3.536 3.536l-1.225 1.224a.75.75 0 0 0 1.061 1.06l1.224-1.224a4 4 0 0 0-5.656-5.656l-3 3a4 4 0 0 0 .225 5.865.75.75 0 0 0 .977-1.138 2.5 2.5 0 0 1-.142-3.667l3-3Z\"}),(0,e.jsx)(i.path,{d:\"M11.603 7.963a.75.75 0 0 0-.977 1.138 2.5 2.5 0 0 1 .142 3.667l-3 3a2.5 2.5 0 0 1-3.536-3.536l1.225-1.224a.75.75 0 0 0-1.061-1.06l-1.224 1.224a4 4 0 1 0 5.656 5.656l3-3a4 4 0 0 0-.225-5.865Z\"})]})})})}),\"Internal Linking Opportunities\"]}),(0,e.jsxs)(i.p,{children:[`If you're starting a business related to hiking or outdoor activities, understanding search engine optimization is crucial. Check out our blog post, \"`,(0,e.jsx)(i.a,{href:\"seo-business-sales\",children:\"How SEO Can Boost Your Business Sales\"}),'\" to learn how to improve your online visibility. And if you enjoy the thrill of exploration, you might find our article on \"',(0,e.jsx)(i.a,{href:\"zelda-botw\",children:\"The Legend of Zelda: Breath of the Wild - A Revolution in Open-World Gaming\"}),'\" interesting, as it explores a similar sense of adventure in a digital world.']}),(0,e.jsxs)(i.h2,{className:\"content-header\",id:\"external-resources\",children:[(0,e.jsx)(i.a,{href:\"#external-resources\",\"aria-hidden\":\"true\",tabIndex:\"-1\",children:(0,e.jsx)(e.Fragment,{children:(0,e.jsx)(i.span,{className:\"content-header-link\",children:(0,e.jsxs)(i.svg,{className:\"h-5 linkicon w-5\",fill:\"currentColor\",viewBox:\"0 0 20 20\",xmlns:\"http://www.w3.org/2000/svg\",children:[(0,e.jsx)(i.path,{d:\"M12.232 4.232a2.5 2.5 0 0 1 3.536 3.536l-1.225 1.224a.75.75 0 0 0 1.061 1.06l1.224-1.224a4 4 0 0 0-5.656-5.656l-3 3a4 4 0 0 0 .225 5.865.75.75 0 0 0 .977-1.138 2.5 2.5 0 0 1-.142-3.667l3-3Z\"}),(0,e.jsx)(i.path,{d:\"M11.603 7.963a.75.75 0 0 0-.977 1.138 2.5 2.5 0 0 1 .142 3.667l-3 3a2.5 2.5 0 0 1-3.536-3.536l1.225-1.224a.75.75 0 0 0-1.061-1.06l-1.224 1.224a4 4 0 1 0 5.656 5.656l3-3a4 4 0 0 0-.225-5.865Z\"})]})})})}),\"External Resources\"]}),(0,e.jsx)(i.p,{children:\"Here are a few external resources that you might find helpful:\"}),(0,e.jsxs)(i.ol,{children:[(0,e.jsxs)(i.li,{children:[(0,e.jsx)(i.strong,{children:\"Leave No Trace Center for Outdoor Ethics:\"}),\" \",(0,e.jsx)(i.a,{href:\"https://lnt.org/\",children:\"https://lnt.org/\"}),\" - Learn about responsible outdoor practices.\"]}),(0,e.jsxs)(i.li,{children:[(0,e.jsx)(i.strong,{children:\"American Hiking Society:\"}),\" \",(0,e.jsx)(i.a,{href:\"https://americanhiking.org/\",children:\"https://americanhiking.org/\"}),\" - A great resource for hiking advocacy and trail information.\"]}),(0,e.jsxs)(i.li,{children:[(0,e.jsx)(i.strong,{children:\"REI Expert Advice:\"}),\" \",(0,e.jsx)(i.a,{href:\"https://www.rei.com/learn/expert-advice.html\",children:\"https://www.rei.com/learn/expert-advice.html\"}),\" - REI offers a wealth of articles and guides on hiking and outdoor gear.\"]})]}),(0,e.jsxs)(i.h2,{className:\"content-header\",id:\"conclusion-get-out-there-and-explore\",children:[(0,e.jsx)(i.a,{href:\"#conclusion-get-out-there-and-explore\",\"aria-hidden\":\"true\",tabIndex:\"-1\",children:(0,e.jsx)(e.Fragment,{children:(0,e.jsx)(i.span,{className:\"content-header-link\",children:(0,e.jsxs)(i.svg,{className:\"h-5 linkicon w-5\",fill:\"currentColor\",viewBox:\"0 0 20 20\",xmlns:\"http://www.w3.org/2000/svg\",children:[(0,e.jsx)(i.path,{d:\"M12.232 4.232a2.5 2.5 0 0 1 3.536 3.536l-1.225 1.224a.75.75 0 0 0 1.061 1.06l1.224-1.224a4 4 0 0 0-5.656-5.656l-3 3a4 4 0 0 0 .225 5.865.75.75 0 0 0 .977-1.138 2.5 2.5 0 0 1-.142-3.667l3-3Z\"}),(0,e.jsx)(i.path,{d:\"M11.603 7.963a.75.75 0 0 0-.977 1.138 2.5 2.5 0 0 1 .142 3.667l-3 3a2.5 2.5 0 0 1-3.536-3.536l1.225-1.224a.75.75 0 0 0-1.061-1.06l-1.224 1.224a4 4 0 1 0 5.656 5.656l3-3a4 4 0 0 0-.225-5.865Z\"})]})})})}),\"Conclusion: Get Out There and Explore!\"]}),(0,e.jsx)(i.p,{children:\"Finding the best hiking trails near you doesn't have to be a daunting task. By following these steps and utilizing the resources available, you can discover incredible hiking experiences that will enhance your physical and mental wellbeing. Whether you're a seasoned hiker or a beginner, there's a trail out there waiting for you. So, grab your boots, pack your bag, and get ready to explore the beauty of the great outdoors!\"}),(0,e.jsx)(i.p,{children:'Ready to start your hiking adventure? Download Dinamount today and discover personalized trail recommendations tailored to your preferences! Happy trails! \"'})]})}function c(n={}){let{wrapper:i}=n.components||{};return i?(0,e.jsx)(i,{...n,children:(0,e.jsx)(h,{...n})}):h(n)}return v(x);})();\n;return Component;"
    },
    "_id": "blog/how-to-find-the-best-hiking-trails-near-you-a-beginners-guide.mdx",
    "_raw": {
      "sourceFilePath": "blog/how-to-find-the-best-hiking-trails-near-you-a-beginners-guide.mdx",
      "sourceFileName": "how-to-find-the-best-hiking-trails-near-you-a-beginners-guide.mdx",
      "sourceFileDir": "blog",
      "contentType": "mdx",
      "flattenedPath": "blog/how-to-find-the-best-hiking-trails-near-you-a-beginners-guide"
    },
    "type": "Blog",
    "readingTime": {
      "text": "7 min read",
      "minutes": 6.995,
      "time": 419700,
      "words": 1399
    },
    "path": "blog/how-to-find-the-best-hiking-trails-near-you-a-beginners-guide",
    "filePath": "blog/how-to-find-the-best-hiking-trails-near-you-a-beginners-guide.mdx",
    "toc": [
      {
        "value": "How to Find the Best Hiking Trails Near You: A Beginner's Guide",
        "url": "#how-to-find-the-best-hiking-trails-near-you-a-beginners-guide",
        "depth": 1
      },
      {
        "value": "Why Hiking is Great for You",
        "url": "#why-hiking-is-great-for-you",
        "depth": 2
      },
      {
        "value": "Step 1: Define Your Hiking Preferences",
        "url": "#step-1-define-your-hiking-preferences",
        "depth": 2
      },
      {
        "value": "Step 2: Leverage Online Resources and Apps",
        "url": "#step-2-leverage-online-resources-and-apps",
        "depth": 2
      },
      {
        "value": "Step 3: Using AI-Powered Apps for Personalized Recommendations",
        "url": "#step-3-using-ai-powered-apps-for-personalized-recommendations",
        "depth": 2
      },
      {
        "value": "Step 4: Read Reviews and Check Trail Conditions",
        "url": "#step-4-read-reviews-and-check-trail-conditions",
        "depth": 2
      },
      {
        "value": "Step 5: Plan Your Hike and Pack Accordingly",
        "url": "#step-5-plan-your-hike-and-pack-accordingly",
        "depth": 2
      },
      {
        "value": "Step 6: Practice Trail Etiquette and Safety",
        "url": "#step-6-practice-trail-etiquette-and-safety",
        "depth": 2
      },
      {
        "value": "Internal Linking Opportunities",
        "url": "#internal-linking-opportunities",
        "depth": 2
      },
      {
        "value": "External Resources",
        "url": "#external-resources",
        "depth": 2
      },
      {
        "value": "Conclusion: Get Out There and Explore!",
        "url": "#conclusion-get-out-there-and-explore",
        "depth": 2
      }
    ],
    "structuredData": {
      "@context": "https://schema.org",
      "@type": "BlogPosting",
      "headline": "How to Find the Best Hiking Trails Near You: A Beginner's Guide",
      "datePublished": "2025-04-12T00:00:00.000Z",
      "dateModified": "2025-04-12T00:00:00.000Z",
      "description": "Learn the essential steps to discover nearby hiking trails, including leveraging AI-powered apps like Dinamount for personalized recommendations and real-time trail conditions.",
      "image": "/static/images/twitter-card.jpg",
      "url": "https://allset-template.vercel.app/blog/how-to-find-the-best-hiking-trails-near-you-a-beginners-guide"
    }
  },
  {
    "title": "How SEO Can Boost Your Business Sales",
    "date": "2024-01-15T00:00:00.000Z",
    "tags": [
      "seo",
      "business",
      "marketing",
      "digital-strategy"
    ],
    "draft": false,
    "slug": "seo-business-sales",
    "summary": "Discover how implementing effective SEO strategies can significantly increase your business visibility and drive more sales through organic traffic.",
    "authors": [
      "default"
    ],
    "body": {
      "raw": "\n# How SEO Can Boost Your Business Sales\n\nIn today's digital marketplace, visibility is everything. Search Engine Optimization (SEO) isn't just about ranking higher on Google—it's about connecting with potential customers at exactly the right moment they're looking for your products or services.\n\n## Why SEO Matters for Sales\n\nWhen your business appears at the top of search results, you're not just gaining visibility—you're gaining credibility. Studies show that 75% of users never scroll past the first page of search results, making top positions crucial for capturing potential customers.\n\n## Key SEO Strategies That Drive Sales\n\n### 1. Local SEO Optimization\n\nLocal searches with \"near me\" intent have grown by 900% in recent years. By optimizing for local search, businesses can capture customers ready to make immediate purchases in their area.\n\n### 2. Content That Converts\n\nCreating valuable content that addresses customer pain points doesn't just attract traffic—it builds trust. When potential customers find answers to their questions through your content, they're more likely to choose your business for their needs.\n\n### 3. Technical SEO Foundation\n\nA well-structured website that loads quickly and works seamlessly on mobile devices reduces bounce rates and increases the likelihood of converting visitors into customers.\n\n## Measuring SEO Success\n\nTrack these key metrics to measure your SEO's impact on sales:\n\n- Organic traffic growth\n- Conversion rates from organic searches\n- Local search visibility\n- Time spent on site\n- Pages per session\n\n## Long-term Benefits\n\nUnlike paid advertising, SEO provides sustainable, long-term results. While it requires initial investment and patience, the compound effect of good SEO practices creates a steady stream of qualified leads that can significantly boost your bottom line.\n\n## Taking Action\n\nStart by conducting a thorough SEO audit of your website. Identify quick wins and develop a strategic plan that aligns with your sales goals. Remember, SEO is not a one-time effort but a continuous process of optimization and improvement.\n\nBy implementing these SEO strategies, you're not just improving your search rankings—you're creating a powerful sales channel that works for your business 24/7.\n",
      "code": "var Component=(()=>{var u=Object.create;var s=Object.defineProperty;var m=Object.getOwnPropertyDescriptor;var p=Object.getOwnPropertyNames;var g=Object.getPrototypeOf,w=Object.prototype.hasOwnProperty;var f=(t,a)=>()=>(a||t((a={exports:{}}).exports,a),a.exports),v=(t,a)=>{for(var n in a)s(t,n,{get:a[n],enumerable:!0})},r=(t,a,n,l)=>{if(a&&typeof a==\"object\"||typeof a==\"function\")for(let i of p(a))!w.call(t,i)&&i!==n&&s(t,i,{get:()=>a[i],enumerable:!(l=m(a,i))||l.enumerable});return t};var y=(t,a,n)=>(n=t!=null?u(g(t)):{},r(a||!t||!t.__esModule?s(n,\"default\",{value:t,enumerable:!0}):n,t)),b=t=>r(s({},\"__esModule\",{value:!0}),t);var c=f((S,o)=>{o.exports=_jsx_runtime});var x={};v(x,{default:()=>d,frontmatter:()=>k});var e=y(c()),k={title:\"How SEO Can Boost Your Business Sales\",date:\"2024-01-15\",tags:[\"seo\",\"business\",\"marketing\",\"digital-strategy\"],draft:!1,summary:\"Discover how implementing effective SEO strategies can significantly increase your business visibility and drive more sales through organic traffic.\",authors:[\"default\"]};function h(t){let a={a:\"a\",h1:\"h1\",h2:\"h2\",h3:\"h3\",li:\"li\",p:\"p\",path:\"path\",span:\"span\",svg:\"svg\",ul:\"ul\",...t.components};return(0,e.jsxs)(e.Fragment,{children:[(0,e.jsxs)(a.h1,{className:\"content-header\",id:\"how-seo-can-boost-your-business-sales\",children:[(0,e.jsx)(a.a,{\"aria-hidden\":\"true\",href:\"#how-seo-can-boost-your-business-sales\",tabIndex:\"-1\",children:(0,e.jsx)(e.Fragment,{children:(0,e.jsx)(a.span,{className:\"content-header-link\",children:(0,e.jsxs)(a.svg,{className:\"h-5 linkicon w-5\",fill:\"currentColor\",viewBox:\"0 0 20 20\",xmlns:\"http://www.w3.org/2000/svg\",children:[(0,e.jsx)(a.path,{d:\"M12.232 4.232a2.5 2.5 0 0 1 3.536 3.536l-1.225 1.224a.75.75 0 0 0 1.061 1.06l1.224-1.224a4 4 0 0 0-5.656-5.656l-3 3a4 4 0 0 0 .225 5.865.75.75 0 0 0 .977-1.138 2.5 2.5 0 0 1-.142-3.667l3-3Z\"}),(0,e.jsx)(a.path,{d:\"M11.603 7.963a.75.75 0 0 0-.977 1.138 2.5 2.5 0 0 1 .142 3.667l-3 3a2.5 2.5 0 0 1-3.536-3.536l1.225-1.224a.75.75 0 0 0-1.061-1.06l-1.224 1.224a4 4 0 1 0 5.656 5.656l3-3a4 4 0 0 0-.225-5.865Z\"})]})})})}),\"How SEO Can Boost Your Business Sales\"]}),(0,e.jsx)(a.p,{children:\"In today's digital marketplace, visibility is everything. Search Engine Optimization (SEO) isn't just about ranking higher on Google\\u2014it's about connecting with potential customers at exactly the right moment they're looking for your products or services.\"}),(0,e.jsxs)(a.h2,{className:\"content-header\",id:\"why-seo-matters-for-sales\",children:[(0,e.jsx)(a.a,{\"aria-hidden\":\"true\",href:\"#why-seo-matters-for-sales\",tabIndex:\"-1\",children:(0,e.jsx)(e.Fragment,{children:(0,e.jsx)(a.span,{className:\"content-header-link\",children:(0,e.jsxs)(a.svg,{className:\"h-5 linkicon w-5\",fill:\"currentColor\",viewBox:\"0 0 20 20\",xmlns:\"http://www.w3.org/2000/svg\",children:[(0,e.jsx)(a.path,{d:\"M12.232 4.232a2.5 2.5 0 0 1 3.536 3.536l-1.225 1.224a.75.75 0 0 0 1.061 1.06l1.224-1.224a4 4 0 0 0-5.656-5.656l-3 3a4 4 0 0 0 .225 5.865.75.75 0 0 0 .977-1.138 2.5 2.5 0 0 1-.142-3.667l3-3Z\"}),(0,e.jsx)(a.path,{d:\"M11.603 7.963a.75.75 0 0 0-.977 1.138 2.5 2.5 0 0 1 .142 3.667l-3 3a2.5 2.5 0 0 1-3.536-3.536l1.225-1.224a.75.75 0 0 0-1.061-1.06l-1.224 1.224a4 4 0 1 0 5.656 5.656l3-3a4 4 0 0 0-.225-5.865Z\"})]})})})}),\"Why SEO Matters for Sales\"]}),(0,e.jsx)(a.p,{children:\"When your business appears at the top of search results, you're not just gaining visibility\\u2014you're gaining credibility. Studies show that 75% of users never scroll past the first page of search results, making top positions crucial for capturing potential customers.\"}),(0,e.jsxs)(a.h2,{className:\"content-header\",id:\"key-seo-strategies-that-drive-sales\",children:[(0,e.jsx)(a.a,{\"aria-hidden\":\"true\",href:\"#key-seo-strategies-that-drive-sales\",tabIndex:\"-1\",children:(0,e.jsx)(e.Fragment,{children:(0,e.jsx)(a.span,{className:\"content-header-link\",children:(0,e.jsxs)(a.svg,{className:\"h-5 linkicon w-5\",fill:\"currentColor\",viewBox:\"0 0 20 20\",xmlns:\"http://www.w3.org/2000/svg\",children:[(0,e.jsx)(a.path,{d:\"M12.232 4.232a2.5 2.5 0 0 1 3.536 3.536l-1.225 1.224a.75.75 0 0 0 1.061 1.06l1.224-1.224a4 4 0 0 0-5.656-5.656l-3 3a4 4 0 0 0 .225 5.865.75.75 0 0 0 .977-1.138 2.5 2.5 0 0 1-.142-3.667l3-3Z\"}),(0,e.jsx)(a.path,{d:\"M11.603 7.963a.75.75 0 0 0-.977 1.138 2.5 2.5 0 0 1 .142 3.667l-3 3a2.5 2.5 0 0 1-3.536-3.536l1.225-1.224a.75.75 0 0 0-1.061-1.06l-1.224 1.224a4 4 0 1 0 5.656 5.656l3-3a4 4 0 0 0-.225-5.865Z\"})]})})})}),\"Key SEO Strategies That Drive Sales\"]}),(0,e.jsxs)(a.h3,{className:\"content-header\",id:\"1-local-seo-optimization\",children:[(0,e.jsx)(a.a,{\"aria-hidden\":\"true\",href:\"#1-local-seo-optimization\",tabIndex:\"-1\",children:(0,e.jsx)(e.Fragment,{children:(0,e.jsx)(a.span,{className:\"content-header-link\",children:(0,e.jsxs)(a.svg,{className:\"h-5 linkicon w-5\",fill:\"currentColor\",viewBox:\"0 0 20 20\",xmlns:\"http://www.w3.org/2000/svg\",children:[(0,e.jsx)(a.path,{d:\"M12.232 4.232a2.5 2.5 0 0 1 3.536 3.536l-1.225 1.224a.75.75 0 0 0 1.061 1.06l1.224-1.224a4 4 0 0 0-5.656-5.656l-3 3a4 4 0 0 0 .225 5.865.75.75 0 0 0 .977-1.138 2.5 2.5 0 0 1-.142-3.667l3-3Z\"}),(0,e.jsx)(a.path,{d:\"M11.603 7.963a.75.75 0 0 0-.977 1.138 2.5 2.5 0 0 1 .142 3.667l-3 3a2.5 2.5 0 0 1-3.536-3.536l1.225-1.224a.75.75 0 0 0-1.061-1.06l-1.224 1.224a4 4 0 1 0 5.656 5.656l3-3a4 4 0 0 0-.225-5.865Z\"})]})})})}),\"1. Local SEO Optimization\"]}),(0,e.jsx)(a.p,{children:'Local searches with \"near me\" intent have grown by 900% in recent years. By optimizing for local search, businesses can capture customers ready to make immediate purchases in their area.'}),(0,e.jsxs)(a.h3,{className:\"content-header\",id:\"2-content-that-converts\",children:[(0,e.jsx)(a.a,{\"aria-hidden\":\"true\",href:\"#2-content-that-converts\",tabIndex:\"-1\",children:(0,e.jsx)(e.Fragment,{children:(0,e.jsx)(a.span,{className:\"content-header-link\",children:(0,e.jsxs)(a.svg,{className:\"h-5 linkicon w-5\",fill:\"currentColor\",viewBox:\"0 0 20 20\",xmlns:\"http://www.w3.org/2000/svg\",children:[(0,e.jsx)(a.path,{d:\"M12.232 4.232a2.5 2.5 0 0 1 3.536 3.536l-1.225 1.224a.75.75 0 0 0 1.061 1.06l1.224-1.224a4 4 0 0 0-5.656-5.656l-3 3a4 4 0 0 0 .225 5.865.75.75 0 0 0 .977-1.138 2.5 2.5 0 0 1-.142-3.667l3-3Z\"}),(0,e.jsx)(a.path,{d:\"M11.603 7.963a.75.75 0 0 0-.977 1.138 2.5 2.5 0 0 1 .142 3.667l-3 3a2.5 2.5 0 0 1-3.536-3.536l1.225-1.224a.75.75 0 0 0-1.061-1.06l-1.224 1.224a4 4 0 1 0 5.656 5.656l3-3a4 4 0 0 0-.225-5.865Z\"})]})})})}),\"2. Content That Converts\"]}),(0,e.jsx)(a.p,{children:\"Creating valuable content that addresses customer pain points doesn't just attract traffic\\u2014it builds trust. When potential customers find answers to their questions through your content, they're more likely to choose your business for their needs.\"}),(0,e.jsxs)(a.h3,{className:\"content-header\",id:\"3-technical-seo-foundation\",children:[(0,e.jsx)(a.a,{\"aria-hidden\":\"true\",href:\"#3-technical-seo-foundation\",tabIndex:\"-1\",children:(0,e.jsx)(e.Fragment,{children:(0,e.jsx)(a.span,{className:\"content-header-link\",children:(0,e.jsxs)(a.svg,{className:\"h-5 linkicon w-5\",fill:\"currentColor\",viewBox:\"0 0 20 20\",xmlns:\"http://www.w3.org/2000/svg\",children:[(0,e.jsx)(a.path,{d:\"M12.232 4.232a2.5 2.5 0 0 1 3.536 3.536l-1.225 1.224a.75.75 0 0 0 1.061 1.06l1.224-1.224a4 4 0 0 0-5.656-5.656l-3 3a4 4 0 0 0 .225 5.865.75.75 0 0 0 .977-1.138 2.5 2.5 0 0 1-.142-3.667l3-3Z\"}),(0,e.jsx)(a.path,{d:\"M11.603 7.963a.75.75 0 0 0-.977 1.138 2.5 2.5 0 0 1 .142 3.667l-3 3a2.5 2.5 0 0 1-3.536-3.536l1.225-1.224a.75.75 0 0 0-1.061-1.06l-1.224 1.224a4 4 0 1 0 5.656 5.656l3-3a4 4 0 0 0-.225-5.865Z\"})]})})})}),\"3. Technical SEO Foundation\"]}),(0,e.jsx)(a.p,{children:\"A well-structured website that loads quickly and works seamlessly on mobile devices reduces bounce rates and increases the likelihood of converting visitors into customers.\"}),(0,e.jsxs)(a.h2,{className:\"content-header\",id:\"measuring-seo-success\",children:[(0,e.jsx)(a.a,{\"aria-hidden\":\"true\",href:\"#measuring-seo-success\",tabIndex:\"-1\",children:(0,e.jsx)(e.Fragment,{children:(0,e.jsx)(a.span,{className:\"content-header-link\",children:(0,e.jsxs)(a.svg,{className:\"h-5 linkicon w-5\",fill:\"currentColor\",viewBox:\"0 0 20 20\",xmlns:\"http://www.w3.org/2000/svg\",children:[(0,e.jsx)(a.path,{d:\"M12.232 4.232a2.5 2.5 0 0 1 3.536 3.536l-1.225 1.224a.75.75 0 0 0 1.061 1.06l1.224-1.224a4 4 0 0 0-5.656-5.656l-3 3a4 4 0 0 0 .225 5.865.75.75 0 0 0 .977-1.138 2.5 2.5 0 0 1-.142-3.667l3-3Z\"}),(0,e.jsx)(a.path,{d:\"M11.603 7.963a.75.75 0 0 0-.977 1.138 2.5 2.5 0 0 1 .142 3.667l-3 3a2.5 2.5 0 0 1-3.536-3.536l1.225-1.224a.75.75 0 0 0-1.061-1.06l-1.224 1.224a4 4 0 1 0 5.656 5.656l3-3a4 4 0 0 0-.225-5.865Z\"})]})})})}),\"Measuring SEO Success\"]}),(0,e.jsx)(a.p,{children:\"Track these key metrics to measure your SEO's impact on sales:\"}),(0,e.jsxs)(a.ul,{children:[(0,e.jsx)(a.li,{children:\"Organic traffic growth\"}),(0,e.jsx)(a.li,{children:\"Conversion rates from organic searches\"}),(0,e.jsx)(a.li,{children:\"Local search visibility\"}),(0,e.jsx)(a.li,{children:\"Time spent on site\"}),(0,e.jsx)(a.li,{children:\"Pages per session\"})]}),(0,e.jsxs)(a.h2,{className:\"content-header\",id:\"long-term-benefits\",children:[(0,e.jsx)(a.a,{\"aria-hidden\":\"true\",href:\"#long-term-benefits\",tabIndex:\"-1\",children:(0,e.jsx)(e.Fragment,{children:(0,e.jsx)(a.span,{className:\"content-header-link\",children:(0,e.jsxs)(a.svg,{className:\"h-5 linkicon w-5\",fill:\"currentColor\",viewBox:\"0 0 20 20\",xmlns:\"http://www.w3.org/2000/svg\",children:[(0,e.jsx)(a.path,{d:\"M12.232 4.232a2.5 2.5 0 0 1 3.536 3.536l-1.225 1.224a.75.75 0 0 0 1.061 1.06l1.224-1.224a4 4 0 0 0-5.656-5.656l-3 3a4 4 0 0 0 .225 5.865.75.75 0 0 0 .977-1.138 2.5 2.5 0 0 1-.142-3.667l3-3Z\"}),(0,e.jsx)(a.path,{d:\"M11.603 7.963a.75.75 0 0 0-.977 1.138 2.5 2.5 0 0 1 .142 3.667l-3 3a2.5 2.5 0 0 1-3.536-3.536l1.225-1.224a.75.75 0 0 0-1.061-1.06l-1.224 1.224a4 4 0 1 0 5.656 5.656l3-3a4 4 0 0 0-.225-5.865Z\"})]})})})}),\"Long-term Benefits\"]}),(0,e.jsx)(a.p,{children:\"Unlike paid advertising, SEO provides sustainable, long-term results. While it requires initial investment and patience, the compound effect of good SEO practices creates a steady stream of qualified leads that can significantly boost your bottom line.\"}),(0,e.jsxs)(a.h2,{className:\"content-header\",id:\"taking-action\",children:[(0,e.jsx)(a.a,{\"aria-hidden\":\"true\",href:\"#taking-action\",tabIndex:\"-1\",children:(0,e.jsx)(e.Fragment,{children:(0,e.jsx)(a.span,{className:\"content-header-link\",children:(0,e.jsxs)(a.svg,{className:\"h-5 linkicon w-5\",fill:\"currentColor\",viewBox:\"0 0 20 20\",xmlns:\"http://www.w3.org/2000/svg\",children:[(0,e.jsx)(a.path,{d:\"M12.232 4.232a2.5 2.5 0 0 1 3.536 3.536l-1.225 1.224a.75.75 0 0 0 1.061 1.06l1.224-1.224a4 4 0 0 0-5.656-5.656l-3 3a4 4 0 0 0 .225 5.865.75.75 0 0 0 .977-1.138 2.5 2.5 0 0 1-.142-3.667l3-3Z\"}),(0,e.jsx)(a.path,{d:\"M11.603 7.963a.75.75 0 0 0-.977 1.138 2.5 2.5 0 0 1 .142 3.667l-3 3a2.5 2.5 0 0 1-3.536-3.536l1.225-1.224a.75.75 0 0 0-1.061-1.06l-1.224 1.224a4 4 0 1 0 5.656 5.656l3-3a4 4 0 0 0-.225-5.865Z\"})]})})})}),\"Taking Action\"]}),(0,e.jsx)(a.p,{children:\"Start by conducting a thorough SEO audit of your website. Identify quick wins and develop a strategic plan that aligns with your sales goals. Remember, SEO is not a one-time effort but a continuous process of optimization and improvement.\"}),(0,e.jsx)(a.p,{children:\"By implementing these SEO strategies, you're not just improving your search rankings\\u2014you're creating a powerful sales channel that works for your business 24/7.\"})]})}function d(t={}){let{wrapper:a}=t.components||{};return a?(0,e.jsx)(a,{...t,children:(0,e.jsx)(h,{...t})}):h(t)}return b(x);})();\n;return Component;"
    },
    "_id": "blog/seo-business-sales.mdx",
    "_raw": {
      "sourceFilePath": "blog/seo-business-sales.mdx",
      "sourceFileName": "seo-business-sales.mdx",
      "sourceFileDir": "blog",
      "contentType": "mdx",
      "flattenedPath": "blog/seo-business-sales"
    },
    "type": "Blog",
    "readingTime": {
      "text": "2 min read",
      "minutes": 1.71,
      "time": 102600,
      "words": 342
    },
    "path": "blog/seo-business-sales",
    "filePath": "blog/seo-business-sales.mdx",
    "toc": [
      {
        "value": "How SEO Can Boost Your Business Sales",
        "url": "#how-seo-can-boost-your-business-sales",
        "depth": 1
      },
      {
        "value": "Why SEO Matters for Sales",
        "url": "#why-seo-matters-for-sales",
        "depth": 2
      },
      {
        "value": "Key SEO Strategies That Drive Sales",
        "url": "#key-seo-strategies-that-drive-sales",
        "depth": 2
      },
      {
        "value": "1. Local SEO Optimization",
        "url": "#1-local-seo-optimization",
        "depth": 3
      },
      {
        "value": "2. Content That Converts",
        "url": "#2-content-that-converts",
        "depth": 3
      },
      {
        "value": "3. Technical SEO Foundation",
        "url": "#3-technical-seo-foundation",
        "depth": 3
      },
      {
        "value": "Measuring SEO Success",
        "url": "#measuring-seo-success",
        "depth": 2
      },
      {
        "value": "Long-term Benefits",
        "url": "#long-term-benefits",
        "depth": 2
      },
      {
        "value": "Taking Action",
        "url": "#taking-action",
        "depth": 2
      }
    ],
    "structuredData": {
      "@context": "https://schema.org",
      "@type": "BlogPosting",
      "headline": "How SEO Can Boost Your Business Sales",
      "datePublished": "2024-01-15T00:00:00.000Z",
      "dateModified": "2024-01-15T00:00:00.000Z",
      "description": "Discover how implementing effective SEO strategies can significantly increase your business visibility and drive more sales through organic traffic.",
      "image": "/static/images/twitter-card.jpg",
      "url": "https://allset-template.vercel.app/blog/seo-business-sales"
    }
  },
  {
    "title": "The Legend of Zelda: Breath of the Wild - A Revolution in Open-World Gaming",
    "date": "2024-01-20T00:00:00.000Z",
    "tags": [
      "gaming",
      "zelda",
      "nintendo",
      "open-world",
      "game-design"
    ],
    "draft": false,
    "slug": "zelda-botw",
    "summary": "An in-depth look at how The Legend of Zelda: Breath of the Wild redefined open-world gaming with its innovative approach to exploration and player freedom.",
    "images": [
      "/static/images/zelda-botw.jpg"
    ],
    "authors": [
      "default"
    ],
    "body": {
      "raw": "\n# The Legend of Zelda: Breath of the Wild - A Revolution in Open-World Gaming\n\nWhen Nintendo released The Legend of Zelda: Breath of the Wild in 2017, they didn't just launch another entry in their beloved franchise—they redefined what open-world games could be. This groundbreaking title introduced a level of freedom and emergent gameplay that has since influenced countless other games in the genre.\n\n## A True Open World\n\nUnlike traditional open-world games that gradually unlock areas through story progression, Breath of the Wild gives players complete freedom from the start. After a brief tutorial area, players can:\n\n- Head straight to the final boss (though it's incredibly challenging)\n- Explore any part of the vast kingdom of Hyrule\n- Tackle the four Divine Beasts in any order\n- Create their own path to becoming stronger\n\n## Innovation in Game Mechanics\n\n### Physics-Based Gameplay\n\nThe game's physics engine isn't just a technical showcase—it's a fundamental part of the gameplay:\n\n- Use temperature differences to create updrafts\n- Conduct electricity through metal objects\n- Roll boulders downhill to defeat enemies\n- Combine elements for creative solutions\n\n### The Chemistry Engine\n\nEvery element interacts naturally with others:\n\n- Fire spreads through dry grass\n- Metal conducts electricity\n- Ice melts in hot areas\n- Wood burns and floats on water\n\n## Freedom in Problem Solving\n\nWhat sets Breath of the Wild apart is its \"chemistry set\" approach to gameplay. Every puzzle has multiple solutions, limited only by the player's creativity. For example, to cross a gap, players might:\n\n1. Use the paraglider\n2. Build a bridge with metal objects\n3. Freeze water pillars to climb across\n4. Use Revali's Gale to create an updraft\n5. Set up a makeshift catapult with physics objects\n\n## Impact on Game Design\n\nThe game's influence can be seen in many subsequent open-world titles:\n\n- Emphasis on emergent gameplay\n- True freedom of exploration\n- Physics-based puzzle solving\n- Minimal hand-holding\n- Environmental storytelling\n\n## The Art of Discovery\n\nThe game's approach to exploration revolutionized how players interact with open worlds:\n\n- No traditional waypoints cluttering the map\n- Towers reveal topography, not points of interest\n- Players mark their own discoveries\n- Organic discovery through observation\n\n## Combat Innovation\n\nThe combat system breaks from traditional Zelda formulas:\n\n- Weapon durability system encourages experimentation\n- Environmental combat possibilities\n- Slow-motion arrow shooting while airborne\n- Creative use of the Sheikah Slate's abilities\n\n## Visual and Audio Design\n\nThe game's cel-shaded art style serves both aesthetic and practical purposes:\n\n- Timeless visual appeal\n- Clear visual language for gameplay elements\n- Distinct art direction that stands out from realistic open-world games\n- Minimalist but effective soundtrack that enhances exploration\n\n## Conclusion\n\nBreath of the Wild's greatest achievement isn't just in its massive world or innovative mechanics—it's in how it trusts players to forge their own path. It created a new standard for open-world game design, where the joy of discovery and experimentation takes precedence over traditional gaming conventions.\n\nThe game proves that true innovation in the gaming industry doesn't come from bigger maps or more detailed graphics, but from fundamentally rethinking how players interact with virtual worlds. As we look to the future of gaming, Breath of the Wild stands as a testament to the power of player freedom and creative game design.\n\n## Looking Forward\n\nWith the release of Tears of the Kingdom, Nintendo has built upon these foundations, showing that this wasn't just a one-time innovation but the beginning of a new era in game design. The influence of Breath of the Wild will likely be felt in the gaming industry for years to come.\n\n---\n\n_This article is part of our series on revolutionary games that changed their genres. Check out our other articles on influential titles that shaped gaming history._\n",
      "code": "var Component=(()=>{var m=Object.create;var t=Object.defineProperty;var p=Object.getOwnPropertyDescriptor;var g=Object.getOwnPropertyNames;var u=Object.getPrototypeOf,w=Object.prototype.hasOwnProperty;var f=(n,a)=>()=>(a||n((a={exports:{}}).exports,a),a.exports),v=(n,a)=>{for(var l in a)t(n,l,{get:a[l],enumerable:!0})},o=(n,a,l,r)=>{if(a&&typeof a==\"object\"||typeof a==\"function\")for(let i of g(a))!w.call(n,i)&&i!==l&&t(n,i,{get:()=>a[i],enumerable:!(r=p(a,i))||r.enumerable});return n};var y=(n,a,l)=>(l=n!=null?m(u(n)):{},o(a||!n||!n.__esModule?t(l,\"default\",{value:n,enumerable:!0}):l,n)),b=n=>o(t({},\"__esModule\",{value:!0}),n);var s=f((M,h)=>{h.exports=_jsx_runtime});var k={};v(k,{default:()=>c,frontmatter:()=>x});var e=y(s()),x={title:\"The Legend of Zelda: Breath of the Wild - A Revolution in Open-World Gaming\",date:\"2024-01-20\",tags:[\"gaming\",\"zelda\",\"nintendo\",\"open-world\",\"game-design\"],draft:!1,summary:\"An in-depth look at how The Legend of Zelda: Breath of the Wild redefined open-world gaming with its innovative approach to exploration and player freedom.\",authors:[\"default\"],images:[\"/static/images/zelda-botw.jpg\"]};function d(n){let a={a:\"a\",em:\"em\",h1:\"h1\",h2:\"h2\",h3:\"h3\",hr:\"hr\",li:\"li\",ol:\"ol\",p:\"p\",path:\"path\",span:\"span\",svg:\"svg\",ul:\"ul\",...n.components};return(0,e.jsxs)(e.Fragment,{children:[(0,e.jsxs)(a.h1,{className:\"content-header\",id:\"the-legend-of-zelda-breath-of-the-wild---a-revolution-in-open-world-gaming\",children:[(0,e.jsx)(a.a,{\"aria-hidden\":\"true\",href:\"#the-legend-of-zelda-breath-of-the-wild---a-revolution-in-open-world-gaming\",tabIndex:\"-1\",children:(0,e.jsx)(e.Fragment,{children:(0,e.jsx)(a.span,{className:\"content-header-link\",children:(0,e.jsxs)(a.svg,{className:\"h-5 linkicon w-5\",fill:\"currentColor\",viewBox:\"0 0 20 20\",xmlns:\"http://www.w3.org/2000/svg\",children:[(0,e.jsx)(a.path,{d:\"M12.232 4.232a2.5 2.5 0 0 1 3.536 3.536l-1.225 1.224a.75.75 0 0 0 1.061 1.06l1.224-1.224a4 4 0 0 0-5.656-5.656l-3 3a4 4 0 0 0 .225 5.865.75.75 0 0 0 .977-1.138 2.5 2.5 0 0 1-.142-3.667l3-3Z\"}),(0,e.jsx)(a.path,{d:\"M11.603 7.963a.75.75 0 0 0-.977 1.138 2.5 2.5 0 0 1 .142 3.667l-3 3a2.5 2.5 0 0 1-3.536-3.536l1.225-1.224a.75.75 0 0 0-1.061-1.06l-1.224 1.224a4 4 0 1 0 5.656 5.656l3-3a4 4 0 0 0-.225-5.865Z\"})]})})})}),\"The Legend of Zelda: Breath of the Wild - A Revolution in Open-World Gaming\"]}),(0,e.jsx)(a.p,{children:\"When Nintendo released The Legend of Zelda: Breath of the Wild in 2017, they didn't just launch another entry in their beloved franchise\\u2014they redefined what open-world games could be. This groundbreaking title introduced a level of freedom and emergent gameplay that has since influenced countless other games in the genre.\"}),(0,e.jsxs)(a.h2,{className:\"content-header\",id:\"a-true-open-world\",children:[(0,e.jsx)(a.a,{\"aria-hidden\":\"true\",href:\"#a-true-open-world\",tabIndex:\"-1\",children:(0,e.jsx)(e.Fragment,{children:(0,e.jsx)(a.span,{className:\"content-header-link\",children:(0,e.jsxs)(a.svg,{className:\"h-5 linkicon w-5\",fill:\"currentColor\",viewBox:\"0 0 20 20\",xmlns:\"http://www.w3.org/2000/svg\",children:[(0,e.jsx)(a.path,{d:\"M12.232 4.232a2.5 2.5 0 0 1 3.536 3.536l-1.225 1.224a.75.75 0 0 0 1.061 1.06l1.224-1.224a4 4 0 0 0-5.656-5.656l-3 3a4 4 0 0 0 .225 5.865.75.75 0 0 0 .977-1.138 2.5 2.5 0 0 1-.142-3.667l3-3Z\"}),(0,e.jsx)(a.path,{d:\"M11.603 7.963a.75.75 0 0 0-.977 1.138 2.5 2.5 0 0 1 .142 3.667l-3 3a2.5 2.5 0 0 1-3.536-3.536l1.225-1.224a.75.75 0 0 0-1.061-1.06l-1.224 1.224a4 4 0 1 0 5.656 5.656l3-3a4 4 0 0 0-.225-5.865Z\"})]})})})}),\"A True Open World\"]}),(0,e.jsx)(a.p,{children:\"Unlike traditional open-world games that gradually unlock areas through story progression, Breath of the Wild gives players complete freedom from the start. After a brief tutorial area, players can:\"}),(0,e.jsxs)(a.ul,{children:[(0,e.jsx)(a.li,{children:\"Head straight to the final boss (though it's incredibly challenging)\"}),(0,e.jsx)(a.li,{children:\"Explore any part of the vast kingdom of Hyrule\"}),(0,e.jsx)(a.li,{children:\"Tackle the four Divine Beasts in any order\"}),(0,e.jsx)(a.li,{children:\"Create their own path to becoming stronger\"})]}),(0,e.jsxs)(a.h2,{className:\"content-header\",id:\"innovation-in-game-mechanics\",children:[(0,e.jsx)(a.a,{\"aria-hidden\":\"true\",href:\"#innovation-in-game-mechanics\",tabIndex:\"-1\",children:(0,e.jsx)(e.Fragment,{children:(0,e.jsx)(a.span,{className:\"content-header-link\",children:(0,e.jsxs)(a.svg,{className:\"h-5 linkicon w-5\",fill:\"currentColor\",viewBox:\"0 0 20 20\",xmlns:\"http://www.w3.org/2000/svg\",children:[(0,e.jsx)(a.path,{d:\"M12.232 4.232a2.5 2.5 0 0 1 3.536 3.536l-1.225 1.224a.75.75 0 0 0 1.061 1.06l1.224-1.224a4 4 0 0 0-5.656-5.656l-3 3a4 4 0 0 0 .225 5.865.75.75 0 0 0 .977-1.138 2.5 2.5 0 0 1-.142-3.667l3-3Z\"}),(0,e.jsx)(a.path,{d:\"M11.603 7.963a.75.75 0 0 0-.977 1.138 2.5 2.5 0 0 1 .142 3.667l-3 3a2.5 2.5 0 0 1-3.536-3.536l1.225-1.224a.75.75 0 0 0-1.061-1.06l-1.224 1.224a4 4 0 1 0 5.656 5.656l3-3a4 4 0 0 0-.225-5.865Z\"})]})})})}),\"Innovation in Game Mechanics\"]}),(0,e.jsxs)(a.h3,{className:\"content-header\",id:\"physics-based-gameplay\",children:[(0,e.jsx)(a.a,{\"aria-hidden\":\"true\",href:\"#physics-based-gameplay\",tabIndex:\"-1\",children:(0,e.jsx)(e.Fragment,{children:(0,e.jsx)(a.span,{className:\"content-header-link\",children:(0,e.jsxs)(a.svg,{className:\"h-5 linkicon w-5\",fill:\"currentColor\",viewBox:\"0 0 20 20\",xmlns:\"http://www.w3.org/2000/svg\",children:[(0,e.jsx)(a.path,{d:\"M12.232 4.232a2.5 2.5 0 0 1 3.536 3.536l-1.225 1.224a.75.75 0 0 0 1.061 1.06l1.224-1.224a4 4 0 0 0-5.656-5.656l-3 3a4 4 0 0 0 .225 5.865.75.75 0 0 0 .977-1.138 2.5 2.5 0 0 1-.142-3.667l3-3Z\"}),(0,e.jsx)(a.path,{d:\"M11.603 7.963a.75.75 0 0 0-.977 1.138 2.5 2.5 0 0 1 .142 3.667l-3 3a2.5 2.5 0 0 1-3.536-3.536l1.225-1.224a.75.75 0 0 0-1.061-1.06l-1.224 1.224a4 4 0 1 0 5.656 5.656l3-3a4 4 0 0 0-.225-5.865Z\"})]})})})}),\"Physics-Based Gameplay\"]}),(0,e.jsx)(a.p,{children:\"The game's physics engine isn't just a technical showcase\\u2014it's a fundamental part of the gameplay:\"}),(0,e.jsxs)(a.ul,{children:[(0,e.jsx)(a.li,{children:\"Use temperature differences to create updrafts\"}),(0,e.jsx)(a.li,{children:\"Conduct electricity through metal objects\"}),(0,e.jsx)(a.li,{children:\"Roll boulders downhill to defeat enemies\"}),(0,e.jsx)(a.li,{children:\"Combine elements for creative solutions\"})]}),(0,e.jsxs)(a.h3,{className:\"content-header\",id:\"the-chemistry-engine\",children:[(0,e.jsx)(a.a,{\"aria-hidden\":\"true\",href:\"#the-chemistry-engine\",tabIndex:\"-1\",children:(0,e.jsx)(e.Fragment,{children:(0,e.jsx)(a.span,{className:\"content-header-link\",children:(0,e.jsxs)(a.svg,{className:\"h-5 linkicon w-5\",fill:\"currentColor\",viewBox:\"0 0 20 20\",xmlns:\"http://www.w3.org/2000/svg\",children:[(0,e.jsx)(a.path,{d:\"M12.232 4.232a2.5 2.5 0 0 1 3.536 3.536l-1.225 1.224a.75.75 0 0 0 1.061 1.06l1.224-1.224a4 4 0 0 0-5.656-5.656l-3 3a4 4 0 0 0 .225 5.865.75.75 0 0 0 .977-1.138 2.5 2.5 0 0 1-.142-3.667l3-3Z\"}),(0,e.jsx)(a.path,{d:\"M11.603 7.963a.75.75 0 0 0-.977 1.138 2.5 2.5 0 0 1 .142 3.667l-3 3a2.5 2.5 0 0 1-3.536-3.536l1.225-1.224a.75.75 0 0 0-1.061-1.06l-1.224 1.224a4 4 0 1 0 5.656 5.656l3-3a4 4 0 0 0-.225-5.865Z\"})]})})})}),\"The Chemistry Engine\"]}),(0,e.jsx)(a.p,{children:\"Every element interacts naturally with others:\"}),(0,e.jsxs)(a.ul,{children:[(0,e.jsx)(a.li,{children:\"Fire spreads through dry grass\"}),(0,e.jsx)(a.li,{children:\"Metal conducts electricity\"}),(0,e.jsx)(a.li,{children:\"Ice melts in hot areas\"}),(0,e.jsx)(a.li,{children:\"Wood burns and floats on water\"})]}),(0,e.jsxs)(a.h2,{className:\"content-header\",id:\"freedom-in-problem-solving\",children:[(0,e.jsx)(a.a,{\"aria-hidden\":\"true\",href:\"#freedom-in-problem-solving\",tabIndex:\"-1\",children:(0,e.jsx)(e.Fragment,{children:(0,e.jsx)(a.span,{className:\"content-header-link\",children:(0,e.jsxs)(a.svg,{className:\"h-5 linkicon w-5\",fill:\"currentColor\",viewBox:\"0 0 20 20\",xmlns:\"http://www.w3.org/2000/svg\",children:[(0,e.jsx)(a.path,{d:\"M12.232 4.232a2.5 2.5 0 0 1 3.536 3.536l-1.225 1.224a.75.75 0 0 0 1.061 1.06l1.224-1.224a4 4 0 0 0-5.656-5.656l-3 3a4 4 0 0 0 .225 5.865.75.75 0 0 0 .977-1.138 2.5 2.5 0 0 1-.142-3.667l3-3Z\"}),(0,e.jsx)(a.path,{d:\"M11.603 7.963a.75.75 0 0 0-.977 1.138 2.5 2.5 0 0 1 .142 3.667l-3 3a2.5 2.5 0 0 1-3.536-3.536l1.225-1.224a.75.75 0 0 0-1.061-1.06l-1.224 1.224a4 4 0 1 0 5.656 5.656l3-3a4 4 0 0 0-.225-5.865Z\"})]})})})}),\"Freedom in Problem Solving\"]}),(0,e.jsx)(a.p,{children:`What sets Breath of the Wild apart is its \"chemistry set\" approach to gameplay. Every puzzle has multiple solutions, limited only by the player's creativity. For example, to cross a gap, players might:`}),(0,e.jsxs)(a.ol,{children:[(0,e.jsx)(a.li,{children:\"Use the paraglider\"}),(0,e.jsx)(a.li,{children:\"Build a bridge with metal objects\"}),(0,e.jsx)(a.li,{children:\"Freeze water pillars to climb across\"}),(0,e.jsx)(a.li,{children:\"Use Revali's Gale to create an updraft\"}),(0,e.jsx)(a.li,{children:\"Set up a makeshift catapult with physics objects\"})]}),(0,e.jsxs)(a.h2,{className:\"content-header\",id:\"impact-on-game-design\",children:[(0,e.jsx)(a.a,{\"aria-hidden\":\"true\",href:\"#impact-on-game-design\",tabIndex:\"-1\",children:(0,e.jsx)(e.Fragment,{children:(0,e.jsx)(a.span,{className:\"content-header-link\",children:(0,e.jsxs)(a.svg,{className:\"h-5 linkicon w-5\",fill:\"currentColor\",viewBox:\"0 0 20 20\",xmlns:\"http://www.w3.org/2000/svg\",children:[(0,e.jsx)(a.path,{d:\"M12.232 4.232a2.5 2.5 0 0 1 3.536 3.536l-1.225 1.224a.75.75 0 0 0 1.061 1.06l1.224-1.224a4 4 0 0 0-5.656-5.656l-3 3a4 4 0 0 0 .225 5.865.75.75 0 0 0 .977-1.138 2.5 2.5 0 0 1-.142-3.667l3-3Z\"}),(0,e.jsx)(a.path,{d:\"M11.603 7.963a.75.75 0 0 0-.977 1.138 2.5 2.5 0 0 1 .142 3.667l-3 3a2.5 2.5 0 0 1-3.536-3.536l1.225-1.224a.75.75 0 0 0-1.061-1.06l-1.224 1.224a4 4 0 1 0 5.656 5.656l3-3a4 4 0 0 0-.225-5.865Z\"})]})})})}),\"Impact on Game Design\"]}),(0,e.jsx)(a.p,{children:\"The game's influence can be seen in many subsequent open-world titles:\"}),(0,e.jsxs)(a.ul,{children:[(0,e.jsx)(a.li,{children:\"Emphasis on emergent gameplay\"}),(0,e.jsx)(a.li,{children:\"True freedom of exploration\"}),(0,e.jsx)(a.li,{children:\"Physics-based puzzle solving\"}),(0,e.jsx)(a.li,{children:\"Minimal hand-holding\"}),(0,e.jsx)(a.li,{children:\"Environmental storytelling\"})]}),(0,e.jsxs)(a.h2,{className:\"content-header\",id:\"the-art-of-discovery\",children:[(0,e.jsx)(a.a,{\"aria-hidden\":\"true\",href:\"#the-art-of-discovery\",tabIndex:\"-1\",children:(0,e.jsx)(e.Fragment,{children:(0,e.jsx)(a.span,{className:\"content-header-link\",children:(0,e.jsxs)(a.svg,{className:\"h-5 linkicon w-5\",fill:\"currentColor\",viewBox:\"0 0 20 20\",xmlns:\"http://www.w3.org/2000/svg\",children:[(0,e.jsx)(a.path,{d:\"M12.232 4.232a2.5 2.5 0 0 1 3.536 3.536l-1.225 1.224a.75.75 0 0 0 1.061 1.06l1.224-1.224a4 4 0 0 0-5.656-5.656l-3 3a4 4 0 0 0 .225 5.865.75.75 0 0 0 .977-1.138 2.5 2.5 0 0 1-.142-3.667l3-3Z\"}),(0,e.jsx)(a.path,{d:\"M11.603 7.963a.75.75 0 0 0-.977 1.138 2.5 2.5 0 0 1 .142 3.667l-3 3a2.5 2.5 0 0 1-3.536-3.536l1.225-1.224a.75.75 0 0 0-1.061-1.06l-1.224 1.224a4 4 0 1 0 5.656 5.656l3-3a4 4 0 0 0-.225-5.865Z\"})]})})})}),\"The Art of Discovery\"]}),(0,e.jsx)(a.p,{children:\"The game's approach to exploration revolutionized how players interact with open worlds:\"}),(0,e.jsxs)(a.ul,{children:[(0,e.jsx)(a.li,{children:\"No traditional waypoints cluttering the map\"}),(0,e.jsx)(a.li,{children:\"Towers reveal topography, not points of interest\"}),(0,e.jsx)(a.li,{children:\"Players mark their own discoveries\"}),(0,e.jsx)(a.li,{children:\"Organic discovery through observation\"})]}),(0,e.jsxs)(a.h2,{className:\"content-header\",id:\"combat-innovation\",children:[(0,e.jsx)(a.a,{\"aria-hidden\":\"true\",href:\"#combat-innovation\",tabIndex:\"-1\",children:(0,e.jsx)(e.Fragment,{children:(0,e.jsx)(a.span,{className:\"content-header-link\",children:(0,e.jsxs)(a.svg,{className:\"h-5 linkicon w-5\",fill:\"currentColor\",viewBox:\"0 0 20 20\",xmlns:\"http://www.w3.org/2000/svg\",children:[(0,e.jsx)(a.path,{d:\"M12.232 4.232a2.5 2.5 0 0 1 3.536 3.536l-1.225 1.224a.75.75 0 0 0 1.061 1.06l1.224-1.224a4 4 0 0 0-5.656-5.656l-3 3a4 4 0 0 0 .225 5.865.75.75 0 0 0 .977-1.138 2.5 2.5 0 0 1-.142-3.667l3-3Z\"}),(0,e.jsx)(a.path,{d:\"M11.603 7.963a.75.75 0 0 0-.977 1.138 2.5 2.5 0 0 1 .142 3.667l-3 3a2.5 2.5 0 0 1-3.536-3.536l1.225-1.224a.75.75 0 0 0-1.061-1.06l-1.224 1.224a4 4 0 1 0 5.656 5.656l3-3a4 4 0 0 0-.225-5.865Z\"})]})})})}),\"Combat Innovation\"]}),(0,e.jsx)(a.p,{children:\"The combat system breaks from traditional Zelda formulas:\"}),(0,e.jsxs)(a.ul,{children:[(0,e.jsx)(a.li,{children:\"Weapon durability system encourages experimentation\"}),(0,e.jsx)(a.li,{children:\"Environmental combat possibilities\"}),(0,e.jsx)(a.li,{children:\"Slow-motion arrow shooting while airborne\"}),(0,e.jsx)(a.li,{children:\"Creative use of the Sheikah Slate's abilities\"})]}),(0,e.jsxs)(a.h2,{className:\"content-header\",id:\"visual-and-audio-design\",children:[(0,e.jsx)(a.a,{\"aria-hidden\":\"true\",href:\"#visual-and-audio-design\",tabIndex:\"-1\",children:(0,e.jsx)(e.Fragment,{children:(0,e.jsx)(a.span,{className:\"content-header-link\",children:(0,e.jsxs)(a.svg,{className:\"h-5 linkicon w-5\",fill:\"currentColor\",viewBox:\"0 0 20 20\",xmlns:\"http://www.w3.org/2000/svg\",children:[(0,e.jsx)(a.path,{d:\"M12.232 4.232a2.5 2.5 0 0 1 3.536 3.536l-1.225 1.224a.75.75 0 0 0 1.061 1.06l1.224-1.224a4 4 0 0 0-5.656-5.656l-3 3a4 4 0 0 0 .225 5.865.75.75 0 0 0 .977-1.138 2.5 2.5 0 0 1-.142-3.667l3-3Z\"}),(0,e.jsx)(a.path,{d:\"M11.603 7.963a.75.75 0 0 0-.977 1.138 2.5 2.5 0 0 1 .142 3.667l-3 3a2.5 2.5 0 0 1-3.536-3.536l1.225-1.224a.75.75 0 0 0-1.061-1.06l-1.224 1.224a4 4 0 1 0 5.656 5.656l3-3a4 4 0 0 0-.225-5.865Z\"})]})})})}),\"Visual and Audio Design\"]}),(0,e.jsx)(a.p,{children:\"The game's cel-shaded art style serves both aesthetic and practical purposes:\"}),(0,e.jsxs)(a.ul,{children:[(0,e.jsx)(a.li,{children:\"Timeless visual appeal\"}),(0,e.jsx)(a.li,{children:\"Clear visual language for gameplay elements\"}),(0,e.jsx)(a.li,{children:\"Distinct art direction that stands out from realistic open-world games\"}),(0,e.jsx)(a.li,{children:\"Minimalist but effective soundtrack that enhances exploration\"})]}),(0,e.jsxs)(a.h2,{className:\"content-header\",id:\"conclusion\",children:[(0,e.jsx)(a.a,{\"aria-hidden\":\"true\",href:\"#conclusion\",tabIndex:\"-1\",children:(0,e.jsx)(e.Fragment,{children:(0,e.jsx)(a.span,{className:\"content-header-link\",children:(0,e.jsxs)(a.svg,{className:\"h-5 linkicon w-5\",fill:\"currentColor\",viewBox:\"0 0 20 20\",xmlns:\"http://www.w3.org/2000/svg\",children:[(0,e.jsx)(a.path,{d:\"M12.232 4.232a2.5 2.5 0 0 1 3.536 3.536l-1.225 1.224a.75.75 0 0 0 1.061 1.06l1.224-1.224a4 4 0 0 0-5.656-5.656l-3 3a4 4 0 0 0 .225 5.865.75.75 0 0 0 .977-1.138 2.5 2.5 0 0 1-.142-3.667l3-3Z\"}),(0,e.jsx)(a.path,{d:\"M11.603 7.963a.75.75 0 0 0-.977 1.138 2.5 2.5 0 0 1 .142 3.667l-3 3a2.5 2.5 0 0 1-3.536-3.536l1.225-1.224a.75.75 0 0 0-1.061-1.06l-1.224 1.224a4 4 0 1 0 5.656 5.656l3-3a4 4 0 0 0-.225-5.865Z\"})]})})})}),\"Conclusion\"]}),(0,e.jsx)(a.p,{children:\"Breath of the Wild's greatest achievement isn't just in its massive world or innovative mechanics\\u2014it's in how it trusts players to forge their own path. It created a new standard for open-world game design, where the joy of discovery and experimentation takes precedence over traditional gaming conventions.\"}),(0,e.jsx)(a.p,{children:\"The game proves that true innovation in the gaming industry doesn't come from bigger maps or more detailed graphics, but from fundamentally rethinking how players interact with virtual worlds. As we look to the future of gaming, Breath of the Wild stands as a testament to the power of player freedom and creative game design.\"}),(0,e.jsxs)(a.h2,{className:\"content-header\",id:\"looking-forward\",children:[(0,e.jsx)(a.a,{\"aria-hidden\":\"true\",href:\"#looking-forward\",tabIndex:\"-1\",children:(0,e.jsx)(e.Fragment,{children:(0,e.jsx)(a.span,{className:\"content-header-link\",children:(0,e.jsxs)(a.svg,{className:\"h-5 linkicon w-5\",fill:\"currentColor\",viewBox:\"0 0 20 20\",xmlns:\"http://www.w3.org/2000/svg\",children:[(0,e.jsx)(a.path,{d:\"M12.232 4.232a2.5 2.5 0 0 1 3.536 3.536l-1.225 1.224a.75.75 0 0 0 1.061 1.06l1.224-1.224a4 4 0 0 0-5.656-5.656l-3 3a4 4 0 0 0 .225 5.865.75.75 0 0 0 .977-1.138 2.5 2.5 0 0 1-.142-3.667l3-3Z\"}),(0,e.jsx)(a.path,{d:\"M11.603 7.963a.75.75 0 0 0-.977 1.138 2.5 2.5 0 0 1 .142 3.667l-3 3a2.5 2.5 0 0 1-3.536-3.536l1.225-1.224a.75.75 0 0 0-1.061-1.06l-1.224 1.224a4 4 0 1 0 5.656 5.656l3-3a4 4 0 0 0-.225-5.865Z\"})]})})})}),\"Looking Forward\"]}),(0,e.jsx)(a.p,{children:\"With the release of Tears of the Kingdom, Nintendo has built upon these foundations, showing that this wasn't just a one-time innovation but the beginning of a new era in game design. The influence of Breath of the Wild will likely be felt in the gaming industry for years to come.\"}),(0,e.jsx)(a.hr,{}),(0,e.jsx)(a.p,{children:(0,e.jsx)(a.em,{children:\"This article is part of our series on revolutionary games that changed their genres. Check out our other articles on influential titles that shaped gaming history.\"})})]})}function c(n={}){let{wrapper:a}=n.components||{};return a?(0,e.jsx)(a,{...n,children:(0,e.jsx)(d,{...n})}):d(n)}return b(k);})();\n;return Component;"
    },
    "_id": "blog/zelda-botw.mdx",
    "_raw": {
      "sourceFilePath": "blog/zelda-botw.mdx",
      "sourceFileName": "zelda-botw.mdx",
      "sourceFileDir": "blog",
      "contentType": "mdx",
      "flattenedPath": "blog/zelda-botw"
    },
    "type": "Blog",
    "readingTime": {
      "text": "4 min read",
      "minutes": 3.185,
      "time": 191100,
      "words": 637
    },
    "path": "blog/zelda-botw",
    "filePath": "blog/zelda-botw.mdx",
    "toc": [
      {
        "value": "The Legend of Zelda: Breath of the Wild - A Revolution in Open-World Gaming",
        "url": "#the-legend-of-zelda-breath-of-the-wild---a-revolution-in-open-world-gaming",
        "depth": 1
      },
      {
        "value": "A True Open World",
        "url": "#a-true-open-world",
        "depth": 2
      },
      {
        "value": "Innovation in Game Mechanics",
        "url": "#innovation-in-game-mechanics",
        "depth": 2
      },
      {
        "value": "Physics-Based Gameplay",
        "url": "#physics-based-gameplay",
        "depth": 3
      },
      {
        "value": "The Chemistry Engine",
        "url": "#the-chemistry-engine",
        "depth": 3
      },
      {
        "value": "Freedom in Problem Solving",
        "url": "#freedom-in-problem-solving",
        "depth": 2
      },
      {
        "value": "Impact on Game Design",
        "url": "#impact-on-game-design",
        "depth": 2
      },
      {
        "value": "The Art of Discovery",
        "url": "#the-art-of-discovery",
        "depth": 2
      },
      {
        "value": "Combat Innovation",
        "url": "#combat-innovation",
        "depth": 2
      },
      {
        "value": "Visual and Audio Design",
        "url": "#visual-and-audio-design",
        "depth": 2
      },
      {
        "value": "Conclusion",
        "url": "#conclusion",
        "depth": 2
      },
      {
        "value": "Looking Forward",
        "url": "#looking-forward",
        "depth": 2
      }
    ],
    "structuredData": {
      "@context": "https://schema.org",
      "@type": "BlogPosting",
      "headline": "The Legend of Zelda: Breath of the Wild - A Revolution in Open-World Gaming",
      "datePublished": "2024-01-20T00:00:00.000Z",
      "dateModified": "2024-01-20T00:00:00.000Z",
      "description": "An in-depth look at how The Legend of Zelda: Breath of the Wild redefined open-world gaming with its innovative approach to exploration and player freedom.",
      "image": "/static/images/zelda-botw.jpg",
      "url": "https://allset-template.vercel.app/blog/zelda-botw"
    }
  }
]