{
  "title": "Release of Tailwind Nextjs Starter Blog v2.0",
  "date": "2023-08-05T00:00:00.000Z",
  "tags": [
    "next-js",
    "tailwind",
    "guide",
    "feature"
  ],
  "lastmod": "2023-08-05T00:00:00.000Z",
  "draft": false,
  "summary": "Release of Tailwind Nextjs Starter Blog template v2.0, refactored with Nextjs App directory and React Server Components setup.Discover the new features and how to migrate from V1.",
  "images": [
    "/static/images/twitter-card.png"
  ],
  "body": {
    "raw": "\n## Introduction\n\nWelcome to the release of Tailwind Nextjs Starter Blog template v2.0. This release is a major refactor of the codebase to support Nextjs App directory and React Server Components. Read on to discover the new features and how to migrate from V1.\n\n<TOCInline toc={props.toc} exclude=\"Introduction\" />\n\n## V1 to V2\n\n![Github Traffic](/static/images/github-traffic.png)\n\nThe template was first released in January 2021 and has since been used by thousands of users. It is featured on [Next.js Templates](https://vercel.com/templates/next.js/tailwind-css-starter-blog), [Tailwind Awesome](https://www.tailwindawesome.com/resources/tailwind-nextjs-starter-blog) among other listing sites. It attracts 200+ unique visitors daily notching 1500-2000 page views, with 1.3k forks and many other clones.\n\nMany thanks to the community of users and contributors for making this template a success! I created a small video montage of the blogs (while cleaning up the list in the readme) to showcase the diversity of the blogs created using the template and to celebrate the milestone:\n\n<video controls>\n  <source\n    src=\"https://github-production-user-asset-6210df.s3.amazonaws.com/28362229/258559849-2124c81f-b99d-4431-839c-347e01a2616c.webm\"\n    type=\"video/webm\"\n  />\n</video>\n\nVersion 2 builds on the success of the previous version and introduces many new features and improvements. The codebase has been refactored to support Next.js App directory and React Server Components. Markdown / MDX is now processed using Contentlayer, a type-safe content SDK that validates and transforms your content into type-safe JSON data. It integrates with Pliny, a new library that provides out of the box Next.js components to enhance your static site with analytics, comments and newsletter subscription. A new command palette (⌘-k) search component is also added to the template.\n\nLet's dive into the new features and improvements in V2.\n\n## Next.js App Directory and React Server Components\n\nNow that [Next.js App router](https://nextjs.org/docs/app) is finally stable and is mostly feature compatible with Page Router, the codebase has been migrated to new setup. This allows for a hybrid rendering approach, with the use of React Server Components generated on the server side for faster page loads and smaller bundle sizes, while retaining the ability to sprinkle in client side React components for interactivity.[^1]\n\nWith addition powers comes a [new paradigm](https://nextjs.org/docs/getting-started/react-essentials) to learn. I have migrated the codebase to make use of the new features as much as possible. This includes changes in the folder structure, splitting components into server vs client components, leveraging server side data fetching and using the recommended [Metadata](https://nextjs.org/docs/app/building-your-application/optimizing/metadata) API for SEO discoverability.\n\nWhile this simplifies the codebase to some extent, it makes migration from the old codebase more difficult. If you are looking to migrate, I recommend starting from a fresh template and copying over your customizations and existing content. See the [migration recommendations](#migration-recommendations) section for more details.\n\n## Typescript First\n\nThe codebase has been migrated to Typescript. While the previous version of the template was available in both Javascript and Typescript, I decided to reduce the maintenance burden and focus on Typescript. This also allows for better type checking and code completion in IDEs.\n\nTypescript is also a perfect match with our new type-safe markdown processor - Contentlayer.\n\n## Contentlayer\n\n[Contentlayer](https://www.contentlayer.dev/) is a content SDK that validates and transforms your content into type-safe JSON data that you can easily import into your application. It makes working with local markdown or MDX files a breeze. This replaces `MDX-bundler` and our own markdown processing workflow.\n\nFirst, a content source is defined, specifying the name of the document type, the source where it is located along with the frontmatter fields and any additional computed fields that should be generated as part of the process.\n\n```ts:contentlayer.config.ts\nexport const Blog = defineDocumentType(() => ({\n  name: 'Blog',\n  filePathPattern: 'blog/**/*.mdx',\n  contentType: 'mdx',\n  fields: {\n    title: { type: 'string', required: true },\n    date: { type: 'date', required: true },\n    tags: { type: 'list', of: { type: 'string' }, default: [] },\n    ...\n  },\n  computedFields: {\n    readingTime: { type: 'json', resolve: (doc) => readingTime(doc.body.raw) },\n    slug: {\n      type: 'string',\n      resolve: (doc) => doc._raw.flattenedPath.replace(/^.+?(\\/)/, ''),\n    }\n    ...\n  },\n}))\n```\n\nContentlayer then processes the MDX files with our desired markdown remark or rehype plugins, validates the schema, generate type definitions and output json files that can be easily imported in our pages. Hot reloading comes out of the box, so edits to the markdown files will be reflected in the browser immediately!\n\n## Pliny\n\nA large reason for the popularity of the template was its customizability and integration with other services from analytics providers to commenting solutions. However, this means that a lot of boilerplate code has to be co-located within the template even if the user does not use the feature. Updates and bug fixes had to be copied manually to the user's codebase.\n\nTo solve this, I have abstracted the logic to a separate repository - [Pliny](https://github.com/timlrx/pliny). Pliny provides out of the box Next.js components to enhance static sites:\n\n- Analytics\n  - Google Analytics\n  - Plausible Analytics\n  - Simple Analytics\n  - Umami Analytics\n  - Posthog\n- Comments\n  - Disqus\n  - Giscus\n  - Utterances\n- Newsletter (uses Next 13 API Routes)\n  - Buttondown\n  - Convertkit\n  - Email Octopus\n  - Klaviyo\n  - Mailchimp\n  - Revue\n- Command palette search with tailwind style sheet\n  - Algolia\n  - Kbar (local search)\n- UI utility components\n  - Bleed\n  - Newsletter / Blog Newsletter\n  - Pre / Code block\n  - Table of Contents\n\nChoose your preferred service by modifying `siteMetadata.js` and changing the appropriate fields. For example to change from Umami Analytics to Plausible, we can change the following fields:\n\n```diff-js:siteMetadata.js\nanalytics: {\n-   umamiAnalytics: {\n-     // We use an env variable for this site to avoid other users cloning our analytics ID\n-     umamiWebsiteId: process.env.NEXT_UMAMI_ID, // e.g. 123e4567-e89b-12d3-a456-426614174000\n-   },\n+    plausibleAnalytics: {\n+      plausibleDataDomain: '', // e.g. tailwind-nextjs-starter-blog.vercel.app\n+    },\n},\n```\n\nChanges in the configuration file gets propagated to the components automatically. No modification to the template is required.\n\nUnder the hood, Pliny exports high level components such as `<Analytics analyticsConfig={analyticsConfig}/>` and `<Comments commentsConfig={commentsConfig}/>` which takes in a configuration object and renders the appropriate component. Since the layouts are defined on the server side, Next.js is able to use the configuration object to determine which component to render and send only the required component bundle to the client.\n\n## New Search Component\n\nWhat's a blog in 2023 without a command palette search bar?\n\nOne of the most highly requested features have been added 🎉! The search component supports 2 search providers - Algolia and Kbar local search.\n\n### Algolia\n\n[Algolia Docsearch](https://docsearch.algolia.com/) is popular free service used across many documentation websites. It automatically scrapes the website that has is submitted for indexing and makes the search result available via a beautiful dialog modal. The pliny component is greatly inspired by the Docusaurus implementation and comes with a stylesheet that is compatible with the Tailwind CSS theme.\n\n### Kbar\n\n[Kbar](https://github.com/timc1/kbar) is a fast, portable, and extensible cmd+k interface. The pliny implementation uses kbar to create a local search dialog box. The component loads a JSON file, default `search.json`, that was created in the contentlayer build process. Try pressing ⌘-k or ctrl-k to see the search bar in action!\n\n## Styling and Layout Updates\n\n### Theming\n\n`tailwind.config.js` has been updated to use tailwind typography defaults where possible and to use the built-in support for dark mode via the `prose-invert` class. This replaces the previous `prose-dark` class and configuration.\n\nThe primary theme color is updated from `teal` to `pink` and the primary gray theme from `neutral` to `gray`.\n\nInter is now replaced with Space Grotesk as the default font.\n\n### New Layouts\n\nLayout components available in the `layouts` directory, provide a simple way to customize the look and feel of the blog.[^2]\n\nThe downside of building a popular template is that you start seeing multiple similar sites everywhere 😆. While users are encouraged to customized the layouts to their liking, having more layout options that are easily switchable promotes diversity and perhaps can be a good starting point for further customizations.\n\nIn v2, I added a new post layout - `PostBanner`. It features a large banner image and a centered content container. Check out \"[Pictures of Canada](/blog/pictures-of-canada)\" blog post which has been updated to use the new layout.\n\nThe default blog listing layout has also been updated to include a side bar with blog tags. The search bar in the previous layout has been replace with the new command palette search. To switch back to the old layout, simply change the pages that use the `ListLayoutWithTags` component back to the original `ListLayout`.\n\n## Migration Recommendations\n\nDue to the large changes in directory structure, setup and tooling, I recommend starting from a fresh template and copying existing content, followed by incrementally migrating changes over to the new template.\n\nStyling changes should be relatively minor and can be copied over from the old `tailwind.config.js` to the new one. If copying over, you might need to add back the `prose-dark` class to components that opt into tailwind typography styling. Do modify the font import in the root layout component to use the desired font of choice.\n\nChanges to the MDX processing pipeline and schema can be easily ported to the new Contentlayer setup. If there are changes to the frontmatter fields, you can modify the document type in `contentlayer.config.ts` to include the new fields. Custom plugins can be added to the `remarkPlugins` and `rehypePlugins` properties in the `makeSource` export of `contentlayer.config.ts`.\n\nMarkdown layouts are no longer sourced automatically from the `layouts` directory. Instead, they have to be specified in the `layouts` object defined in `blog/[...slug]/page.tsx`.[^3]\n\nTo port over larger components or pages, I recommend first specificing it as a client component by using the `\"use client\"` directive. Once it renders correctly, you can split the interactive components (parts that rely on `use` hooks) as a client component and keep the remaining code as a server component. Consult the comprehensive Next.js [migration guide](https://nextjs.org/docs/app/building-your-application/upgrading/app-router-migration#migrating-from-pages-to-app) for more details.\n\n## Conclusion\n\nI hope you enjoy the new features and improvements in V2. If you have any feedback or suggestions, feel free to open an issue or reach out to me on [Twitter](https://twitter.com/timlrx).\n\n## Support\n\nUsing the template? Support this effort by giving a star on GitHub, sharing your own blog and giving a shoutout on Twitter or be a project [sponsor](https://github.com/sponsors/timlrx).\n\n## Licence\n\n[MIT](https://github.com/timlrx/tailwind-nextjs-starter-blog/blob/main/LICENSE) © [Timothy Lin](https://www.timrlx.com)\n\n[^1]: The previous version injects Preact into the production build. However, this is no longer possible as it does not support React Server Components. While overall bundle size has increased to about 85kB, most of the content can be pre-rendered on the server side, resulting in a low first contentful paint and time to interactive. Using React throughtout also leads to more consistent behavior with external libraries and components.\n\n[^2]: This is different from Next.js App Directory layouts and are best thought of as reusable React containers.\n\n[^3]: This takes advantage of Server Components by making it simple to specify the layout of choice in the markdown file and match against the `layouts` object which is then used to render the appropriate layout component.\n",
    "code": "var Component=(()=>{var m=Object.create;var o=Object.defineProperty;var u=Object.getOwnPropertyDescriptor;var g=Object.getOwnPropertyNames;var f=Object.getPrototypeOf,N=Object.prototype.hasOwnProperty;var k=(a,n)=>()=>(n||a((n={exports:{}}).exports,n),n.exports),w=(a,n)=>{for(var t in n)o(a,t,{get:n[t],enumerable:!0})},l=(a,n,t,s)=>{if(n&&typeof n==\"object\"||typeof n==\"function\")for(let i of g(n))!N.call(a,i)&&i!==t&&o(a,i,{get:()=>n[i],enumerable:!(s=u(n,i))||s.enumerable});return a};var y=(a,n,t)=>(t=a!=null?m(f(a)):{},l(n||!a||!a.__esModule?o(t,\"default\",{value:a,enumerable:!0}):t,a)),b=a=>l(o({},\"__esModule\",{value:!0}),a);var c=k((I,r)=>{r.exports=_jsx_runtime});var x={};w(x,{default:()=>p,frontmatter:()=>v});var e=y(c()),v={title:\"Release of Tailwind Nextjs Starter Blog v2.0\",date:\"2023-08-05\",lastmod:\"2023-08-05\",tags:[\"next-js\",\"tailwind\",\"guide\",\"feature\"],draft:!1,summary:\"Release of Tailwind Nextjs Starter Blog template v2.0, refactored with Nextjs App directory and React Server Components setup.Discover the new features and how to migrate from V1.\",images:[\"/static/images/twitter-card.png\"]};function d(a){let n={a:\"a\",code:\"code\",div:\"div\",h2:\"h2\",h3:\"h3\",li:\"li\",ol:\"ol\",p:\"p\",path:\"path\",pre:\"pre\",section:\"section\",span:\"span\",sup:\"sup\",svg:\"svg\",ul:\"ul\",...a.components},{Image:t,TOCInline:s}=n;return t||h(\"Image\",!0),s||h(\"TOCInline\",!0),(0,e.jsxs)(e.Fragment,{children:[(0,e.jsxs)(n.h2,{className:\"content-header\",id:\"introduction\",children:[(0,e.jsx)(n.a,{href:\"#introduction\",\"aria-hidden\":\"true\",tabIndex:\"-1\",children:(0,e.jsx)(e.Fragment,{children:(0,e.jsx)(n.span,{className:\"content-header-link\",children:(0,e.jsxs)(n.svg,{className:\"h-5 linkicon w-5\",fill:\"currentColor\",viewBox:\"0 0 20 20\",xmlns:\"http://www.w3.org/2000/svg\",children:[(0,e.jsx)(n.path,{d:\"M12.232 4.232a2.5 2.5 0 0 1 3.536 3.536l-1.225 1.224a.75.75 0 0 0 1.061 1.06l1.224-1.224a4 4 0 0 0-5.656-5.656l-3 3a4 4 0 0 0 .225 5.865.75.75 0 0 0 .977-1.138 2.5 2.5 0 0 1-.142-3.667l3-3Z\"}),(0,e.jsx)(n.path,{d:\"M11.603 7.963a.75.75 0 0 0-.977 1.138 2.5 2.5 0 0 1 .142 3.667l-3 3a2.5 2.5 0 0 1-3.536-3.536l1.225-1.224a.75.75 0 0 0-1.061-1.06l-1.224 1.224a4 4 0 1 0 5.656 5.656l3-3a4 4 0 0 0-.225-5.865Z\"})]})})})}),\"Introduction\"]}),(0,e.jsx)(n.p,{children:\"Welcome to the release of Tailwind Nextjs Starter Blog template v2.0. This release is a major refactor of the codebase to support Nextjs App directory and React Server Components. Read on to discover the new features and how to migrate from V1.\"}),(0,e.jsx)(s,{toc:a.toc,exclude:\"Introduction\"}),(0,e.jsxs)(n.h2,{className:\"content-header\",id:\"v1-to-v2\",children:[(0,e.jsx)(n.a,{href:\"#v1-to-v2\",\"aria-hidden\":\"true\",tabIndex:\"-1\",children:(0,e.jsx)(e.Fragment,{children:(0,e.jsx)(n.span,{className:\"content-header-link\",children:(0,e.jsxs)(n.svg,{className:\"h-5 linkicon w-5\",fill:\"currentColor\",viewBox:\"0 0 20 20\",xmlns:\"http://www.w3.org/2000/svg\",children:[(0,e.jsx)(n.path,{d:\"M12.232 4.232a2.5 2.5 0 0 1 3.536 3.536l-1.225 1.224a.75.75 0 0 0 1.061 1.06l1.224-1.224a4 4 0 0 0-5.656-5.656l-3 3a4 4 0 0 0 .225 5.865.75.75 0 0 0 .977-1.138 2.5 2.5 0 0 1-.142-3.667l3-3Z\"}),(0,e.jsx)(n.path,{d:\"M11.603 7.963a.75.75 0 0 0-.977 1.138 2.5 2.5 0 0 1 .142 3.667l-3 3a2.5 2.5 0 0 1-3.536-3.536l1.225-1.224a.75.75 0 0 0-1.061-1.06l-1.224 1.224a4 4 0 1 0 5.656 5.656l3-3a4 4 0 0 0-.225-5.865Z\"})]})})})}),\"V1 to V2\"]}),(0,e.jsx)(n.div,{children:(0,e.jsx)(t,{alt:\"Github Traffic\",src:\"/static/images/github-traffic.png\",width:\"920\",height:\"420\"})}),(0,e.jsxs)(n.p,{children:[\"The template was first released in January 2021 and has since been used by thousands of users. It is featured on \",(0,e.jsx)(n.a,{href:\"https://vercel.com/templates/next.js/tailwind-css-starter-blog\",children:\"Next.js Templates\"}),\", \",(0,e.jsx)(n.a,{href:\"https://www.tailwindawesome.com/resources/tailwind-nextjs-starter-blog\",children:\"Tailwind Awesome\"}),\" among other listing sites. It attracts 200+ unique visitors daily notching 1500-2000 page views, with 1.3k forks and many other clones.\"]}),(0,e.jsx)(n.p,{children:\"Many thanks to the community of users and contributors for making this template a success! I created a small video montage of the blogs (while cleaning up the list in the readme) to showcase the diversity of the blogs created using the template and to celebrate the milestone:\"}),(0,e.jsx)(\"video\",{controls:!0,children:(0,e.jsx)(\"source\",{src:\"https://github-production-user-asset-6210df.s3.amazonaws.com/28362229/258559849-2124c81f-b99d-4431-839c-347e01a2616c.webm\",type:\"video/webm\"})}),(0,e.jsx)(n.p,{children:\"Version 2 builds on the success of the previous version and introduces many new features and improvements. The codebase has been refactored to support Next.js App directory and React Server Components. Markdown / MDX is now processed using Contentlayer, a type-safe content SDK that validates and transforms your content into type-safe JSON data. It integrates with Pliny, a new library that provides out of the box Next.js components to enhance your static site with analytics, comments and newsletter subscription. A new command palette (\\u2318-k) search component is also added to the template.\"}),(0,e.jsx)(n.p,{children:\"Let's dive into the new features and improvements in V2.\"}),(0,e.jsxs)(n.h2,{className:\"content-header\",id:\"nextjs-app-directory-and-react-server-components\",children:[(0,e.jsx)(n.a,{href:\"#nextjs-app-directory-and-react-server-components\",\"aria-hidden\":\"true\",tabIndex:\"-1\",children:(0,e.jsx)(e.Fragment,{children:(0,e.jsx)(n.span,{className:\"content-header-link\",children:(0,e.jsxs)(n.svg,{className:\"h-5 linkicon w-5\",fill:\"currentColor\",viewBox:\"0 0 20 20\",xmlns:\"http://www.w3.org/2000/svg\",children:[(0,e.jsx)(n.path,{d:\"M12.232 4.232a2.5 2.5 0 0 1 3.536 3.536l-1.225 1.224a.75.75 0 0 0 1.061 1.06l1.224-1.224a4 4 0 0 0-5.656-5.656l-3 3a4 4 0 0 0 .225 5.865.75.75 0 0 0 .977-1.138 2.5 2.5 0 0 1-.142-3.667l3-3Z\"}),(0,e.jsx)(n.path,{d:\"M11.603 7.963a.75.75 0 0 0-.977 1.138 2.5 2.5 0 0 1 .142 3.667l-3 3a2.5 2.5 0 0 1-3.536-3.536l1.225-1.224a.75.75 0 0 0-1.061-1.06l-1.224 1.224a4 4 0 1 0 5.656 5.656l3-3a4 4 0 0 0-.225-5.865Z\"})]})})})}),\"Next.js App Directory and React Server Components\"]}),(0,e.jsxs)(n.p,{children:[\"Now that \",(0,e.jsx)(n.a,{href:\"https://nextjs.org/docs/app\",children:\"Next.js App router\"}),\" is finally stable and is mostly feature compatible with Page Router, the codebase has been migrated to new setup. This allows for a hybrid rendering approach, with the use of React Server Components generated on the server side for faster page loads and smaller bundle sizes, while retaining the ability to sprinkle in client side React components for interactivity.\",(0,e.jsx)(n.sup,{children:(0,e.jsx)(n.a,{href:\"#user-content-fn-1\",\"aria-describedby\":\"footnote-label\",\"data-footnote-ref\":!0,id:\"user-content-fnref-1\",children:\"1\"})})]}),(0,e.jsxs)(n.p,{children:[\"With addition powers comes a \",(0,e.jsx)(n.a,{href:\"https://nextjs.org/docs/getting-started/react-essentials\",children:\"new paradigm\"}),\" to learn. I have migrated the codebase to make use of the new features as much as possible. This includes changes in the folder structure, splitting components into server vs client components, leveraging server side data fetching and using the recommended \",(0,e.jsx)(n.a,{href:\"https://nextjs.org/docs/app/building-your-application/optimizing/metadata\",children:\"Metadata\"}),\" API for SEO discoverability.\"]}),(0,e.jsxs)(n.p,{children:[\"While this simplifies the codebase to some extent, it makes migration from the old codebase more difficult. If you are looking to migrate, I recommend starting from a fresh template and copying over your customizations and existing content. See the \",(0,e.jsx)(n.a,{href:\"#migration-recommendations\",children:\"migration recommendations\"}),\" section for more details.\"]}),(0,e.jsxs)(n.h2,{className:\"content-header\",id:\"typescript-first\",children:[(0,e.jsx)(n.a,{href:\"#typescript-first\",\"aria-hidden\":\"true\",tabIndex:\"-1\",children:(0,e.jsx)(e.Fragment,{children:(0,e.jsx)(n.span,{className:\"content-header-link\",children:(0,e.jsxs)(n.svg,{className:\"h-5 linkicon w-5\",fill:\"currentColor\",viewBox:\"0 0 20 20\",xmlns:\"http://www.w3.org/2000/svg\",children:[(0,e.jsx)(n.path,{d:\"M12.232 4.232a2.5 2.5 0 0 1 3.536 3.536l-1.225 1.224a.75.75 0 0 0 1.061 1.06l1.224-1.224a4 4 0 0 0-5.656-5.656l-3 3a4 4 0 0 0 .225 5.865.75.75 0 0 0 .977-1.138 2.5 2.5 0 0 1-.142-3.667l3-3Z\"}),(0,e.jsx)(n.path,{d:\"M11.603 7.963a.75.75 0 0 0-.977 1.138 2.5 2.5 0 0 1 .142 3.667l-3 3a2.5 2.5 0 0 1-3.536-3.536l1.225-1.224a.75.75 0 0 0-1.061-1.06l-1.224 1.224a4 4 0 1 0 5.656 5.656l3-3a4 4 0 0 0-.225-5.865Z\"})]})})})}),\"Typescript First\"]}),(0,e.jsx)(n.p,{children:\"The codebase has been migrated to Typescript. While the previous version of the template was available in both Javascript and Typescript, I decided to reduce the maintenance burden and focus on Typescript. This also allows for better type checking and code completion in IDEs.\"}),(0,e.jsx)(n.p,{children:\"Typescript is also a perfect match with our new type-safe markdown processor - Contentlayer.\"}),(0,e.jsxs)(n.h2,{className:\"content-header\",id:\"contentlayer\",children:[(0,e.jsx)(n.a,{href:\"#contentlayer\",\"aria-hidden\":\"true\",tabIndex:\"-1\",children:(0,e.jsx)(e.Fragment,{children:(0,e.jsx)(n.span,{className:\"content-header-link\",children:(0,e.jsxs)(n.svg,{className:\"h-5 linkicon w-5\",fill:\"currentColor\",viewBox:\"0 0 20 20\",xmlns:\"http://www.w3.org/2000/svg\",children:[(0,e.jsx)(n.path,{d:\"M12.232 4.232a2.5 2.5 0 0 1 3.536 3.536l-1.225 1.224a.75.75 0 0 0 1.061 1.06l1.224-1.224a4 4 0 0 0-5.656-5.656l-3 3a4 4 0 0 0 .225 5.865.75.75 0 0 0 .977-1.138 2.5 2.5 0 0 1-.142-3.667l3-3Z\"}),(0,e.jsx)(n.path,{d:\"M11.603 7.963a.75.75 0 0 0-.977 1.138 2.5 2.5 0 0 1 .142 3.667l-3 3a2.5 2.5 0 0 1-3.536-3.536l1.225-1.224a.75.75 0 0 0-1.061-1.06l-1.224 1.224a4 4 0 1 0 5.656 5.656l3-3a4 4 0 0 0-.225-5.865Z\"})]})})})}),\"Contentlayer\"]}),(0,e.jsxs)(n.p,{children:[(0,e.jsx)(n.a,{href:\"https://www.contentlayer.dev/\",children:\"Contentlayer\"}),\" is a content SDK that validates and transforms your content into type-safe JSON data that you can easily import into your application. It makes working with local markdown or MDX files a breeze. This replaces \",(0,e.jsx)(n.code,{children:\"MDX-bundler\"}),\" and our own markdown processing workflow.\"]}),(0,e.jsx)(n.p,{children:\"First, a content source is defined, specifying the name of the document type, the source where it is located along with the frontmatter fields and any additional computed fields that should be generated as part of the process.\"}),(0,e.jsx)(n.div,{className:\"remark-code-title\",children:\"contentlayer.config.ts\"}),(0,e.jsx)(n.pre,{className:\"language-ts\",children:(0,e.jsxs)(n.code,{className:\"code-highlight language-ts\",children:[(0,e.jsxs)(n.span,{className:\"code-line\",children:[(0,e.jsx)(n.span,{className:\"token keyword\",children:\"export\"}),\" \",(0,e.jsx)(n.span,{className:\"token keyword\",children:\"const\"}),\" Blog \",(0,e.jsx)(n.span,{className:\"token operator\",children:\"=\"}),\" \",(0,e.jsx)(n.span,{className:\"token function\",children:\"defineDocumentType\"}),(0,e.jsx)(n.span,{className:\"token punctuation\",children:\"(\"}),(0,e.jsx)(n.span,{className:\"token punctuation\",children:\"(\"}),(0,e.jsx)(n.span,{className:\"token punctuation\",children:\")\"}),\" \",(0,e.jsx)(n.span,{className:\"token operator\",children:\"=>\"}),\" \",(0,e.jsx)(n.span,{className:\"token punctuation\",children:\"(\"}),(0,e.jsx)(n.span,{className:\"token punctuation\",children:\"{\"}),`\n`]}),(0,e.jsxs)(n.span,{className:\"code-line\",children:[\"  name\",(0,e.jsx)(n.span,{className:\"token operator\",children:\":\"}),\" \",(0,e.jsx)(n.span,{className:\"token string\",children:\"'Blog'\"}),(0,e.jsx)(n.span,{className:\"token punctuation\",children:\",\"}),`\n`]}),(0,e.jsxs)(n.span,{className:\"code-line\",children:[\"  filePathPattern\",(0,e.jsx)(n.span,{className:\"token operator\",children:\":\"}),\" \",(0,e.jsx)(n.span,{className:\"token string\",children:\"'blog/**/*.mdx'\"}),(0,e.jsx)(n.span,{className:\"token punctuation\",children:\",\"}),`\n`]}),(0,e.jsxs)(n.span,{className:\"code-line\",children:[\"  contentType\",(0,e.jsx)(n.span,{className:\"token operator\",children:\":\"}),\" \",(0,e.jsx)(n.span,{className:\"token string\",children:\"'mdx'\"}),(0,e.jsx)(n.span,{className:\"token punctuation\",children:\",\"}),`\n`]}),(0,e.jsxs)(n.span,{className:\"code-line\",children:[\"  fields\",(0,e.jsx)(n.span,{className:\"token operator\",children:\":\"}),\" \",(0,e.jsx)(n.span,{className:\"token punctuation\",children:\"{\"}),`\n`]}),(0,e.jsxs)(n.span,{className:\"code-line\",children:[\"    title\",(0,e.jsx)(n.span,{className:\"token operator\",children:\":\"}),\" \",(0,e.jsx)(n.span,{className:\"token punctuation\",children:\"{\"}),\" type\",(0,e.jsx)(n.span,{className:\"token operator\",children:\":\"}),\" \",(0,e.jsx)(n.span,{className:\"token string\",children:\"'string'\"}),(0,e.jsx)(n.span,{className:\"token punctuation\",children:\",\"}),\" required\",(0,e.jsx)(n.span,{className:\"token operator\",children:\":\"}),\" \",(0,e.jsx)(n.span,{className:\"token boolean\",children:\"true\"}),\" \",(0,e.jsx)(n.span,{className:\"token punctuation\",children:\"}\"}),(0,e.jsx)(n.span,{className:\"token punctuation\",children:\",\"}),`\n`]}),(0,e.jsxs)(n.span,{className:\"code-line\",children:[\"    date\",(0,e.jsx)(n.span,{className:\"token operator\",children:\":\"}),\" \",(0,e.jsx)(n.span,{className:\"token punctuation\",children:\"{\"}),\" type\",(0,e.jsx)(n.span,{className:\"token operator\",children:\":\"}),\" \",(0,e.jsx)(n.span,{className:\"token string\",children:\"'date'\"}),(0,e.jsx)(n.span,{className:\"token punctuation\",children:\",\"}),\" required\",(0,e.jsx)(n.span,{className:\"token operator\",children:\":\"}),\" \",(0,e.jsx)(n.span,{className:\"token boolean\",children:\"true\"}),\" \",(0,e.jsx)(n.span,{className:\"token punctuation\",children:\"}\"}),(0,e.jsx)(n.span,{className:\"token punctuation\",children:\",\"}),`\n`]}),(0,e.jsxs)(n.span,{className:\"code-line\",children:[\"    tags\",(0,e.jsx)(n.span,{className:\"token operator\",children:\":\"}),\" \",(0,e.jsx)(n.span,{className:\"token punctuation\",children:\"{\"}),\" type\",(0,e.jsx)(n.span,{className:\"token operator\",children:\":\"}),\" \",(0,e.jsx)(n.span,{className:\"token string\",children:\"'list'\"}),(0,e.jsx)(n.span,{className:\"token punctuation\",children:\",\"}),\" \",(0,e.jsx)(n.span,{className:\"token keyword\",children:\"of\"}),(0,e.jsx)(n.span,{className:\"token operator\",children:\":\"}),\" \",(0,e.jsx)(n.span,{className:\"token punctuation\",children:\"{\"}),\" type\",(0,e.jsx)(n.span,{className:\"token operator\",children:\":\"}),\" \",(0,e.jsx)(n.span,{className:\"token string\",children:\"'string'\"}),\" \",(0,e.jsx)(n.span,{className:\"token punctuation\",children:\"}\"}),(0,e.jsx)(n.span,{className:\"token punctuation\",children:\",\"}),\" \",(0,e.jsx)(n.span,{className:\"token keyword\",children:\"default\"}),(0,e.jsx)(n.span,{className:\"token operator\",children:\":\"}),\" \",(0,e.jsx)(n.span,{className:\"token punctuation\",children:\"[\"}),(0,e.jsx)(n.span,{className:\"token punctuation\",children:\"]\"}),\" \",(0,e.jsx)(n.span,{className:\"token punctuation\",children:\"}\"}),(0,e.jsx)(n.span,{className:\"token punctuation\",children:\",\"}),`\n`]}),(0,e.jsxs)(n.span,{className:\"code-line\",children:[\"    \",(0,e.jsx)(n.span,{className:\"token operator\",children:\"...\"}),`\n`]}),(0,e.jsxs)(n.span,{className:\"code-line\",children:[\"  \",(0,e.jsx)(n.span,{className:\"token punctuation\",children:\"}\"}),(0,e.jsx)(n.span,{className:\"token punctuation\",children:\",\"}),`\n`]}),(0,e.jsxs)(n.span,{className:\"code-line\",children:[\"  computedFields\",(0,e.jsx)(n.span,{className:\"token operator\",children:\":\"}),\" \",(0,e.jsx)(n.span,{className:\"token punctuation\",children:\"{\"}),`\n`]}),(0,e.jsxs)(n.span,{className:\"code-line\",children:[\"    readingTime\",(0,e.jsx)(n.span,{className:\"token operator\",children:\":\"}),\" \",(0,e.jsx)(n.span,{className:\"token punctuation\",children:\"{\"}),\" type\",(0,e.jsx)(n.span,{className:\"token operator\",children:\":\"}),\" \",(0,e.jsx)(n.span,{className:\"token string\",children:\"'json'\"}),(0,e.jsx)(n.span,{className:\"token punctuation\",children:\",\"}),\" \",(0,e.jsx)(n.span,{className:\"token function function-variable\",children:\"resolve\"}),(0,e.jsx)(n.span,{className:\"token operator\",children:\":\"}),\" \",(0,e.jsx)(n.span,{className:\"token punctuation\",children:\"(\"}),\"doc\",(0,e.jsx)(n.span,{className:\"token punctuation\",children:\")\"}),\" \",(0,e.jsx)(n.span,{className:\"token operator\",children:\"=>\"}),\" \",(0,e.jsx)(n.span,{className:\"token function\",children:\"readingTime\"}),(0,e.jsx)(n.span,{className:\"token punctuation\",children:\"(\"}),\"doc\",(0,e.jsx)(n.span,{className:\"token punctuation\",children:\".\"}),\"body\",(0,e.jsx)(n.span,{className:\"token punctuation\",children:\".\"}),\"raw\",(0,e.jsx)(n.span,{className:\"token punctuation\",children:\")\"}),\" \",(0,e.jsx)(n.span,{className:\"token punctuation\",children:\"}\"}),(0,e.jsx)(n.span,{className:\"token punctuation\",children:\",\"}),`\n`]}),(0,e.jsxs)(n.span,{className:\"code-line\",children:[\"    slug\",(0,e.jsx)(n.span,{className:\"token operator\",children:\":\"}),\" \",(0,e.jsx)(n.span,{className:\"token punctuation\",children:\"{\"}),`\n`]}),(0,e.jsxs)(n.span,{className:\"code-line\",children:[\"      type\",(0,e.jsx)(n.span,{className:\"token operator\",children:\":\"}),\" \",(0,e.jsx)(n.span,{className:\"token string\",children:\"'string'\"}),(0,e.jsx)(n.span,{className:\"token punctuation\",children:\",\"}),`\n`]}),(0,e.jsxs)(n.span,{className:\"code-line\",children:[\"      \",(0,e.jsx)(n.span,{className:\"token function function-variable\",children:\"resolve\"}),(0,e.jsx)(n.span,{className:\"token operator\",children:\":\"}),\" \",(0,e.jsx)(n.span,{className:\"token punctuation\",children:\"(\"}),\"doc\",(0,e.jsx)(n.span,{className:\"token punctuation\",children:\")\"}),\" \",(0,e.jsx)(n.span,{className:\"token operator\",children:\"=>\"}),\" doc\",(0,e.jsx)(n.span,{className:\"token punctuation\",children:\".\"}),\"_raw\",(0,e.jsx)(n.span,{className:\"token punctuation\",children:\".\"}),\"flattenedPath\",(0,e.jsx)(n.span,{className:\"token punctuation\",children:\".\"}),(0,e.jsx)(n.span,{className:\"token function\",children:\"replace\"}),(0,e.jsx)(n.span,{className:\"token punctuation\",children:\"(\"}),(0,e.jsxs)(n.span,{className:\"token regex\",children:[(0,e.jsx)(n.span,{className:\"token regex-delimiter\",children:\"/\"}),(0,e.jsxs)(n.span,{className:\"token language-regex regex-source\",children:[(0,e.jsx)(n.span,{className:\"token function anchor\",children:\"^\"}),(0,e.jsx)(n.span,{className:\"token char-set class-name\",children:\".\"}),(0,e.jsx)(n.span,{className:\"token number quantifier\",children:\"+?\"}),(0,e.jsx)(n.span,{className:\"token punctuation group\",children:\"(\"}),(0,e.jsx)(n.span,{className:\"token escape\",children:\"\\\\/\"}),(0,e.jsx)(n.span,{className:\"token punctuation group\",children:\")\"})]}),(0,e.jsx)(n.span,{className:\"token regex-delimiter\",children:\"/\"})]}),(0,e.jsx)(n.span,{className:\"token punctuation\",children:\",\"}),\" \",(0,e.jsx)(n.span,{className:\"token string\",children:\"''\"}),(0,e.jsx)(n.span,{className:\"token punctuation\",children:\")\"}),(0,e.jsx)(n.span,{className:\"token punctuation\",children:\",\"}),`\n`]}),(0,e.jsxs)(n.span,{className:\"code-line\",children:[\"    \",(0,e.jsx)(n.span,{className:\"token punctuation\",children:\"}\"}),`\n`]}),(0,e.jsxs)(n.span,{className:\"code-line\",children:[\"    \",(0,e.jsx)(n.span,{className:\"token operator\",children:\"...\"}),`\n`]}),(0,e.jsxs)(n.span,{className:\"code-line\",children:[\"  \",(0,e.jsx)(n.span,{className:\"token punctuation\",children:\"}\"}),(0,e.jsx)(n.span,{className:\"token punctuation\",children:\",\"}),`\n`]}),(0,e.jsxs)(n.span,{className:\"code-line\",children:[(0,e.jsx)(n.span,{className:\"token punctuation\",children:\"}\"}),(0,e.jsx)(n.span,{className:\"token punctuation\",children:\")\"}),(0,e.jsx)(n.span,{className:\"token punctuation\",children:\")\"}),`\n`]})]})}),(0,e.jsx)(n.p,{children:\"Contentlayer then processes the MDX files with our desired markdown remark or rehype plugins, validates the schema, generate type definitions and output json files that can be easily imported in our pages. Hot reloading comes out of the box, so edits to the markdown files will be reflected in the browser immediately!\"}),(0,e.jsxs)(n.h2,{className:\"content-header\",id:\"pliny\",children:[(0,e.jsx)(n.a,{href:\"#pliny\",\"aria-hidden\":\"true\",tabIndex:\"-1\",children:(0,e.jsx)(e.Fragment,{children:(0,e.jsx)(n.span,{className:\"content-header-link\",children:(0,e.jsxs)(n.svg,{className:\"h-5 linkicon w-5\",fill:\"currentColor\",viewBox:\"0 0 20 20\",xmlns:\"http://www.w3.org/2000/svg\",children:[(0,e.jsx)(n.path,{d:\"M12.232 4.232a2.5 2.5 0 0 1 3.536 3.536l-1.225 1.224a.75.75 0 0 0 1.061 1.06l1.224-1.224a4 4 0 0 0-5.656-5.656l-3 3a4 4 0 0 0 .225 5.865.75.75 0 0 0 .977-1.138 2.5 2.5 0 0 1-.142-3.667l3-3Z\"}),(0,e.jsx)(n.path,{d:\"M11.603 7.963a.75.75 0 0 0-.977 1.138 2.5 2.5 0 0 1 .142 3.667l-3 3a2.5 2.5 0 0 1-3.536-3.536l1.225-1.224a.75.75 0 0 0-1.061-1.06l-1.224 1.224a4 4 0 1 0 5.656 5.656l3-3a4 4 0 0 0-.225-5.865Z\"})]})})})}),\"Pliny\"]}),(0,e.jsx)(n.p,{children:\"A large reason for the popularity of the template was its customizability and integration with other services from analytics providers to commenting solutions. However, this means that a lot of boilerplate code has to be co-located within the template even if the user does not use the feature. Updates and bug fixes had to be copied manually to the user's codebase.\"}),(0,e.jsxs)(n.p,{children:[\"To solve this, I have abstracted the logic to a separate repository - \",(0,e.jsx)(n.a,{href:\"https://github.com/timlrx/pliny\",children:\"Pliny\"}),\". Pliny provides out of the box Next.js components to enhance static sites:\"]}),(0,e.jsxs)(n.ul,{children:[(0,e.jsxs)(n.li,{children:[\"Analytics\",(0,e.jsxs)(n.ul,{children:[(0,e.jsx)(n.li,{children:\"Google Analytics\"}),(0,e.jsx)(n.li,{children:\"Plausible Analytics\"}),(0,e.jsx)(n.li,{children:\"Simple Analytics\"}),(0,e.jsx)(n.li,{children:\"Umami Analytics\"}),(0,e.jsx)(n.li,{children:\"Posthog\"})]})]}),(0,e.jsxs)(n.li,{children:[\"Comments\",(0,e.jsxs)(n.ul,{children:[(0,e.jsx)(n.li,{children:\"Disqus\"}),(0,e.jsx)(n.li,{children:\"Giscus\"}),(0,e.jsx)(n.li,{children:\"Utterances\"})]})]}),(0,e.jsxs)(n.li,{children:[\"Newsletter (uses Next 13 API Routes)\",(0,e.jsxs)(n.ul,{children:[(0,e.jsx)(n.li,{children:\"Buttondown\"}),(0,e.jsx)(n.li,{children:\"Convertkit\"}),(0,e.jsx)(n.li,{children:\"Email Octopus\"}),(0,e.jsx)(n.li,{children:\"Klaviyo\"}),(0,e.jsx)(n.li,{children:\"Mailchimp\"}),(0,e.jsx)(n.li,{children:\"Revue\"})]})]}),(0,e.jsxs)(n.li,{children:[\"Command palette search with tailwind style sheet\",(0,e.jsxs)(n.ul,{children:[(0,e.jsx)(n.li,{children:\"Algolia\"}),(0,e.jsx)(n.li,{children:\"Kbar (local search)\"})]})]}),(0,e.jsxs)(n.li,{children:[\"UI utility components\",(0,e.jsxs)(n.ul,{children:[(0,e.jsx)(n.li,{children:\"Bleed\"}),(0,e.jsx)(n.li,{children:\"Newsletter / Blog Newsletter\"}),(0,e.jsx)(n.li,{children:\"Pre / Code block\"}),(0,e.jsx)(n.li,{children:\"Table of Contents\"})]})]})]}),(0,e.jsxs)(n.p,{children:[\"Choose your preferred service by modifying \",(0,e.jsx)(n.code,{children:\"siteMetadata.js\"}),\" and changing the appropriate fields. For example to change from Umami Analytics to Plausible, we can change the following fields:\"]}),(0,e.jsx)(n.div,{className:\"remark-code-title\",children:\"siteMetadata.js\"}),(0,e.jsx)(n.pre,{className:\"language-js\",children:(0,e.jsxs)(n.code,{className:\"code-highlight language-diff-js\",children:[(0,e.jsxs)(n.span,{className:\"code-line\",children:[(0,e.jsx)(n.span,{className:\"token literal-property property\",children:\"analytics\"}),(0,e.jsx)(n.span,{className:\"token operator\",children:\":\"}),\" \",(0,e.jsx)(n.span,{className:\"token punctuation\",children:\"{\"}),`\n`]}),(0,e.jsxs)(n.span,{className:\"code-line deleted\",children:[(0,e.jsx)(n.span,{className:\"token operator\",children:\"-\"}),\"   umamiAnalytics\",(0,e.jsx)(n.span,{className:\"token operator\",children:\":\"}),\" \",(0,e.jsx)(n.span,{className:\"token punctuation\",children:\"{\"}),`\n`]}),(0,e.jsxs)(n.span,{className:\"code-line deleted\",children:[(0,e.jsx)(n.span,{className:\"token operator\",children:\"-\"}),\"     \",(0,e.jsx)(n.span,{className:\"token comment\",children:\"// We use an env variable for this site to avoid other users cloning our analytics ID\"}),`\n`]}),(0,e.jsxs)(n.span,{className:\"code-line deleted\",children:[(0,e.jsx)(n.span,{className:\"token operator\",children:\"-\"}),\"     umamiWebsiteId\",(0,e.jsx)(n.span,{className:\"token operator\",children:\":\"}),\" process\",(0,e.jsx)(n.span,{className:\"token punctuation\",children:\".\"}),(0,e.jsx)(n.span,{className:\"token property-access\",children:\"env\"}),(0,e.jsx)(n.span,{className:\"token punctuation\",children:\".\"}),(0,e.jsx)(n.span,{className:\"token constant\",children:\"NEXT_UMAMI_ID\"}),(0,e.jsx)(n.span,{className:\"token punctuation\",children:\",\"}),\" \",(0,e.jsx)(n.span,{className:\"token comment\",children:\"// e.g. 123e4567-e89b-12d3-a456-426614174000\"}),`\n`]}),(0,e.jsxs)(n.span,{className:\"code-line deleted\",children:[(0,e.jsx)(n.span,{className:\"token operator\",children:\"-\"}),\"   \",(0,e.jsx)(n.span,{className:\"token punctuation\",children:\"}\"}),(0,e.jsx)(n.span,{className:\"token punctuation\",children:\",\"}),`\n`]}),(0,e.jsxs)(n.span,{className:\"code-line inserted\",children:[(0,e.jsx)(n.span,{className:\"token operator\",children:\"+\"}),\"    plausibleAnalytics\",(0,e.jsx)(n.span,{className:\"token operator\",children:\":\"}),\" \",(0,e.jsx)(n.span,{className:\"token punctuation\",children:\"{\"}),`\n`]}),(0,e.jsxs)(n.span,{className:\"code-line inserted\",children:[(0,e.jsx)(n.span,{className:\"token operator\",children:\"+\"}),\"      plausibleDataDomain\",(0,e.jsx)(n.span,{className:\"token operator\",children:\":\"}),\" \",(0,e.jsx)(n.span,{className:\"token string\",children:\"''\"}),(0,e.jsx)(n.span,{className:\"token punctuation\",children:\",\"}),\" \",(0,e.jsx)(n.span,{className:\"token comment\",children:\"// e.g. tailwind-nextjs-starter-blog.vercel.app\"}),`\n`]}),(0,e.jsxs)(n.span,{className:\"code-line inserted\",children:[(0,e.jsx)(n.span,{className:\"token operator\",children:\"+\"}),\"    \",(0,e.jsx)(n.span,{className:\"token punctuation\",children:\"}\"}),(0,e.jsx)(n.span,{className:\"token punctuation\",children:\",\"}),`\n`]}),(0,e.jsxs)(n.span,{className:\"code-line\",children:[(0,e.jsx)(n.span,{className:\"token punctuation\",children:\"}\"}),(0,e.jsx)(n.span,{className:\"token punctuation\",children:\",\"}),`\n`]})]})}),(0,e.jsx)(n.p,{children:\"Changes in the configuration file gets propagated to the components automatically. No modification to the template is required.\"}),(0,e.jsxs)(n.p,{children:[\"Under the hood, Pliny exports high level components such as \",(0,e.jsx)(n.code,{children:\"<Analytics analyticsConfig={analyticsConfig}/>\"}),\" and \",(0,e.jsx)(n.code,{children:\"<Comments commentsConfig={commentsConfig}/>\"}),\" which takes in a configuration object and renders the appropriate component. Since the layouts are defined on the server side, Next.js is able to use the configuration object to determine which component to render and send only the required component bundle to the client.\"]}),(0,e.jsxs)(n.h2,{className:\"content-header\",id:\"new-search-component\",children:[(0,e.jsx)(n.a,{href:\"#new-search-component\",\"aria-hidden\":\"true\",tabIndex:\"-1\",children:(0,e.jsx)(e.Fragment,{children:(0,e.jsx)(n.span,{className:\"content-header-link\",children:(0,e.jsxs)(n.svg,{className:\"h-5 linkicon w-5\",fill:\"currentColor\",viewBox:\"0 0 20 20\",xmlns:\"http://www.w3.org/2000/svg\",children:[(0,e.jsx)(n.path,{d:\"M12.232 4.232a2.5 2.5 0 0 1 3.536 3.536l-1.225 1.224a.75.75 0 0 0 1.061 1.06l1.224-1.224a4 4 0 0 0-5.656-5.656l-3 3a4 4 0 0 0 .225 5.865.75.75 0 0 0 .977-1.138 2.5 2.5 0 0 1-.142-3.667l3-3Z\"}),(0,e.jsx)(n.path,{d:\"M11.603 7.963a.75.75 0 0 0-.977 1.138 2.5 2.5 0 0 1 .142 3.667l-3 3a2.5 2.5 0 0 1-3.536-3.536l1.225-1.224a.75.75 0 0 0-1.061-1.06l-1.224 1.224a4 4 0 1 0 5.656 5.656l3-3a4 4 0 0 0-.225-5.865Z\"})]})})})}),\"New Search Component\"]}),(0,e.jsx)(n.p,{children:\"What's a blog in 2023 without a command palette search bar?\"}),(0,e.jsx)(n.p,{children:\"One of the most highly requested features have been added \\u{1F389}! The search component supports 2 search providers - Algolia and Kbar local search.\"}),(0,e.jsxs)(n.h3,{className:\"content-header\",id:\"algolia\",children:[(0,e.jsx)(n.a,{href:\"#algolia\",\"aria-hidden\":\"true\",tabIndex:\"-1\",children:(0,e.jsx)(e.Fragment,{children:(0,e.jsx)(n.span,{className:\"content-header-link\",children:(0,e.jsxs)(n.svg,{className:\"h-5 linkicon w-5\",fill:\"currentColor\",viewBox:\"0 0 20 20\",xmlns:\"http://www.w3.org/2000/svg\",children:[(0,e.jsx)(n.path,{d:\"M12.232 4.232a2.5 2.5 0 0 1 3.536 3.536l-1.225 1.224a.75.75 0 0 0 1.061 1.06l1.224-1.224a4 4 0 0 0-5.656-5.656l-3 3a4 4 0 0 0 .225 5.865.75.75 0 0 0 .977-1.138 2.5 2.5 0 0 1-.142-3.667l3-3Z\"}),(0,e.jsx)(n.path,{d:\"M11.603 7.963a.75.75 0 0 0-.977 1.138 2.5 2.5 0 0 1 .142 3.667l-3 3a2.5 2.5 0 0 1-3.536-3.536l1.225-1.224a.75.75 0 0 0-1.061-1.06l-1.224 1.224a4 4 0 1 0 5.656 5.656l3-3a4 4 0 0 0-.225-5.865Z\"})]})})})}),\"Algolia\"]}),(0,e.jsxs)(n.p,{children:[(0,e.jsx)(n.a,{href:\"https://docsearch.algolia.com/\",children:\"Algolia Docsearch\"}),\" is popular free service used across many documentation websites. It automatically scrapes the website that has is submitted for indexing and makes the search result available via a beautiful dialog modal. The pliny component is greatly inspired by the Docusaurus implementation and comes with a stylesheet that is compatible with the Tailwind CSS theme.\"]}),(0,e.jsxs)(n.h3,{className:\"content-header\",id:\"kbar\",children:[(0,e.jsx)(n.a,{href:\"#kbar\",\"aria-hidden\":\"true\",tabIndex:\"-1\",children:(0,e.jsx)(e.Fragment,{children:(0,e.jsx)(n.span,{className:\"content-header-link\",children:(0,e.jsxs)(n.svg,{className:\"h-5 linkicon w-5\",fill:\"currentColor\",viewBox:\"0 0 20 20\",xmlns:\"http://www.w3.org/2000/svg\",children:[(0,e.jsx)(n.path,{d:\"M12.232 4.232a2.5 2.5 0 0 1 3.536 3.536l-1.225 1.224a.75.75 0 0 0 1.061 1.06l1.224-1.224a4 4 0 0 0-5.656-5.656l-3 3a4 4 0 0 0 .225 5.865.75.75 0 0 0 .977-1.138 2.5 2.5 0 0 1-.142-3.667l3-3Z\"}),(0,e.jsx)(n.path,{d:\"M11.603 7.963a.75.75 0 0 0-.977 1.138 2.5 2.5 0 0 1 .142 3.667l-3 3a2.5 2.5 0 0 1-3.536-3.536l1.225-1.224a.75.75 0 0 0-1.061-1.06l-1.224 1.224a4 4 0 1 0 5.656 5.656l3-3a4 4 0 0 0-.225-5.865Z\"})]})})})}),\"Kbar\"]}),(0,e.jsxs)(n.p,{children:[(0,e.jsx)(n.a,{href:\"https://github.com/timc1/kbar\",children:\"Kbar\"}),\" is a fast, portable, and extensible cmd+k interface. The pliny implementation uses kbar to create a local search dialog box. The component loads a JSON file, default \",(0,e.jsx)(n.code,{children:\"search.json\"}),\", that was created in the contentlayer build process. Try pressing \\u2318-k or ctrl-k to see the search bar in action!\"]}),(0,e.jsxs)(n.h2,{className:\"content-header\",id:\"styling-and-layout-updates\",children:[(0,e.jsx)(n.a,{href:\"#styling-and-layout-updates\",\"aria-hidden\":\"true\",tabIndex:\"-1\",children:(0,e.jsx)(e.Fragment,{children:(0,e.jsx)(n.span,{className:\"content-header-link\",children:(0,e.jsxs)(n.svg,{className:\"h-5 linkicon w-5\",fill:\"currentColor\",viewBox:\"0 0 20 20\",xmlns:\"http://www.w3.org/2000/svg\",children:[(0,e.jsx)(n.path,{d:\"M12.232 4.232a2.5 2.5 0 0 1 3.536 3.536l-1.225 1.224a.75.75 0 0 0 1.061 1.06l1.224-1.224a4 4 0 0 0-5.656-5.656l-3 3a4 4 0 0 0 .225 5.865.75.75 0 0 0 .977-1.138 2.5 2.5 0 0 1-.142-3.667l3-3Z\"}),(0,e.jsx)(n.path,{d:\"M11.603 7.963a.75.75 0 0 0-.977 1.138 2.5 2.5 0 0 1 .142 3.667l-3 3a2.5 2.5 0 0 1-3.536-3.536l1.225-1.224a.75.75 0 0 0-1.061-1.06l-1.224 1.224a4 4 0 1 0 5.656 5.656l3-3a4 4 0 0 0-.225-5.865Z\"})]})})})}),\"Styling and Layout Updates\"]}),(0,e.jsxs)(n.h3,{className:\"content-header\",id:\"theming\",children:[(0,e.jsx)(n.a,{href:\"#theming\",\"aria-hidden\":\"true\",tabIndex:\"-1\",children:(0,e.jsx)(e.Fragment,{children:(0,e.jsx)(n.span,{className:\"content-header-link\",children:(0,e.jsxs)(n.svg,{className:\"h-5 linkicon w-5\",fill:\"currentColor\",viewBox:\"0 0 20 20\",xmlns:\"http://www.w3.org/2000/svg\",children:[(0,e.jsx)(n.path,{d:\"M12.232 4.232a2.5 2.5 0 0 1 3.536 3.536l-1.225 1.224a.75.75 0 0 0 1.061 1.06l1.224-1.224a4 4 0 0 0-5.656-5.656l-3 3a4 4 0 0 0 .225 5.865.75.75 0 0 0 .977-1.138 2.5 2.5 0 0 1-.142-3.667l3-3Z\"}),(0,e.jsx)(n.path,{d:\"M11.603 7.963a.75.75 0 0 0-.977 1.138 2.5 2.5 0 0 1 .142 3.667l-3 3a2.5 2.5 0 0 1-3.536-3.536l1.225-1.224a.75.75 0 0 0-1.061-1.06l-1.224 1.224a4 4 0 1 0 5.656 5.656l3-3a4 4 0 0 0-.225-5.865Z\"})]})})})}),\"Theming\"]}),(0,e.jsxs)(n.p,{children:[(0,e.jsx)(n.code,{children:\"tailwind.config.js\"}),\" has been updated to use tailwind typography defaults where possible and to use the built-in support for dark mode via the \",(0,e.jsx)(n.code,{children:\"prose-invert\"}),\" class. This replaces the previous \",(0,e.jsx)(n.code,{children:\"prose-dark\"}),\" class and configuration.\"]}),(0,e.jsxs)(n.p,{children:[\"The primary theme color is updated from \",(0,e.jsx)(n.code,{children:\"teal\"}),\" to \",(0,e.jsx)(n.code,{children:\"pink\"}),\" and the primary gray theme from \",(0,e.jsx)(n.code,{children:\"neutral\"}),\" to \",(0,e.jsx)(n.code,{children:\"gray\"}),\".\"]}),(0,e.jsx)(n.p,{children:\"Inter is now replaced with Space Grotesk as the default font.\"}),(0,e.jsxs)(n.h3,{className:\"content-header\",id:\"new-layouts\",children:[(0,e.jsx)(n.a,{href:\"#new-layouts\",\"aria-hidden\":\"true\",tabIndex:\"-1\",children:(0,e.jsx)(e.Fragment,{children:(0,e.jsx)(n.span,{className:\"content-header-link\",children:(0,e.jsxs)(n.svg,{className:\"h-5 linkicon w-5\",fill:\"currentColor\",viewBox:\"0 0 20 20\",xmlns:\"http://www.w3.org/2000/svg\",children:[(0,e.jsx)(n.path,{d:\"M12.232 4.232a2.5 2.5 0 0 1 3.536 3.536l-1.225 1.224a.75.75 0 0 0 1.061 1.06l1.224-1.224a4 4 0 0 0-5.656-5.656l-3 3a4 4 0 0 0 .225 5.865.75.75 0 0 0 .977-1.138 2.5 2.5 0 0 1-.142-3.667l3-3Z\"}),(0,e.jsx)(n.path,{d:\"M11.603 7.963a.75.75 0 0 0-.977 1.138 2.5 2.5 0 0 1 .142 3.667l-3 3a2.5 2.5 0 0 1-3.536-3.536l1.225-1.224a.75.75 0 0 0-1.061-1.06l-1.224 1.224a4 4 0 1 0 5.656 5.656l3-3a4 4 0 0 0-.225-5.865Z\"})]})})})}),\"New Layouts\"]}),(0,e.jsxs)(n.p,{children:[\"Layout components available in the \",(0,e.jsx)(n.code,{children:\"layouts\"}),\" directory, provide a simple way to customize the look and feel of the blog.\",(0,e.jsx)(n.sup,{children:(0,e.jsx)(n.a,{href:\"#user-content-fn-2\",\"aria-describedby\":\"footnote-label\",\"data-footnote-ref\":!0,id:\"user-content-fnref-2\",children:\"2\"})})]}),(0,e.jsx)(n.p,{children:\"The downside of building a popular template is that you start seeing multiple similar sites everywhere \\u{1F606}. While users are encouraged to customized the layouts to their liking, having more layout options that are easily switchable promotes diversity and perhaps can be a good starting point for further customizations.\"}),(0,e.jsxs)(n.p,{children:[\"In v2, I added a new post layout - \",(0,e.jsx)(n.code,{children:\"PostBanner\"}),'. It features a large banner image and a centered content container. Check out \"',(0,e.jsx)(n.a,{href:\"/blog/pictures-of-canada\",children:\"Pictures of Canada\"}),'\" blog post which has been updated to use the new layout.']}),(0,e.jsxs)(n.p,{children:[\"The default blog listing layout has also been updated to include a side bar with blog tags. The search bar in the previous layout has been replace with the new command palette search. To switch back to the old layout, simply change the pages that use the \",(0,e.jsx)(n.code,{children:\"ListLayoutWithTags\"}),\" component back to the original \",(0,e.jsx)(n.code,{children:\"ListLayout\"}),\".\"]}),(0,e.jsxs)(n.h2,{className:\"content-header\",id:\"migration-recommendations\",children:[(0,e.jsx)(n.a,{href:\"#migration-recommendations\",\"aria-hidden\":\"true\",tabIndex:\"-1\",children:(0,e.jsx)(e.Fragment,{children:(0,e.jsx)(n.span,{className:\"content-header-link\",children:(0,e.jsxs)(n.svg,{className:\"h-5 linkicon w-5\",fill:\"currentColor\",viewBox:\"0 0 20 20\",xmlns:\"http://www.w3.org/2000/svg\",children:[(0,e.jsx)(n.path,{d:\"M12.232 4.232a2.5 2.5 0 0 1 3.536 3.536l-1.225 1.224a.75.75 0 0 0 1.061 1.06l1.224-1.224a4 4 0 0 0-5.656-5.656l-3 3a4 4 0 0 0 .225 5.865.75.75 0 0 0 .977-1.138 2.5 2.5 0 0 1-.142-3.667l3-3Z\"}),(0,e.jsx)(n.path,{d:\"M11.603 7.963a.75.75 0 0 0-.977 1.138 2.5 2.5 0 0 1 .142 3.667l-3 3a2.5 2.5 0 0 1-3.536-3.536l1.225-1.224a.75.75 0 0 0-1.061-1.06l-1.224 1.224a4 4 0 1 0 5.656 5.656l3-3a4 4 0 0 0-.225-5.865Z\"})]})})})}),\"Migration Recommendations\"]}),(0,e.jsx)(n.p,{children:\"Due to the large changes in directory structure, setup and tooling, I recommend starting from a fresh template and copying existing content, followed by incrementally migrating changes over to the new template.\"}),(0,e.jsxs)(n.p,{children:[\"Styling changes should be relatively minor and can be copied over from the old \",(0,e.jsx)(n.code,{children:\"tailwind.config.js\"}),\" to the new one. If copying over, you might need to add back the \",(0,e.jsx)(n.code,{children:\"prose-dark\"}),\" class to components that opt into tailwind typography styling. Do modify the font import in the root layout component to use the desired font of choice.\"]}),(0,e.jsxs)(n.p,{children:[\"Changes to the MDX processing pipeline and schema can be easily ported to the new Contentlayer setup. If there are changes to the frontmatter fields, you can modify the document type in \",(0,e.jsx)(n.code,{children:\"contentlayer.config.ts\"}),\" to include the new fields. Custom plugins can be added to the \",(0,e.jsx)(n.code,{children:\"remarkPlugins\"}),\" and \",(0,e.jsx)(n.code,{children:\"rehypePlugins\"}),\" properties in the \",(0,e.jsx)(n.code,{children:\"makeSource\"}),\" export of \",(0,e.jsx)(n.code,{children:\"contentlayer.config.ts\"}),\".\"]}),(0,e.jsxs)(n.p,{children:[\"Markdown layouts are no longer sourced automatically from the \",(0,e.jsx)(n.code,{children:\"layouts\"}),\" directory. Instead, they have to be specified in the \",(0,e.jsx)(n.code,{children:\"layouts\"}),\" object defined in \",(0,e.jsx)(n.code,{children:\"blog/[...slug]/page.tsx\"}),\".\",(0,e.jsx)(n.sup,{children:(0,e.jsx)(n.a,{href:\"#user-content-fn-3\",\"aria-describedby\":\"footnote-label\",\"data-footnote-ref\":!0,id:\"user-content-fnref-3\",children:\"3\"})})]}),(0,e.jsxs)(n.p,{children:[\"To port over larger components or pages, I recommend first specificing it as a client component by using the \",(0,e.jsx)(n.code,{children:'\"use client\"'}),\" directive. Once it renders correctly, you can split the interactive components (parts that rely on \",(0,e.jsx)(n.code,{children:\"use\"}),\" hooks) as a client component and keep the remaining code as a server component. Consult the comprehensive Next.js \",(0,e.jsx)(n.a,{href:\"https://nextjs.org/docs/app/building-your-application/upgrading/app-router-migration#migrating-from-pages-to-app\",children:\"migration guide\"}),\" for more details.\"]}),(0,e.jsxs)(n.h2,{className:\"content-header\",id:\"conclusion\",children:[(0,e.jsx)(n.a,{href:\"#conclusion\",\"aria-hidden\":\"true\",tabIndex:\"-1\",children:(0,e.jsx)(e.Fragment,{children:(0,e.jsx)(n.span,{className:\"content-header-link\",children:(0,e.jsxs)(n.svg,{className:\"h-5 linkicon w-5\",fill:\"currentColor\",viewBox:\"0 0 20 20\",xmlns:\"http://www.w3.org/2000/svg\",children:[(0,e.jsx)(n.path,{d:\"M12.232 4.232a2.5 2.5 0 0 1 3.536 3.536l-1.225 1.224a.75.75 0 0 0 1.061 1.06l1.224-1.224a4 4 0 0 0-5.656-5.656l-3 3a4 4 0 0 0 .225 5.865.75.75 0 0 0 .977-1.138 2.5 2.5 0 0 1-.142-3.667l3-3Z\"}),(0,e.jsx)(n.path,{d:\"M11.603 7.963a.75.75 0 0 0-.977 1.138 2.5 2.5 0 0 1 .142 3.667l-3 3a2.5 2.5 0 0 1-3.536-3.536l1.225-1.224a.75.75 0 0 0-1.061-1.06l-1.224 1.224a4 4 0 1 0 5.656 5.656l3-3a4 4 0 0 0-.225-5.865Z\"})]})})})}),\"Conclusion\"]}),(0,e.jsxs)(n.p,{children:[\"I hope you enjoy the new features and improvements in V2. If you have any feedback or suggestions, feel free to open an issue or reach out to me on \",(0,e.jsx)(n.a,{href:\"https://twitter.com/timlrx\",children:\"Twitter\"}),\".\"]}),(0,e.jsxs)(n.h2,{className:\"content-header\",id:\"support\",children:[(0,e.jsx)(n.a,{href:\"#support\",\"aria-hidden\":\"true\",tabIndex:\"-1\",children:(0,e.jsx)(e.Fragment,{children:(0,e.jsx)(n.span,{className:\"content-header-link\",children:(0,e.jsxs)(n.svg,{className:\"h-5 linkicon w-5\",fill:\"currentColor\",viewBox:\"0 0 20 20\",xmlns:\"http://www.w3.org/2000/svg\",children:[(0,e.jsx)(n.path,{d:\"M12.232 4.232a2.5 2.5 0 0 1 3.536 3.536l-1.225 1.224a.75.75 0 0 0 1.061 1.06l1.224-1.224a4 4 0 0 0-5.656-5.656l-3 3a4 4 0 0 0 .225 5.865.75.75 0 0 0 .977-1.138 2.5 2.5 0 0 1-.142-3.667l3-3Z\"}),(0,e.jsx)(n.path,{d:\"M11.603 7.963a.75.75 0 0 0-.977 1.138 2.5 2.5 0 0 1 .142 3.667l-3 3a2.5 2.5 0 0 1-3.536-3.536l1.225-1.224a.75.75 0 0 0-1.061-1.06l-1.224 1.224a4 4 0 1 0 5.656 5.656l3-3a4 4 0 0 0-.225-5.865Z\"})]})})})}),\"Support\"]}),(0,e.jsxs)(n.p,{children:[\"Using the template? Support this effort by giving a star on GitHub, sharing your own blog and giving a shoutout on Twitter or be a project \",(0,e.jsx)(n.a,{href:\"https://github.com/sponsors/timlrx\",children:\"sponsor\"}),\".\"]}),(0,e.jsxs)(n.h2,{className:\"content-header\",id:\"licence\",children:[(0,e.jsx)(n.a,{href:\"#licence\",\"aria-hidden\":\"true\",tabIndex:\"-1\",children:(0,e.jsx)(e.Fragment,{children:(0,e.jsx)(n.span,{className:\"content-header-link\",children:(0,e.jsxs)(n.svg,{className:\"h-5 linkicon w-5\",fill:\"currentColor\",viewBox:\"0 0 20 20\",xmlns:\"http://www.w3.org/2000/svg\",children:[(0,e.jsx)(n.path,{d:\"M12.232 4.232a2.5 2.5 0 0 1 3.536 3.536l-1.225 1.224a.75.75 0 0 0 1.061 1.06l1.224-1.224a4 4 0 0 0-5.656-5.656l-3 3a4 4 0 0 0 .225 5.865.75.75 0 0 0 .977-1.138 2.5 2.5 0 0 1-.142-3.667l3-3Z\"}),(0,e.jsx)(n.path,{d:\"M11.603 7.963a.75.75 0 0 0-.977 1.138 2.5 2.5 0 0 1 .142 3.667l-3 3a2.5 2.5 0 0 1-3.536-3.536l1.225-1.224a.75.75 0 0 0-1.061-1.06l-1.224 1.224a4 4 0 1 0 5.656 5.656l3-3a4 4 0 0 0-.225-5.865Z\"})]})})})}),\"Licence\"]}),(0,e.jsxs)(n.p,{children:[(0,e.jsx)(n.a,{href:\"https://github.com/timlrx/tailwind-nextjs-starter-blog/blob/main/LICENSE\",children:\"MIT\"}),\" \\xA9 \",(0,e.jsx)(n.a,{href:\"https://www.timrlx.com\",children:\"Timothy Lin\"})]}),(0,e.jsxs)(n.section,{className:\"footnotes\",\"data-footnotes\":!0,children:[(0,e.jsxs)(n.h2,{className:\"content-header\",id:\"footnote-label\",children:[(0,e.jsx)(n.a,{href:\"#footnote-label\",\"aria-hidden\":\"true\",tabIndex:\"-1\",children:(0,e.jsx)(e.Fragment,{children:(0,e.jsx)(n.span,{className:\"content-header-link\",children:(0,e.jsxs)(n.svg,{className:\"h-5 linkicon w-5\",fill:\"currentColor\",viewBox:\"0 0 20 20\",xmlns:\"http://www.w3.org/2000/svg\",children:[(0,e.jsx)(n.path,{d:\"M12.232 4.232a2.5 2.5 0 0 1 3.536 3.536l-1.225 1.224a.75.75 0 0 0 1.061 1.06l1.224-1.224a4 4 0 0 0-5.656-5.656l-3 3a4 4 0 0 0 .225 5.865.75.75 0 0 0 .977-1.138 2.5 2.5 0 0 1-.142-3.667l3-3Z\"}),(0,e.jsx)(n.path,{d:\"M11.603 7.963a.75.75 0 0 0-.977 1.138 2.5 2.5 0 0 1 .142 3.667l-3 3a2.5 2.5 0 0 1-3.536-3.536l1.225-1.224a.75.75 0 0 0-1.061-1.06l-1.224 1.224a4 4 0 1 0 5.656 5.656l3-3a4 4 0 0 0-.225-5.865Z\"})]})})})}),\"Footnotes\"]}),(0,e.jsxs)(n.ol,{children:[(0,e.jsx)(n.li,{id:\"user-content-fn-1\",children:(0,e.jsxs)(n.p,{children:[\"The previous version injects Preact into the production build. However, this is no longer possible as it does not support React Server Components. While overall bundle size has increased to about 85kB, most of the content can be pre-rendered on the server side, resulting in a low first contentful paint and time to interactive. Using React throughtout also leads to more consistent behavior with external libraries and components. \",(0,e.jsx)(n.a,{href:\"#user-content-fnref-1\",\"aria-label\":\"Back to reference 1\",className:\"data-footnote-backref\",\"data-footnote-backref\":\"\",children:\"\\u21A9\"})]})}),(0,e.jsx)(n.li,{id:\"user-content-fn-2\",children:(0,e.jsxs)(n.p,{children:[\"This is different from Next.js App Directory layouts and are best thought of as reusable React containers. \",(0,e.jsx)(n.a,{href:\"#user-content-fnref-2\",\"aria-label\":\"Back to reference 2\",className:\"data-footnote-backref\",\"data-footnote-backref\":\"\",children:\"\\u21A9\"})]})}),(0,e.jsx)(n.li,{id:\"user-content-fn-3\",children:(0,e.jsxs)(n.p,{children:[\"This takes advantage of Server Components by making it simple to specify the layout of choice in the markdown file and match against the \",(0,e.jsx)(n.code,{children:\"layouts\"}),\" object which is then used to render the appropriate layout component. \",(0,e.jsx)(n.a,{href:\"#user-content-fnref-3\",\"aria-label\":\"Back to reference 3\",className:\"data-footnote-backref\",\"data-footnote-backref\":\"\",children:\"\\u21A9\"})]})})]})]})]})}function p(a={}){let{wrapper:n}=a.components||{};return n?(0,e.jsx)(n,{...a,children:(0,e.jsx)(d,{...a})}):d(a)}function h(a,n){throw new Error(\"Expected \"+(n?\"component\":\"object\")+\" `\"+a+\"` to be defined: you likely forgot to import, pass, or provide it.\")}return b(x);})();\n;return Component;"
  },
  "_id": "blog/release-of-tailwind-nextjs-starter-blog-v2.0.mdx",
  "_raw": {
    "sourceFilePath": "blog/release-of-tailwind-nextjs-starter-blog-v2.0.mdx",
    "sourceFileName": "release-of-tailwind-nextjs-starter-blog-v2.0.mdx",
    "sourceFileDir": "blog",
    "contentType": "mdx",
    "flattenedPath": "blog/release-of-tailwind-nextjs-starter-blog-v2.0"
  },
  "type": "Blog",
  "readingTime": {
    "text": "10 min read",
    "minutes": 9.055,
    "time": 543300,
    "words": 1811
  },
  "slug": "release-of-tailwind-nextjs-starter-blog-v2.0",
  "path": "blog/release-of-tailwind-nextjs-starter-blog-v2.0",
  "filePath": "blog/release-of-tailwind-nextjs-starter-blog-v2.0.mdx",
  "toc": [
    {
      "value": "Introduction",
      "url": "#introduction",
      "depth": 2
    },
    {
      "value": "V1 to V2",
      "url": "#v1-to-v2",
      "depth": 2
    },
    {
      "value": "Next.js App Directory and React Server Components",
      "url": "#nextjs-app-directory-and-react-server-components",
      "depth": 2
    },
    {
      "value": "Typescript First",
      "url": "#typescript-first",
      "depth": 2
    },
    {
      "value": "Contentlayer",
      "url": "#contentlayer",
      "depth": 2
    },
    {
      "value": "Pliny",
      "url": "#pliny",
      "depth": 2
    },
    {
      "value": "New Search Component",
      "url": "#new-search-component",
      "depth": 2
    },
    {
      "value": "Algolia",
      "url": "#algolia",
      "depth": 3
    },
    {
      "value": "Kbar",
      "url": "#kbar",
      "depth": 3
    },
    {
      "value": "Styling and Layout Updates",
      "url": "#styling-and-layout-updates",
      "depth": 2
    },
    {
      "value": "Theming",
      "url": "#theming",
      "depth": 3
    },
    {
      "value": "New Layouts",
      "url": "#new-layouts",
      "depth": 3
    },
    {
      "value": "Migration Recommendations",
      "url": "#migration-recommendations",
      "depth": 2
    },
    {
      "value": "Conclusion",
      "url": "#conclusion",
      "depth": 2
    },
    {
      "value": "Support",
      "url": "#support",
      "depth": 2
    },
    {
      "value": "Licence",
      "url": "#licence",
      "depth": 2
    }
  ],
  "structuredData": {
    "@context": "https://schema.org",
    "@type": "BlogPosting",
    "headline": "Release of Tailwind Nextjs Starter Blog v2.0",
    "datePublished": "2023-08-05T00:00:00.000Z",
    "dateModified": "2023-08-05T00:00:00.000Z",
    "description": "Release of Tailwind Nextjs Starter Blog template v2.0, refactored with Nextjs App directory and React Server Components setup.Discover the new features and how to migrate from V1.",
    "image": "/static/images/twitter-card.png",
    "url": "https://tailwind-nextjs-starter-blog.vercel.app/blog/release-of-tailwind-nextjs-starter-blog-v2.0"
  }
}