{
  "title": "Culpa tempore culpa",
  "date": "2015-08-10T00:00:00.000Z",
  "tags": [
    "Excepturi et veniam"
  ],
  "summary": "Consequuntur aut nih",
  "authors": [
    "Possimus et aut sed"
  ],
  "body": {
    "raw": "In enim nulla sapien",
    "code": "var Component=(()=>{var l=Object.create;var u=Object.defineProperty;var x=Object.getOwnPropertyDescriptor;var d=Object.getOwnPropertyNames;var f=Object.getPrototypeOf,h=Object.prototype.hasOwnProperty;var _=(t,n)=>()=>(n||t((n={exports:{}}).exports,n),n.exports),C=(t,n)=>{for(var e in n)u(t,e,{get:n[e],enumerable:!0})},a=(t,n,e,s)=>{if(n&&typeof n==\"object\"||typeof n==\"function\")for(let o of d(n))!h.call(t,o)&&o!==e&&u(t,o,{get:()=>n[o],enumerable:!(s=x(n,o))||s.enumerable});return t};var j=(t,n,e)=>(e=t!=null?l(f(t)):{},a(n||!t||!t.__esModule?u(e,\"default\",{value:t,enumerable:!0}):e,t)),M=t=>a(u({},\"__esModule\",{value:!0}),t);var c=_((D,i)=>{i.exports=_jsx_runtime});var q={};C(q,{default:()=>p,frontmatter:()=>g});var r=j(c()),g={title:\"Culpa tempore culpa\",date:\"2015-08-10\",slug:\"Architecto quo minim\",tags:[\"Excepturi et veniam\"],authors:[\"Possimus et aut sed\"],summary:\"Consequuntur aut nih\"};function m(t){let n={p:\"p\",...t.components};return(0,r.jsx)(n.p,{children:\"In enim nulla sapien\"})}function p(t={}){let{wrapper:n}=t.components||{};return n?(0,r.jsx)(n,{...t,children:(0,r.jsx)(m,{...t})}):m(t)}return M(q);})();\n;return Component;"
  },
  "_id": "blog/Architecto-quo-minim.mdx",
  "_raw": {
    "sourceFilePath": "blog/Architecto-quo-minim.mdx",
    "sourceFileName": "Architecto-quo-minim.mdx",
    "sourceFileDir": "blog",
    "contentType": "mdx",
    "flattenedPath": "blog/Architecto-quo-minim"
  },
  "type": "Blog",
  "readingTime": {
    "text": "1 min read",
    "minutes": 0.02,
    "time": 1200,
    "words": 4
  },
  "slug": "Architecto-quo-minim",
  "path": "blog/Architecto-quo-minim",
  "filePath": "blog/Architecto-quo-minim.mdx",
  "toc": [],
  "structuredData": {
    "@context": "https://schema.org",
    "@type": "BlogPosting",
    "headline": "Culpa tempore culpa",
    "datePublished": "2015-08-10T00:00:00.000Z",
    "dateModified": "2015-08-10T00:00:00.000Z",
    "description": "Consequuntur aut nih",
    "image": "/static/images/twitter-card.jpg",
    "url": "https://tailwind-nextjs-starter-blog.vercel.app/blog/Architecto-quo-minim"
  }
}