{
  "title": "Inventore ex ut omni",
  "date": "1971-07-20T00:00:00.000Z",
  "tags": [
    "Consectetur ratione"
  ],
  "summary": "Eaque provident dol",
  "authors": [
    "Cillum laboris enim"
  ],
  "body": {
    "raw": "Eligendi voluptas re",
    "code": "var Component=(()=>{var p=Object.create;var r=Object.defineProperty;var d=Object.getOwnPropertyDescriptor;var x=Object.getOwnPropertyNames;var f=Object.getPrototypeOf,_=Object.prototype.hasOwnProperty;var v=(t,e)=>()=>(e||t((e={exports:{}}).exports,e),e.exports),C=(t,e)=>{for(var n in e)r(t,n,{get:e[n],enumerable:!0})},u=(t,e,n,s)=>{if(e&&typeof e==\"object\"||typeof e==\"function\")for(let o of x(e))!_.call(t,o)&&o!==n&&r(t,o,{get:()=>e[o],enumerable:!(s=d(e,o))||s.enumerable});return t};var g=(t,e,n)=>(n=t!=null?p(f(t)):{},u(e||!t||!t.__esModule?r(n,\"default\",{value:t,enumerable:!0}):n,t)),h=t=>u(r({},\"__esModule\",{value:!0}),t);var m=v((y,a)=>{a.exports=_jsx_runtime});var E={};C(E,{default:()=>l,frontmatter:()=>j});var i=g(m()),j={title:\"Inventore ex ut omni\",date:\"1971-07-20\",slug:\"Et porro impedit vo\",tags:[\"Consectetur ratione\"],authors:[\"Cillum laboris enim\"],summary:\"Eaque provident dol\"};function c(t){let e={p:\"p\",...t.components};return(0,i.jsx)(e.p,{children:\"Eligendi voluptas re\"})}function l(t={}){let{wrapper:e}=t.components||{};return e?(0,i.jsx)(e,{...t,children:(0,i.jsx)(c,{...t})}):c(t)}return h(E);})();\n;return Component;"
  },
  "_id": "blog/Et porro impedit vo.mdx",
  "_raw": {
    "sourceFilePath": "blog/Et porro impedit vo.mdx",
    "sourceFileName": "Et porro impedit vo.mdx",
    "sourceFileDir": "blog",
    "contentType": "mdx",
    "flattenedPath": "blog/Et porro impedit vo"
  },
  "type": "Blog",
  "readingTime": {
    "text": "1 min read",
    "minutes": 0.015,
    "time": 900,
    "words": 3
  },
  "slug": "Et porro impedit vo",
  "path": "blog/Et porro impedit vo",
  "filePath": "blog/Et porro impedit vo.mdx",
  "toc": [],
  "structuredData": {
    "@context": "https://schema.org",
    "@type": "BlogPosting",
    "headline": "Inventore ex ut omni",
    "datePublished": "1971-07-20T00:00:00.000Z",
    "dateModified": "1971-07-20T00:00:00.000Z",
    "description": "Eaque provident dol",
    "image": "/static/images/twitter-card.jpg",
    "url": "https://tailwind-nextjs-starter-blog.vercel.app/blog/Et porro impedit vo"
  }
}