{
  "title": "How to Find the \"Best\" Hiking Trails Near You: A Beginner's Guide",
  "date": "2023-06-15T00:00:00.000Z",
  "tags": [
    "hiking",
    "outdoors",
    "beginner's guide"
  ],
  "draft": false,
  "slug": "how-to-find-the-best-hiking-trails-near-you",
  "summary": "Discover the best hiking trails in your area with these tips and resources.",
  "authors": [
    "default"
  ],
  "body": {
    "raw": "\n# How to Find the \"Best\" Hiking Trails Near You: A Beginner's Guide\n\nHiking is a wonderful way to connect with nature and get exercise. This guide will help you find the perfect trails.",
    "code": "var Component=(()=>{var u=Object.create;var r=Object.defineProperty;var g=Object.getOwnPropertyDescriptor;var p=Object.getOwnPropertyNames;var w=Object.getPrototypeOf,f=Object.prototype.hasOwnProperty;var m=(t,e)=>()=>(e||t((e={exports:{}}).exports,e),e.exports),x=(t,e)=>{for(var i in e)r(t,i,{get:e[i],enumerable:!0})},o=(t,e,i,s)=>{if(e&&typeof e==\"object\"||typeof e==\"function\")for(let a of p(e))!f.call(t,a)&&a!==i&&r(t,a,{get:()=>e[a],enumerable:!(s=g(e,a))||s.enumerable});return t};var k=(t,e,i)=>(i=t!=null?u(w(t)):{},o(e||!t||!t.__esModule?r(i,\"default\",{value:t,enumerable:!0}):i,t)),b=t=>o(r({},\"__esModule\",{value:!0}),t);var l=m((j,h)=>{h.exports=_jsx_runtime});var _={};x(_,{default:()=>c,frontmatter:()=>y});var n=k(l()),y={title:`How to Find the \"Best\" Hiking Trails Near You: A Beginner's Guide`,date:\"2023-06-15\",slug:\"how-to-find-the-best-hiking-trails-near-you\",tags:[\"hiking\",\"outdoors\",\"beginner's guide\"],authors:[\"default\"],draft:!1,summary:\"Discover the best hiking trails in your area with these tips and resources.\"};function d(t){let e={a:\"a\",h1:\"h1\",p:\"p\",path:\"path\",span:\"span\",svg:\"svg\",...t.components};return(0,n.jsxs)(n.Fragment,{children:[(0,n.jsxs)(e.h1,{className:\"content-header\",id:\"how-to-find-the-best-hiking-trails-near-you-a-beginners-guide\",children:[(0,n.jsx)(e.a,{\"aria-hidden\":\"true\",href:\"#how-to-find-the-best-hiking-trails-near-you-a-beginners-guide\",tabIndex:\"-1\",children:(0,n.jsx)(n.Fragment,{children:(0,n.jsx)(e.span,{className:\"content-header-link\",children:(0,n.jsxs)(e.svg,{className:\"h-5 linkicon w-5\",fill:\"currentColor\",viewBox:\"0 0 20 20\",xmlns:\"http://www.w3.org/2000/svg\",children:[(0,n.jsx)(e.path,{d:\"M12.232 4.232a2.5 2.5 0 0 1 3.536 3.536l-1.225 1.224a.75.75 0 0 0 1.061 1.06l1.224-1.224a4 4 0 0 0-5.656-5.656l-3 3a4 4 0 0 0 .225 5.865.75.75 0 0 0 .977-1.138 2.5 2.5 0 0 1-.142-3.667l3-3Z\"}),(0,n.jsx)(e.path,{d:\"M11.603 7.963a.75.75 0 0 0-.977 1.138 2.5 2.5 0 0 1 .142 3.667l-3 3a2.5 2.5 0 0 1-3.536-3.536l1.225-1.224a.75.75 0 0 0-1.061-1.06l-1.224 1.224a4 4 0 1 0 5.656 5.656l3-3a4 4 0 0 0-.225-5.865Z\"})]})})})}),`How to Find the \"Best\" Hiking Trails Near You: A Beginner's Guide`]}),(0,n.jsx)(e.p,{children:\"Hiking is a wonderful way to connect with nature and get exercise. This guide will help you find the perfect trails.\"})]})}function c(t={}){let{wrapper:e}=t.components||{};return e?(0,n.jsx)(e,{...t,children:(0,n.jsx)(d,{...t})}):d(t)}return b(_);})();\n;return Component;"
  },
  "_id": "blog/how-to-find-the-best-hiking-trails-near-you.mdx",
  "_raw": {
    "sourceFilePath": "blog/how-to-find-the-best-hiking-trails-near-you.mdx",
    "sourceFileName": "how-to-find-the-best-hiking-trails-near-you.mdx",
    "sourceFileDir": "blog",
    "contentType": "mdx",
    "flattenedPath": "blog/how-to-find-the-best-hiking-trails-near-you"
  },
  "type": "Blog",
  "readingTime": {
    "text": "1 min read",
    "minutes": 0.17,
    "time": 10200,
    "words": 34
  },
  "path": "blog/how-to-find-the-best-hiking-trails-near-you",
  "filePath": "blog/how-to-find-the-best-hiking-trails-near-you.mdx",
  "toc": [
    {
      "value": "How to Find the \"Best\" Hiking Trails Near You: A Beginner's Guide",
      "url": "#how-to-find-the-best-hiking-trails-near-you-a-beginners-guide",
      "depth": 1
    }
  ],
  "structuredData": {
    "@context": "https://schema.org",
    "@type": "BlogPosting",
    "headline": "How to Find the \"Best\" Hiking Trails Near You: A Beginner's Guide",
    "datePublished": "2023-06-15T00:00:00.000Z",
    "dateModified": "2023-06-15T00:00:00.000Z",
    "description": "Discover the best hiking trails in your area with these tips and resources.",
    "image": "/static/images/twitter-card.jpg",
    "url": "https://tailwind-nextjs-starter-blog.vercel.app/blog/how-to-find-the-best-hiking-trails-near-you"
  }
}