{
  "title": "5 Unexpected Benefits of AI-Powered Hiking Trail Recommendations",
  "date": "2025-04-09T00:00:00.000Z",
  "tags": [],
  "slug": "5-unexpected-benefits-of-ai-powered-hiking-trail-recommendations",
  "summary": "Discover how AI can revolutionize your hiking experience, providing personalized trail recommendations and enhancing safety on the trails.",
  "body": {
    "raw": "hello",
    "code": "var Component=(()=>{var p=Object.create;var i=Object.defineProperty;var u=Object.getOwnPropertyDescriptor;var f=Object.getOwnPropertyNames;var x=Object.getPrototypeOf,h=Object.prototype.hasOwnProperty;var g=(e,n)=>()=>(n||e((n={exports:{}}).exports,n),n.exports),_=(e,n)=>{for(var t in n)i(e,t,{get:n[t],enumerable:!0})},c=(e,n,t,a)=>{if(n&&typeof n==\"object\"||typeof n==\"function\")for(let o of f(n))!h.call(e,o)&&o!==t&&i(e,o,{get:()=>n[o],enumerable:!(a=u(n,o))||a.enumerable});return e};var w=(e,n,t)=>(t=e!=null?p(x(e)):{},c(n||!e||!e.__esModule?i(t,\"default\",{value:e,enumerable:!0}):t,e)),y=e=>c(i({},\"__esModule\",{value:!0}),e);var d=g((D,s)=>{s.exports=_jsx_runtime});var k={};_(k,{default:()=>l,frontmatter:()=>j});var r=w(d()),j={title:\"5 Unexpected Benefits of AI-Powered Hiking Trail Recommendations\",date:\"2025-04-09\",slug:\"5-unexpected-benefits-of-ai-powered-hiking-trail-recommendations\",summary:\"Discover how AI can revolutionize your hiking experience, providing personalized trail recommendations and enhancing safety on the trails.\"};function m(e){let n={p:\"p\",...e.components};return(0,r.jsx)(n.p,{children:\"hello\"})}function l(e={}){let{wrapper:n}=e.components||{};return n?(0,r.jsx)(n,{...e,children:(0,r.jsx)(m,{...e})}):m(e)}return y(k);})();\n;return Component;"
  },
  "_id": "blog/5-unexpected-benefits-of-ai-powered-hiking-trail-recommendations.mdx",
  "_raw": {
    "sourceFilePath": "blog/5-unexpected-benefits-of-ai-powered-hiking-trail-recommendations.mdx",
    "sourceFileName": "5-unexpected-benefits-of-ai-powered-hiking-trail-recommendations.mdx",
    "sourceFileDir": "blog",
    "contentType": "mdx",
    "flattenedPath": "blog/5-unexpected-benefits-of-ai-powered-hiking-trail-recommendations"
  },
  "type": "Blog",
  "readingTime": {
    "text": "1 min read",
    "minutes": 0.005,
    "time": 300,
    "words": 1
  },
  "path": "blog/5-unexpected-benefits-of-ai-powered-hiking-trail-recommendations",
  "filePath": "blog/5-unexpected-benefits-of-ai-powered-hiking-trail-recommendations.mdx",
  "toc": [],
  "structuredData": {
    "@context": "https://schema.org",
    "@type": "BlogPosting",
    "headline": "5 Unexpected Benefits of AI-Powered Hiking Trail Recommendations",
    "datePublished": "2025-04-09T00:00:00.000Z",
    "dateModified": "2025-04-09T00:00:00.000Z",
    "description": "Discover how AI can revolutionize your hiking experience, providing personalized trail recommendations and enhancing safety on the trails.",
    "image": "/static/images/twitter-card.jpg",
    "url": "https://tailwind-nextjs-starter-blog.vercel.app/blog/5-unexpected-benefits-of-ai-powered-hiking-trail-recommendations"
  }
}