{
  "title": "How to Plan the Perfect Hike: A Step by Step Guide Using Dinamount",
  "date": "2025-04-13T00:00:00.000Z",
  "tags": [
    "hiking",
    "outdoors",
    "nature",
    "beginners-guide",
    "trail-finding"
  ],
  "draft": false,
  "slug": "how-to-plan-the-perfect-hike-a-step-by-step-guide-using-dinamount",
  "summary": "This guide details how to plan a safe and enjoyable hike using Dinamount's features, including personalized trail recommendations, real-time conditions, and route planning tools.",
  "authors": [
    "default"
  ],
  "body": {
    "raw": "\n# How to Plan the Perfect Hike: A Step-by-Step Guide Using Dinamount\n\nAre you dreaming of conquering breathtaking peaks, exploring hidden valleys, or simply escaping into the tranquility of nature? Hiking offers a fantastic way to connect with the outdoors, challenge yourself physically, and recharge your mental batteries. But a successful hike requires more than just lacing up your boots. Careful planning is essential for safety, enjoyment, and maximizing your time on the trail. That's where Dinamount comes in. This comprehensive guide will walk you through the step-by-step process of planning the perfect hike, leveraging Dinamount's powerful features for personalized recommendations, real-time conditions, and effortless route planning.\n\n## 1. Define Your Hiking Goals and Preferences\n\nBefore diving into Dinamount, take a moment to reflect on what you want to get out of your hike. Consider these factors:\n\n*   **Distance and Duration:** How many miles do you want to hike? How many hours or days will the hike last?\n*   **Elevation Gain:** Are you comfortable with steep inclines, or do you prefer a more gradual ascent?\n*   **Difficulty Level:** Are you looking for a challenging workout or a leisurely stroll?\n*   **Terrain:** Do you prefer well-maintained trails, rocky paths, or forest floors?\n*   **Scenery:** What kind of views are you hoping for? Mountain vistas, waterfalls, lakes, or lush forests?\n*   **Group Size:** Will you be hiking solo, with a partner, or in a group?\n*   **Experience Level:** Are you a seasoned hiker or a beginner?\n\nUnderstanding your preferences will help you narrow down your search and find trails that are perfectly suited to your needs. If you're new to hiking, start with shorter, easier trails and gradually increase the difficulty as you gain experience. For valuable tips on finding suitable trails, check out our guide: [How to Find the Best Hiking Trails Near You: A Beginner's Guide](how-to-find-the-best-hiking-trails-near-you-a-beginners-guide).\n\n## 2. Discover Trails with Dinamount's Personalized Recommendations\n\nDinamount's AI-powered recommendation engine takes the guesswork out of finding the ideal hike. Simply input your preferences (distance, elevation, difficulty, etc.), and Dinamount will generate a list of trails that match your criteria. Here’s how to get started:\n\n1.  **Create a Dinamount Account:** If you don't already have one, sign up for a free Dinamount account on their website or mobile app.\n2.  **Set Your Preferences:** Navigate to the \\\"Preferences\\\" section and specify your desired hiking parameters. Be as detailed as possible to get the most relevant recommendations.\n3.  **Explore Recommended Trails:** Browse the list of trails recommended by Dinamount. Each trail listing includes:\n    *   **Trail Name and Location:** Clearly identifies the trail and its geographical location.\n    *   **Distance and Elevation Gain:** Provides key metrics about the trail's length and vertical ascent.\n    *   **Difficulty Rating:** Assigns a difficulty level (e.g., easy, moderate, strenuous) based on the trail's characteristics.\n    *   **User Reviews and Ratings:** Offers insights from other hikers about their experiences on the trail.\n    *   **Photos and Videos:** Showcases the trail's scenery and conditions.\n\n## 3. Analyze Real-Time Trail Conditions\n\nBefore committing to a trail, it's crucial to check the current conditions. Dinamount provides real-time updates on:\n\n*   **Weather Forecast:** Get up-to-the-minute weather information for the trail area, including temperature, precipitation, wind speed, and visibility.\n*   **Trail Closures:** Check for any temporary or permanent trail closures due to construction, weather events, or other factors.\n*   **Trail Reports:** Read recent reports from other hikers about trail conditions, such as muddy patches, fallen trees, or icy sections.\n*   **Crowd Levels:** Get an estimate of how crowded the trail is likely to be, helping you avoid peak hours and find a more secluded experience.\n\nThis information is invaluable for making informed decisions and adjusting your plans as needed. Imagine planning a hike with stunning views, only to arrive and find the trail closed due to heavy snowfall. Dinamount helps you avoid such disappointments.\n\n## 4. Plan Your Route with Dinamount's Mapping Tools\n\nOnce you've chosen a trail, use Dinamount's mapping tools to plan your route. You can:\n\n*   **View Interactive Maps:** Explore detailed topographic maps of the trail area, showing elevation contours, landmarks, and points of interest.\n*   **Create Custom Routes:** Draw your own route on the map, customizing the distance and elevation gain to your liking.\n*   **Download Offline Maps:** Download maps to your device for offline use, ensuring you can navigate even without a cellular signal.\n*   **Identify Water Sources and Campsites:** Locate potential water sources and campsites along the trail, essential for multi-day hikes.\n\n## 5. Prepare Your Gear and Supplies\n\nProper gear is essential for a safe and enjoyable hike. Here's a checklist of essential items:\n\n*   **Hiking Boots:** Choose sturdy, comfortable hiking boots that provide good ankle support.\n*   **Backpack:** Select a backpack that's appropriately sized for your hike and can comfortably carry all your gear.\n*   **Water Bottles or Hydration Reservoir:** Stay hydrated by carrying plenty of water. A good rule of thumb is to bring at least 2 liters of water for a moderate day hike.\n*   **Snacks:** Pack high-energy snacks like trail mix, energy bars, fruits, and nuts to keep your energy levels up.\n*   **Navigation Tools:** Bring a map, compass, and GPS device (or smartphone with GPS capabilities) to help you navigate.\n*   **First-Aid Kit:** Pack a basic first-aid kit with bandages, antiseptic wipes, pain relievers, and any personal medications you may need.\n*   **Sun Protection:** Protect yourself from the sun with sunscreen, a hat, and sunglasses.\n*   **Rain Gear:** Be prepared for unexpected rain with a waterproof jacket and pants.\n*   **Headlamp or Flashlight:** Bring a headlamp or flashlight in case you get caught out after dark.\n*   **Multi-Tool or Knife:** A multi-tool or knife can be useful for a variety of tasks, such as cutting rope, repairing gear, or preparing food.\n*   **Insect Repellent:** Protect yourself from insect bites with insect repellent.\n\n## 6. Share Your Plans and Stay Safe\n\nBefore heading out on your hike, it's important to share your plans with someone. Let them know:\n\n*   **Your Destination:** The specific trail you'll be hiking.\n*   **Your Route:** The planned route you'll be taking.\n*   **Your Estimated Return Time:** When you expect to be back.\n*   **Emergency Contact Information:** The contact information of someone who can be reached in case of an emergency.\n\nThis information can be crucial in case of an accident or emergency. Consider using Dinamount's built-in sharing feature to easily share your hiking plans with friends and family.\n\nHere's a table summarizing key considerations for hike planning:\n\n| Factor          | Considerations                                                                 |\n|-----------------|-----------------------------------------------------------------------------|\n| **Difficulty**  | Distance, elevation gain, terrain                                            |\n| **Conditions**  | Weather, trail closures, recent trail reports                                |\n| **Gear**        | Boots, backpack, water, snacks, navigation, first-aid, sun protection, rain gear |\n| **Communication** | Share plans, emergency contacts                                            |\n\n## 7. Leave No Trace\n\nIt's crucial to minimize your impact on the environment while hiking. Follow the Leave No Trace principles:\n\n1.  **Plan Ahead and Prepare:** Know the regulations and special concerns for the area you'll be visiting.\n2.  **Travel and Camp on Durable Surfaces:** Stick to established trails and campsites.\n3.  **Dispose of Waste Properly:** Pack out everything you pack in, including food wrappers, bottles, and trash.\n4.  **Leave What You Find:** Leave natural objects and cultural artifacts undisturbed.\n5.  **Minimize Campfire Impacts:** Use stoves for cooking and avoid building campfires whenever possible.\n6.  **Respect Wildlife:** Observe wildlife from a distance and never feed them.\n7.  **Be Considerate of Other Visitors:** Respect the peace and quiet of the outdoors.\n\nBy following these principles, you can help protect the environment and ensure that future generations can enjoy the beauty of nature.\n\n## Conclusion: Your Adventure Awaits\n\nPlanning the perfect hike doesn't have to be a daunting task. With Dinamount's powerful features and this step-by-step guide, you can confidently embark on unforgettable outdoor adventures. Remember to define your goals, analyze trail conditions, plan your route, prepare your gear, share your plans, and leave no trace. For more insights on boosting your visibility and planning, see our blog post on [How SEO Can Boost Your Business Sales](seo-business-sales). Now, lace up your boots, grab your backpack, and get ready to explore the wonders of nature! Download Dinamount today and start planning your next perfect hike!\n\n**External Resources:**\n\n1.  AllTrails: A popular platform for discovering and sharing hiking trails: [https://www.alltrails.com/](https://www.alltrails.com/)\n2.  REI Expert Advice: Offers a wealth of information on hiking gear, techniques, and safety: [https://www.rei.com/learn/expert-advice.html](https://www.rei.com/learn/expert-advice.html)",
    "code": "var Component=(()=>{var u=Object.create;var t=Object.defineProperty;var p=Object.getOwnPropertyDescriptor;var g=Object.getOwnPropertyNames;var m=Object.getPrototypeOf,f=Object.prototype.hasOwnProperty;var y=(i,n)=>()=>(n||i((n={exports:{}}).exports,n),n.exports),w=(i,n)=>{for(var a in n)t(i,a,{get:n[a],enumerable:!0})},l=(i,n,a,o)=>{if(n&&typeof n==\"object\"||typeof n==\"function\")for(let r of g(n))!f.call(i,r)&&r!==a&&t(i,r,{get:()=>n[r],enumerable:!(o=p(n,r))||o.enumerable});return i};var k=(i,n,a)=>(a=i!=null?u(m(i)):{},l(n||!i||!i.__esModule?t(a,\"default\",{value:i,enumerable:!0}):a,i)),v=i=>l(t({},\"__esModule\",{value:!0}),i);var d=y((N,s)=>{s.exports=_jsx_runtime});var x={};w(x,{default:()=>h,frontmatter:()=>b});var e=k(d()),b={title:\"How to Plan the Perfect Hike: A Step by Step Guide Using Dinamount\",date:\"2025-04-13\",slug:\"how-to-plan-the-perfect-hike-a-step-by-step-guide-using-dinamount\",summary:\"This guide details how to plan a safe and enjoyable hike using Dinamount's features, including personalized trail recommendations, real-time conditions, and route planning tools.\",tags:[\"hiking\",\"outdoors\",\"nature\",\"beginners-guide\",\"trail-finding\"],draft:!1,authors:[\"default\"]};function c(i){let n={a:\"a\",h1:\"h1\",h2:\"h2\",li:\"li\",ol:\"ol\",p:\"p\",path:\"path\",span:\"span\",strong:\"strong\",svg:\"svg\",table:\"table\",tbody:\"tbody\",td:\"td\",th:\"th\",thead:\"thead\",tr:\"tr\",ul:\"ul\",...i.components};return(0,e.jsxs)(e.Fragment,{children:[(0,e.jsxs)(n.h1,{className:\"content-header\",id:\"how-to-plan-the-perfect-hike-a-step-by-step-guide-using-dinamount\",children:[(0,e.jsx)(n.a,{href:\"#how-to-plan-the-perfect-hike-a-step-by-step-guide-using-dinamount\",\"aria-hidden\":\"true\",tabIndex:\"-1\",children:(0,e.jsx)(e.Fragment,{children:(0,e.jsx)(n.span,{className:\"content-header-link\",children:(0,e.jsxs)(n.svg,{className:\"h-5 linkicon w-5\",fill:\"currentColor\",viewBox:\"0 0 20 20\",xmlns:\"http://www.w3.org/2000/svg\",children:[(0,e.jsx)(n.path,{d:\"M12.232 4.232a2.5 2.5 0 0 1 3.536 3.536l-1.225 1.224a.75.75 0 0 0 1.061 1.06l1.224-1.224a4 4 0 0 0-5.656-5.656l-3 3a4 4 0 0 0 .225 5.865.75.75 0 0 0 .977-1.138 2.5 2.5 0 0 1-.142-3.667l3-3Z\"}),(0,e.jsx)(n.path,{d:\"M11.603 7.963a.75.75 0 0 0-.977 1.138 2.5 2.5 0 0 1 .142 3.667l-3 3a2.5 2.5 0 0 1-3.536-3.536l1.225-1.224a.75.75 0 0 0-1.061-1.06l-1.224 1.224a4 4 0 1 0 5.656 5.656l3-3a4 4 0 0 0-.225-5.865Z\"})]})})})}),\"How to Plan the Perfect Hike: A Step-by-Step Guide Using Dinamount\"]}),(0,e.jsx)(n.p,{children:\"Are you dreaming of conquering breathtaking peaks, exploring hidden valleys, or simply escaping into the tranquility of nature? Hiking offers a fantastic way to connect with the outdoors, challenge yourself physically, and recharge your mental batteries. But a successful hike requires more than just lacing up your boots. Careful planning is essential for safety, enjoyment, and maximizing your time on the trail. That's where Dinamount comes in. This comprehensive guide will walk you through the step-by-step process of planning the perfect hike, leveraging Dinamount's powerful features for personalized recommendations, real-time conditions, and effortless route planning.\"}),(0,e.jsxs)(n.h2,{className:\"content-header\",id:\"1-define-your-hiking-goals-and-preferences\",children:[(0,e.jsx)(n.a,{href:\"#1-define-your-hiking-goals-and-preferences\",\"aria-hidden\":\"true\",tabIndex:\"-1\",children:(0,e.jsx)(e.Fragment,{children:(0,e.jsx)(n.span,{className:\"content-header-link\",children:(0,e.jsxs)(n.svg,{className:\"h-5 linkicon w-5\",fill:\"currentColor\",viewBox:\"0 0 20 20\",xmlns:\"http://www.w3.org/2000/svg\",children:[(0,e.jsx)(n.path,{d:\"M12.232 4.232a2.5 2.5 0 0 1 3.536 3.536l-1.225 1.224a.75.75 0 0 0 1.061 1.06l1.224-1.224a4 4 0 0 0-5.656-5.656l-3 3a4 4 0 0 0 .225 5.865.75.75 0 0 0 .977-1.138 2.5 2.5 0 0 1-.142-3.667l3-3Z\"}),(0,e.jsx)(n.path,{d:\"M11.603 7.963a.75.75 0 0 0-.977 1.138 2.5 2.5 0 0 1 .142 3.667l-3 3a2.5 2.5 0 0 1-3.536-3.536l1.225-1.224a.75.75 0 0 0-1.061-1.06l-1.224 1.224a4 4 0 1 0 5.656 5.656l3-3a4 4 0 0 0-.225-5.865Z\"})]})})})}),\"1. Define Your Hiking Goals and Preferences\"]}),(0,e.jsx)(n.p,{children:\"Before diving into Dinamount, take a moment to reflect on what you want to get out of your hike. Consider these factors:\"}),(0,e.jsxs)(n.ul,{children:[(0,e.jsxs)(n.li,{children:[(0,e.jsx)(n.strong,{children:\"Distance and Duration:\"}),\" How many miles do you want to hike? How many hours or days will the hike last?\"]}),(0,e.jsxs)(n.li,{children:[(0,e.jsx)(n.strong,{children:\"Elevation Gain:\"}),\" Are you comfortable with steep inclines, or do you prefer a more gradual ascent?\"]}),(0,e.jsxs)(n.li,{children:[(0,e.jsx)(n.strong,{children:\"Difficulty Level:\"}),\" Are you looking for a challenging workout or a leisurely stroll?\"]}),(0,e.jsxs)(n.li,{children:[(0,e.jsx)(n.strong,{children:\"Terrain:\"}),\" Do you prefer well-maintained trails, rocky paths, or forest floors?\"]}),(0,e.jsxs)(n.li,{children:[(0,e.jsx)(n.strong,{children:\"Scenery:\"}),\" What kind of views are you hoping for? Mountain vistas, waterfalls, lakes, or lush forests?\"]}),(0,e.jsxs)(n.li,{children:[(0,e.jsx)(n.strong,{children:\"Group Size:\"}),\" Will you be hiking solo, with a partner, or in a group?\"]}),(0,e.jsxs)(n.li,{children:[(0,e.jsx)(n.strong,{children:\"Experience Level:\"}),\" Are you a seasoned hiker or a beginner?\"]})]}),(0,e.jsxs)(n.p,{children:[\"Understanding your preferences will help you narrow down your search and find trails that are perfectly suited to your needs. If you're new to hiking, start with shorter, easier trails and gradually increase the difficulty as you gain experience. For valuable tips on finding suitable trails, check out our guide: \",(0,e.jsx)(n.a,{href:\"how-to-find-the-best-hiking-trails-near-you-a-beginners-guide\",children:\"How to Find the Best Hiking Trails Near You: A Beginner's Guide\"}),\".\"]}),(0,e.jsxs)(n.h2,{className:\"content-header\",id:\"2-discover-trails-with-dinamounts-personalized-recommendations\",children:[(0,e.jsx)(n.a,{href:\"#2-discover-trails-with-dinamounts-personalized-recommendations\",\"aria-hidden\":\"true\",tabIndex:\"-1\",children:(0,e.jsx)(e.Fragment,{children:(0,e.jsx)(n.span,{className:\"content-header-link\",children:(0,e.jsxs)(n.svg,{className:\"h-5 linkicon w-5\",fill:\"currentColor\",viewBox:\"0 0 20 20\",xmlns:\"http://www.w3.org/2000/svg\",children:[(0,e.jsx)(n.path,{d:\"M12.232 4.232a2.5 2.5 0 0 1 3.536 3.536l-1.225 1.224a.75.75 0 0 0 1.061 1.06l1.224-1.224a4 4 0 0 0-5.656-5.656l-3 3a4 4 0 0 0 .225 5.865.75.75 0 0 0 .977-1.138 2.5 2.5 0 0 1-.142-3.667l3-3Z\"}),(0,e.jsx)(n.path,{d:\"M11.603 7.963a.75.75 0 0 0-.977 1.138 2.5 2.5 0 0 1 .142 3.667l-3 3a2.5 2.5 0 0 1-3.536-3.536l1.225-1.224a.75.75 0 0 0-1.061-1.06l-1.224 1.224a4 4 0 1 0 5.656 5.656l3-3a4 4 0 0 0-.225-5.865Z\"})]})})})}),\"2. Discover Trails with Dinamount's Personalized Recommendations\"]}),(0,e.jsx)(n.p,{children:\"Dinamount's AI-powered recommendation engine takes the guesswork out of finding the ideal hike. Simply input your preferences (distance, elevation, difficulty, etc.), and Dinamount will generate a list of trails that match your criteria. Here\\u2019s how to get started:\"}),(0,e.jsxs)(n.ol,{children:[(0,e.jsxs)(n.li,{children:[(0,e.jsx)(n.strong,{children:\"Create a Dinamount Account:\"}),\" If you don't already have one, sign up for a free Dinamount account on their website or mobile app.\"]}),(0,e.jsxs)(n.li,{children:[(0,e.jsx)(n.strong,{children:\"Set Your Preferences:\"}),' Navigate to the \"Preferences\" section and specify your desired hiking parameters. Be as detailed as possible to get the most relevant recommendations.']}),(0,e.jsxs)(n.li,{children:[(0,e.jsx)(n.strong,{children:\"Explore Recommended Trails:\"}),\" Browse the list of trails recommended by Dinamount. Each trail listing includes:\",(0,e.jsxs)(n.ul,{children:[(0,e.jsxs)(n.li,{children:[(0,e.jsx)(n.strong,{children:\"Trail Name and Location:\"}),\" Clearly identifies the trail and its geographical location.\"]}),(0,e.jsxs)(n.li,{children:[(0,e.jsx)(n.strong,{children:\"Distance and Elevation Gain:\"}),\" Provides key metrics about the trail's length and vertical ascent.\"]}),(0,e.jsxs)(n.li,{children:[(0,e.jsx)(n.strong,{children:\"Difficulty Rating:\"}),\" Assigns a difficulty level (e.g., easy, moderate, strenuous) based on the trail's characteristics.\"]}),(0,e.jsxs)(n.li,{children:[(0,e.jsx)(n.strong,{children:\"User Reviews and Ratings:\"}),\" Offers insights from other hikers about their experiences on the trail.\"]}),(0,e.jsxs)(n.li,{children:[(0,e.jsx)(n.strong,{children:\"Photos and Videos:\"}),\" Showcases the trail's scenery and conditions.\"]})]})]})]}),(0,e.jsxs)(n.h2,{className:\"content-header\",id:\"3-analyze-real-time-trail-conditions\",children:[(0,e.jsx)(n.a,{href:\"#3-analyze-real-time-trail-conditions\",\"aria-hidden\":\"true\",tabIndex:\"-1\",children:(0,e.jsx)(e.Fragment,{children:(0,e.jsx)(n.span,{className:\"content-header-link\",children:(0,e.jsxs)(n.svg,{className:\"h-5 linkicon w-5\",fill:\"currentColor\",viewBox:\"0 0 20 20\",xmlns:\"http://www.w3.org/2000/svg\",children:[(0,e.jsx)(n.path,{d:\"M12.232 4.232a2.5 2.5 0 0 1 3.536 3.536l-1.225 1.224a.75.75 0 0 0 1.061 1.06l1.224-1.224a4 4 0 0 0-5.656-5.656l-3 3a4 4 0 0 0 .225 5.865.75.75 0 0 0 .977-1.138 2.5 2.5 0 0 1-.142-3.667l3-3Z\"}),(0,e.jsx)(n.path,{d:\"M11.603 7.963a.75.75 0 0 0-.977 1.138 2.5 2.5 0 0 1 .142 3.667l-3 3a2.5 2.5 0 0 1-3.536-3.536l1.225-1.224a.75.75 0 0 0-1.061-1.06l-1.224 1.224a4 4 0 1 0 5.656 5.656l3-3a4 4 0 0 0-.225-5.865Z\"})]})})})}),\"3. Analyze Real-Time Trail Conditions\"]}),(0,e.jsx)(n.p,{children:\"Before committing to a trail, it's crucial to check the current conditions. Dinamount provides real-time updates on:\"}),(0,e.jsxs)(n.ul,{children:[(0,e.jsxs)(n.li,{children:[(0,e.jsx)(n.strong,{children:\"Weather Forecast:\"}),\" Get up-to-the-minute weather information for the trail area, including temperature, precipitation, wind speed, and visibility.\"]}),(0,e.jsxs)(n.li,{children:[(0,e.jsx)(n.strong,{children:\"Trail Closures:\"}),\" Check for any temporary or permanent trail closures due to construction, weather events, or other factors.\"]}),(0,e.jsxs)(n.li,{children:[(0,e.jsx)(n.strong,{children:\"Trail Reports:\"}),\" Read recent reports from other hikers about trail conditions, such as muddy patches, fallen trees, or icy sections.\"]}),(0,e.jsxs)(n.li,{children:[(0,e.jsx)(n.strong,{children:\"Crowd Levels:\"}),\" Get an estimate of how crowded the trail is likely to be, helping you avoid peak hours and find a more secluded experience.\"]})]}),(0,e.jsx)(n.p,{children:\"This information is invaluable for making informed decisions and adjusting your plans as needed. Imagine planning a hike with stunning views, only to arrive and find the trail closed due to heavy snowfall. Dinamount helps you avoid such disappointments.\"}),(0,e.jsxs)(n.h2,{className:\"content-header\",id:\"4-plan-your-route-with-dinamounts-mapping-tools\",children:[(0,e.jsx)(n.a,{href:\"#4-plan-your-route-with-dinamounts-mapping-tools\",\"aria-hidden\":\"true\",tabIndex:\"-1\",children:(0,e.jsx)(e.Fragment,{children:(0,e.jsx)(n.span,{className:\"content-header-link\",children:(0,e.jsxs)(n.svg,{className:\"h-5 linkicon w-5\",fill:\"currentColor\",viewBox:\"0 0 20 20\",xmlns:\"http://www.w3.org/2000/svg\",children:[(0,e.jsx)(n.path,{d:\"M12.232 4.232a2.5 2.5 0 0 1 3.536 3.536l-1.225 1.224a.75.75 0 0 0 1.061 1.06l1.224-1.224a4 4 0 0 0-5.656-5.656l-3 3a4 4 0 0 0 .225 5.865.75.75 0 0 0 .977-1.138 2.5 2.5 0 0 1-.142-3.667l3-3Z\"}),(0,e.jsx)(n.path,{d:\"M11.603 7.963a.75.75 0 0 0-.977 1.138 2.5 2.5 0 0 1 .142 3.667l-3 3a2.5 2.5 0 0 1-3.536-3.536l1.225-1.224a.75.75 0 0 0-1.061-1.06l-1.224 1.224a4 4 0 1 0 5.656 5.656l3-3a4 4 0 0 0-.225-5.865Z\"})]})})})}),\"4. Plan Your Route with Dinamount's Mapping Tools\"]}),(0,e.jsx)(n.p,{children:\"Once you've chosen a trail, use Dinamount's mapping tools to plan your route. You can:\"}),(0,e.jsxs)(n.ul,{children:[(0,e.jsxs)(n.li,{children:[(0,e.jsx)(n.strong,{children:\"View Interactive Maps:\"}),\" Explore detailed topographic maps of the trail area, showing elevation contours, landmarks, and points of interest.\"]}),(0,e.jsxs)(n.li,{children:[(0,e.jsx)(n.strong,{children:\"Create Custom Routes:\"}),\" Draw your own route on the map, customizing the distance and elevation gain to your liking.\"]}),(0,e.jsxs)(n.li,{children:[(0,e.jsx)(n.strong,{children:\"Download Offline Maps:\"}),\" Download maps to your device for offline use, ensuring you can navigate even without a cellular signal.\"]}),(0,e.jsxs)(n.li,{children:[(0,e.jsx)(n.strong,{children:\"Identify Water Sources and Campsites:\"}),\" Locate potential water sources and campsites along the trail, essential for multi-day hikes.\"]})]}),(0,e.jsxs)(n.h2,{className:\"content-header\",id:\"5-prepare-your-gear-and-supplies\",children:[(0,e.jsx)(n.a,{href:\"#5-prepare-your-gear-and-supplies\",\"aria-hidden\":\"true\",tabIndex:\"-1\",children:(0,e.jsx)(e.Fragment,{children:(0,e.jsx)(n.span,{className:\"content-header-link\",children:(0,e.jsxs)(n.svg,{className:\"h-5 linkicon w-5\",fill:\"currentColor\",viewBox:\"0 0 20 20\",xmlns:\"http://www.w3.org/2000/svg\",children:[(0,e.jsx)(n.path,{d:\"M12.232 4.232a2.5 2.5 0 0 1 3.536 3.536l-1.225 1.224a.75.75 0 0 0 1.061 1.06l1.224-1.224a4 4 0 0 0-5.656-5.656l-3 3a4 4 0 0 0 .225 5.865.75.75 0 0 0 .977-1.138 2.5 2.5 0 0 1-.142-3.667l3-3Z\"}),(0,e.jsx)(n.path,{d:\"M11.603 7.963a.75.75 0 0 0-.977 1.138 2.5 2.5 0 0 1 .142 3.667l-3 3a2.5 2.5 0 0 1-3.536-3.536l1.225-1.224a.75.75 0 0 0-1.061-1.06l-1.224 1.224a4 4 0 1 0 5.656 5.656l3-3a4 4 0 0 0-.225-5.865Z\"})]})})})}),\"5. Prepare Your Gear and Supplies\"]}),(0,e.jsx)(n.p,{children:\"Proper gear is essential for a safe and enjoyable hike. Here's a checklist of essential items:\"}),(0,e.jsxs)(n.ul,{children:[(0,e.jsxs)(n.li,{children:[(0,e.jsx)(n.strong,{children:\"Hiking Boots:\"}),\" Choose sturdy, comfortable hiking boots that provide good ankle support.\"]}),(0,e.jsxs)(n.li,{children:[(0,e.jsx)(n.strong,{children:\"Backpack:\"}),\" Select a backpack that's appropriately sized for your hike and can comfortably carry all your gear.\"]}),(0,e.jsxs)(n.li,{children:[(0,e.jsx)(n.strong,{children:\"Water Bottles or Hydration Reservoir:\"}),\" Stay hydrated by carrying plenty of water. A good rule of thumb is to bring at least 2 liters of water for a moderate day hike.\"]}),(0,e.jsxs)(n.li,{children:[(0,e.jsx)(n.strong,{children:\"Snacks:\"}),\" Pack high-energy snacks like trail mix, energy bars, fruits, and nuts to keep your energy levels up.\"]}),(0,e.jsxs)(n.li,{children:[(0,e.jsx)(n.strong,{children:\"Navigation Tools:\"}),\" Bring a map, compass, and GPS device (or smartphone with GPS capabilities) to help you navigate.\"]}),(0,e.jsxs)(n.li,{children:[(0,e.jsx)(n.strong,{children:\"First-Aid Kit:\"}),\" Pack a basic first-aid kit with bandages, antiseptic wipes, pain relievers, and any personal medications you may need.\"]}),(0,e.jsxs)(n.li,{children:[(0,e.jsx)(n.strong,{children:\"Sun Protection:\"}),\" Protect yourself from the sun with sunscreen, a hat, and sunglasses.\"]}),(0,e.jsxs)(n.li,{children:[(0,e.jsx)(n.strong,{children:\"Rain Gear:\"}),\" Be prepared for unexpected rain with a waterproof jacket and pants.\"]}),(0,e.jsxs)(n.li,{children:[(0,e.jsx)(n.strong,{children:\"Headlamp or Flashlight:\"}),\" Bring a headlamp or flashlight in case you get caught out after dark.\"]}),(0,e.jsxs)(n.li,{children:[(0,e.jsx)(n.strong,{children:\"Multi-Tool or Knife:\"}),\" A multi-tool or knife can be useful for a variety of tasks, such as cutting rope, repairing gear, or preparing food.\"]}),(0,e.jsxs)(n.li,{children:[(0,e.jsx)(n.strong,{children:\"Insect Repellent:\"}),\" Protect yourself from insect bites with insect repellent.\"]})]}),(0,e.jsxs)(n.h2,{className:\"content-header\",id:\"6-share-your-plans-and-stay-safe\",children:[(0,e.jsx)(n.a,{href:\"#6-share-your-plans-and-stay-safe\",\"aria-hidden\":\"true\",tabIndex:\"-1\",children:(0,e.jsx)(e.Fragment,{children:(0,e.jsx)(n.span,{className:\"content-header-link\",children:(0,e.jsxs)(n.svg,{className:\"h-5 linkicon w-5\",fill:\"currentColor\",viewBox:\"0 0 20 20\",xmlns:\"http://www.w3.org/2000/svg\",children:[(0,e.jsx)(n.path,{d:\"M12.232 4.232a2.5 2.5 0 0 1 3.536 3.536l-1.225 1.224a.75.75 0 0 0 1.061 1.06l1.224-1.224a4 4 0 0 0-5.656-5.656l-3 3a4 4 0 0 0 .225 5.865.75.75 0 0 0 .977-1.138 2.5 2.5 0 0 1-.142-3.667l3-3Z\"}),(0,e.jsx)(n.path,{d:\"M11.603 7.963a.75.75 0 0 0-.977 1.138 2.5 2.5 0 0 1 .142 3.667l-3 3a2.5 2.5 0 0 1-3.536-3.536l1.225-1.224a.75.75 0 0 0-1.061-1.06l-1.224 1.224a4 4 0 1 0 5.656 5.656l3-3a4 4 0 0 0-.225-5.865Z\"})]})})})}),\"6. Share Your Plans and Stay Safe\"]}),(0,e.jsx)(n.p,{children:\"Before heading out on your hike, it's important to share your plans with someone. Let them know:\"}),(0,e.jsxs)(n.ul,{children:[(0,e.jsxs)(n.li,{children:[(0,e.jsx)(n.strong,{children:\"Your Destination:\"}),\" The specific trail you'll be hiking.\"]}),(0,e.jsxs)(n.li,{children:[(0,e.jsx)(n.strong,{children:\"Your Route:\"}),\" The planned route you'll be taking.\"]}),(0,e.jsxs)(n.li,{children:[(0,e.jsx)(n.strong,{children:\"Your Estimated Return Time:\"}),\" When you expect to be back.\"]}),(0,e.jsxs)(n.li,{children:[(0,e.jsx)(n.strong,{children:\"Emergency Contact Information:\"}),\" The contact information of someone who can be reached in case of an emergency.\"]})]}),(0,e.jsx)(n.p,{children:\"This information can be crucial in case of an accident or emergency. Consider using Dinamount's built-in sharing feature to easily share your hiking plans with friends and family.\"}),(0,e.jsx)(n.p,{children:\"Here's a table summarizing key considerations for hike planning:\"}),(0,e.jsxs)(n.table,{children:[(0,e.jsx)(n.thead,{children:(0,e.jsxs)(n.tr,{children:[(0,e.jsx)(n.th,{children:\"Factor\"}),(0,e.jsx)(n.th,{children:\"Considerations\"})]})}),(0,e.jsxs)(n.tbody,{children:[(0,e.jsxs)(n.tr,{children:[(0,e.jsx)(n.td,{children:(0,e.jsx)(n.strong,{children:\"Difficulty\"})}),(0,e.jsx)(n.td,{children:\"Distance, elevation gain, terrain\"})]}),(0,e.jsxs)(n.tr,{children:[(0,e.jsx)(n.td,{children:(0,e.jsx)(n.strong,{children:\"Conditions\"})}),(0,e.jsx)(n.td,{children:\"Weather, trail closures, recent trail reports\"})]}),(0,e.jsxs)(n.tr,{children:[(0,e.jsx)(n.td,{children:(0,e.jsx)(n.strong,{children:\"Gear\"})}),(0,e.jsx)(n.td,{children:\"Boots, backpack, water, snacks, navigation, first-aid, sun protection, rain gear\"})]}),(0,e.jsxs)(n.tr,{children:[(0,e.jsx)(n.td,{children:(0,e.jsx)(n.strong,{children:\"Communication\"})}),(0,e.jsx)(n.td,{children:\"Share plans, emergency contacts\"})]})]})]}),(0,e.jsxs)(n.h2,{className:\"content-header\",id:\"7-leave-no-trace\",children:[(0,e.jsx)(n.a,{href:\"#7-leave-no-trace\",\"aria-hidden\":\"true\",tabIndex:\"-1\",children:(0,e.jsx)(e.Fragment,{children:(0,e.jsx)(n.span,{className:\"content-header-link\",children:(0,e.jsxs)(n.svg,{className:\"h-5 linkicon w-5\",fill:\"currentColor\",viewBox:\"0 0 20 20\",xmlns:\"http://www.w3.org/2000/svg\",children:[(0,e.jsx)(n.path,{d:\"M12.232 4.232a2.5 2.5 0 0 1 3.536 3.536l-1.225 1.224a.75.75 0 0 0 1.061 1.06l1.224-1.224a4 4 0 0 0-5.656-5.656l-3 3a4 4 0 0 0 .225 5.865.75.75 0 0 0 .977-1.138 2.5 2.5 0 0 1-.142-3.667l3-3Z\"}),(0,e.jsx)(n.path,{d:\"M11.603 7.963a.75.75 0 0 0-.977 1.138 2.5 2.5 0 0 1 .142 3.667l-3 3a2.5 2.5 0 0 1-3.536-3.536l1.225-1.224a.75.75 0 0 0-1.061-1.06l-1.224 1.224a4 4 0 1 0 5.656 5.656l3-3a4 4 0 0 0-.225-5.865Z\"})]})})})}),\"7. Leave No Trace\"]}),(0,e.jsx)(n.p,{children:\"It's crucial to minimize your impact on the environment while hiking. Follow the Leave No Trace principles:\"}),(0,e.jsxs)(n.ol,{children:[(0,e.jsxs)(n.li,{children:[(0,e.jsx)(n.strong,{children:\"Plan Ahead and Prepare:\"}),\" Know the regulations and special concerns for the area you'll be visiting.\"]}),(0,e.jsxs)(n.li,{children:[(0,e.jsx)(n.strong,{children:\"Travel and Camp on Durable Surfaces:\"}),\" Stick to established trails and campsites.\"]}),(0,e.jsxs)(n.li,{children:[(0,e.jsx)(n.strong,{children:\"Dispose of Waste Properly:\"}),\" Pack out everything you pack in, including food wrappers, bottles, and trash.\"]}),(0,e.jsxs)(n.li,{children:[(0,e.jsx)(n.strong,{children:\"Leave What You Find:\"}),\" Leave natural objects and cultural artifacts undisturbed.\"]}),(0,e.jsxs)(n.li,{children:[(0,e.jsx)(n.strong,{children:\"Minimize Campfire Impacts:\"}),\" Use stoves for cooking and avoid building campfires whenever possible.\"]}),(0,e.jsxs)(n.li,{children:[(0,e.jsx)(n.strong,{children:\"Respect Wildlife:\"}),\" Observe wildlife from a distance and never feed them.\"]}),(0,e.jsxs)(n.li,{children:[(0,e.jsx)(n.strong,{children:\"Be Considerate of Other Visitors:\"}),\" Respect the peace and quiet of the outdoors.\"]})]}),(0,e.jsx)(n.p,{children:\"By following these principles, you can help protect the environment and ensure that future generations can enjoy the beauty of nature.\"}),(0,e.jsxs)(n.h2,{className:\"content-header\",id:\"conclusion-your-adventure-awaits\",children:[(0,e.jsx)(n.a,{href:\"#conclusion-your-adventure-awaits\",\"aria-hidden\":\"true\",tabIndex:\"-1\",children:(0,e.jsx)(e.Fragment,{children:(0,e.jsx)(n.span,{className:\"content-header-link\",children:(0,e.jsxs)(n.svg,{className:\"h-5 linkicon w-5\",fill:\"currentColor\",viewBox:\"0 0 20 20\",xmlns:\"http://www.w3.org/2000/svg\",children:[(0,e.jsx)(n.path,{d:\"M12.232 4.232a2.5 2.5 0 0 1 3.536 3.536l-1.225 1.224a.75.75 0 0 0 1.061 1.06l1.224-1.224a4 4 0 0 0-5.656-5.656l-3 3a4 4 0 0 0 .225 5.865.75.75 0 0 0 .977-1.138 2.5 2.5 0 0 1-.142-3.667l3-3Z\"}),(0,e.jsx)(n.path,{d:\"M11.603 7.963a.75.75 0 0 0-.977 1.138 2.5 2.5 0 0 1 .142 3.667l-3 3a2.5 2.5 0 0 1-3.536-3.536l1.225-1.224a.75.75 0 0 0-1.061-1.06l-1.224 1.224a4 4 0 1 0 5.656 5.656l3-3a4 4 0 0 0-.225-5.865Z\"})]})})})}),\"Conclusion: Your Adventure Awaits\"]}),(0,e.jsxs)(n.p,{children:[\"Planning the perfect hike doesn't have to be a daunting task. With Dinamount's powerful features and this step-by-step guide, you can confidently embark on unforgettable outdoor adventures. Remember to define your goals, analyze trail conditions, plan your route, prepare your gear, share your plans, and leave no trace. For more insights on boosting your visibility and planning, see our blog post on \",(0,e.jsx)(n.a,{href:\"seo-business-sales\",children:\"How SEO Can Boost Your Business Sales\"}),\". Now, lace up your boots, grab your backpack, and get ready to explore the wonders of nature! Download Dinamount today and start planning your next perfect hike!\"]}),(0,e.jsx)(n.p,{children:(0,e.jsx)(n.strong,{children:\"External Resources:\"})}),(0,e.jsxs)(n.ol,{children:[(0,e.jsxs)(n.li,{children:[\"AllTrails: A popular platform for discovering and sharing hiking trails: \",(0,e.jsx)(n.a,{href:\"https://www.alltrails.com/\",children:\"https://www.alltrails.com/\"})]}),(0,e.jsxs)(n.li,{children:[\"REI Expert Advice: Offers a wealth of information on hiking gear, techniques, and safety: \",(0,e.jsx)(n.a,{href:\"https://www.rei.com/learn/expert-advice.html\",children:\"https://www.rei.com/learn/expert-advice.html\"})]})]})]})}function h(i={}){let{wrapper:n}=i.components||{};return n?(0,e.jsx)(n,{...i,children:(0,e.jsx)(c,{...i})}):c(i)}return v(x);})();\n;return Component;"
  },
  "_id": "blog/how-to-plan-the-perfect-hike-a-step-by-step-guide-using-dinamount.mdx",
  "_raw": {
    "sourceFilePath": "blog/how-to-plan-the-perfect-hike-a-step-by-step-guide-using-dinamount.mdx",
    "sourceFileName": "how-to-plan-the-perfect-hike-a-step-by-step-guide-using-dinamount.mdx",
    "sourceFileDir": "blog",
    "contentType": "mdx",
    "flattenedPath": "blog/how-to-plan-the-perfect-hike-a-step-by-step-guide-using-dinamount"
  },
  "type": "Blog",
  "readingTime": {
    "text": "7 min read",
    "minutes": 6.96,
    "time": 417600,
    "words": 1392
  },
  "path": "blog/how-to-plan-the-perfect-hike-a-step-by-step-guide-using-dinamount",
  "filePath": "blog/how-to-plan-the-perfect-hike-a-step-by-step-guide-using-dinamount.mdx",
  "toc": [
    {
      "value": "How to Plan the Perfect Hike: A Step-by-Step Guide Using Dinamount",
      "url": "#how-to-plan-the-perfect-hike-a-step-by-step-guide-using-dinamount",
      "depth": 1
    },
    {
      "value": "1. Define Your Hiking Goals and Preferences",
      "url": "#1-define-your-hiking-goals-and-preferences",
      "depth": 2
    },
    {
      "value": "2. Discover Trails with Dinamount's Personalized Recommendations",
      "url": "#2-discover-trails-with-dinamounts-personalized-recommendations",
      "depth": 2
    },
    {
      "value": "3. Analyze Real-Time Trail Conditions",
      "url": "#3-analyze-real-time-trail-conditions",
      "depth": 2
    },
    {
      "value": "4. Plan Your Route with Dinamount's Mapping Tools",
      "url": "#4-plan-your-route-with-dinamounts-mapping-tools",
      "depth": 2
    },
    {
      "value": "5. Prepare Your Gear and Supplies",
      "url": "#5-prepare-your-gear-and-supplies",
      "depth": 2
    },
    {
      "value": "6. Share Your Plans and Stay Safe",
      "url": "#6-share-your-plans-and-stay-safe",
      "depth": 2
    },
    {
      "value": "7. Leave No Trace",
      "url": "#7-leave-no-trace",
      "depth": 2
    },
    {
      "value": "Conclusion: Your Adventure Awaits",
      "url": "#conclusion-your-adventure-awaits",
      "depth": 2
    }
  ],
  "structuredData": {
    "@context": "https://schema.org",
    "@type": "BlogPosting",
    "headline": "How to Plan the Perfect Hike: A Step by Step Guide Using Dinamount",
    "datePublished": "2025-04-13T00:00:00.000Z",
    "dateModified": "2025-04-13T00:00:00.000Z",
    "description": "This guide details how to plan a safe and enjoyable hike using Dinamount's features, including personalized trail recommendations, real-time conditions, and route planning tools.",
    "image": "/static/images/twitter-card.jpg",
    "url": "https://tailwind-nextjs-starter-blog.vercel.app/blog/how-to-plan-the-perfect-hike-a-step-by-step-guide-using-dinamount"
  }
}