{
  "title": "How to Find the Best Hiking Trails Near You: A Beginner's Guidess1",
  "date": "2025-04-04T00:00:00.000Z",
  "tags": [
    "hiking",
    "outdoors",
    "nature",
    "beginners-guide",
    "trail-finding",
    "space"
  ],
  "draft": false,
  "slug": "how-to-find-the-best-hiking-trails-near-you-a-beginners-guidess1",
  "summary": "Learn the essential steps to discover nearby hiking trails, including leveraging AI-powered apps like Dinamount for personalized recommendations and real-time trail conditions. 11111",
  "authors": [
    "default"
  ],
  "body": {
    "raw": "\n\n\n# How to Find the Best Hiking Trails Near You: A Beginner's Guide 111\n\nAre you itching to escape the city and reconnect with nature? Hiking is a fantastic way to exercise, reduce stress, and explore the beauty of the great outdoors. But where do you start? Finding the perfect hiking trail can feel overwhelming, especially if you're a beginner. This guide will walk you through the essential steps to discover incredible hiking trails near you, including leveraging cutting-edge AI-powered apps like Dinamount for personalized recommendations and real-time trail conditions.\n\n## Why Hiking is Great for You\n\nBefore we dive into finding trails, let's quickly cover why hiking is such a beneficial activity:\n\n- **Physical Health:** Hiking is a great cardio workout that improves cardiovascular health, builds strength, and increases endurance.\n- **Mental Wellbeing:** Studies show that spending time in nature reduces stress, anxiety, and depression. The fresh air and scenic views can do wonders for your mental state.\n- **Exploration and Adventure:** Hiking allows you to explore new landscapes, discover hidden gems, and experience the thrill of adventure.\n- **Connection with Nature:** Hiking fosters a deeper connection with the natural world, promoting environmental awareness and appreciation.\n\n## Step 1: Define Your Hiking Preferences\n\nBefore you start searching, take some time to consider your personal preferences. This will help you narrow down your options and find trails that are a good fit for your fitness level and interests.\n\nAsk yourself these questions:\n\n- **What is your fitness level?** Are you a beginner, intermediate, or experienced hiker?\n- **How far are you willing to travel?** Consider the distance and time it will take to reach the trailhead.\n- **What type of scenery do you prefer?** Mountains, forests, lakes, waterfalls, or desert landscapes?\n- **What is your preferred hiking distance and elevation gain?** Start with shorter, easier trails and gradually increase the difficulty as you gain experience.\n- **Are you hiking solo, with friends, or with family?** This will influence the type of trail you choose.\n- **Do you have any specific interests?** Birdwatching, photography, wildlife viewing, or historical sites?\n\n## Step 2: Leverage Online Resources and Apps\n\nThe internet is your best friend when it comes to finding hiking trails. Here are some excellent online resources and apps to explore:\n\n- **AllTrails:** This is a popular app and website with a vast database of hiking trails worldwide. You can search by location, difficulty, distance, elevation gain, and user ratings.\n- **Hiking Project:** Similar to AllTrails, Hiking Project offers detailed trail information, photos, and maps.\n- **Local Parks and Recreation Websites:** Check the websites of your local parks and recreation departments for information on trails in your area.\n- **National Park Service Website:** If you're interested in hiking in national parks, the National Park Service website provides trail information, maps, and safety guidelines.\n- **Dinamount:** This AI-powered app offers personalized trail recommendations based on your fitness level, preferences, and real-time trail conditions. It uses machine learning to analyze data from various sources and suggest trails that are a perfect match for you. Dinamount can be a game-changer, especially if you want to avoid crowded trails or find hidden gems.\n\n## Step 3: Using AI-Powered Apps for Personalized Recommendations\n\nApps like Dinamount represent a significant leap forward in trail discovery. Here's how they can help you:\n\n- **Personalized Recommendations:** AI algorithms analyze your hiking history, preferences, and fitness level to suggest trails that align with your interests.\n- **Real-Time Trail Conditions:** These apps often provide up-to-date information on trail closures, weather conditions, and user reviews, allowing you to make informed decisions.\n- **Crowd-Sourced Data:** Users can contribute to the app by sharing their experiences, photos, and trail condition updates, creating a valuable community resource.\n- **Offline Maps:** Many of these apps offer offline map downloads, ensuring you can navigate even without cell service.\n\n## Step 4: Read Reviews and Check Trail Conditions\n\nBefore heading out on a hike, it's crucial to read recent reviews and check trail conditions. This will help you avoid potential hazards and ensure a safe and enjoyable experience.\n\n- **Read User Reviews:** Pay attention to comments about trail difficulty, crowds, parking availability, and any potential hazards (e.g., fallen trees, slippery sections).\n- **Check Weather Forecast:** Be aware of the weather forecast and be prepared for changing conditions. Avoid hiking during severe weather.\n- **Look for Recent Trail Reports:** Many hiking websites and apps provide recent trail reports from other hikers. These reports can offer valuable insights into current trail conditions.\n- **Contact Local Park Rangers:** If you have any concerns or questions, contact local park rangers for the most up-to-date information.\n\n## Step 5: Plan Your Hike and Pack Accordingly\n\nProper planning is essential for a safe and successful hike. Here's a checklist of things to consider:\n\n- **Choose the Right Trail:** Select a trail that is appropriate for your fitness level and experience.\n- **Inform Someone of Your Plans:** Tell a friend or family member where you're going and when you expect to be back.\n- **Pack the Essentials:** Make sure you have enough water, food, sunscreen, insect repellent, a first-aid kit, a map, and a compass or GPS device.\n- **Wear Appropriate Clothing and Footwear:** Dress in layers and wear sturdy hiking shoes or boots.\n- **Bring a Headlamp or Flashlight:** Even if you're planning a daytime hike, it's always a good idea to bring a light source in case of emergencies.\n- **Leave No Trace:** Pack out everything you pack in and minimize your impact on the environment.\n\nHere's a quick checklist of items to pack:\n\n| Item                | Description                                                   |\n| ------------------- | ------------------------------------------------------------- |\n| Water               | At least 2 liters, more in hot weather                        |\n| Food                | High-energy snacks like trail mix, energy bars, or fruit      |\n| Sunscreen           | Protect your skin from the sun's harmful rays                 |\n| Insect Repellent    | Keep mosquitoes and other insects away                        |\n| First-Aid Kit       | Bandages, antiseptic wipes, pain relievers, blister treatment |\n| Map & Compass/GPS   | Navigate the trail and stay on course                         |\n| Headlamp/Flashlight | Provide light in case of emergencies or unexpected delays     |\n| Extra Layers        | Be prepared for changing weather conditions                   |\n\n## Step 6: Practice Trail Etiquette and Safety\n\nRespect the environment and other hikers by following these trail etiquette guidelines:\n\n- **Stay on the Trail:** Avoid cutting switchbacks or creating new trails.\n- **Yield to Uphill Hikers:** Give way to hikers who are climbing uphill.\n- **Pack Out All Trash:** Leave no trace of your visit.\n- **Control Your Pets:** Keep your dog on a leash and clean up after them.\n- **Be Considerate of Others:** Keep noise levels down and avoid blocking the trail.\n\nSafety is paramount when hiking. Be aware of potential hazards, such as wildlife encounters, steep drop-offs, and changing weather conditions. Carry a whistle for emergencies and know how to use your map and compass.\n\n## Internal Linking Opportunities\n\nIf you're starting a business related to hiking or outdoor activities, understanding search engine optimization is crucial. Check out our blog post, \\\"[How SEO Can Boost Your Business Sales](seo-business-sales)\\\" to learn how to improve your online visibility. And if you enjoy the thrill of exploration, you might find our article on \\\"[The Legend of Zelda: Breath of the Wild - A Revolution in Open-World Gaming](zelda-botw)\\\" interesting, as it explores a similar sense of adventure in a digital world.\n\n## External Resources\n\nHere are a few external resources that you might find helpful:\n\n1.  **Leave No Trace Center for Outdoor Ethics:** [https://lnt.org/](https://lnt.org/) - Learn about responsible outdoor practices.\n2.  **American Hiking Society:** [https://americanhiking.org/](https://americanhiking.org/) - A great resource for hiking advocacy and trail information.\n3.  **REI Expert Advice:** [https://www.rei.com/learn/expert-advice.html](https://www.rei.com/learn/expert-advice.html) - REI offers a wealth of articles and guides on hiking and outdoor gear.\n\n## Conclusion: Get Out There and Explore!\n\nFinding the best hiking trails near you doesn't have to be a daunting task. By following these steps and utilizing the resources available, you can discover incredible hiking experiences that will enhance your physical and mental wellbeing. Whether you're a seasoned hiker or a beginner, there's a trail out there waiting for you. So, grab your boots, pack your bag, and get ready to explore the beauty of the great outdoors!\n\nReady to start your hiking adventure? Download Dinamount today and discover personalized trail recommendations tailored to your preferences! Happy trails!\n\"\n",
    "code": "var Component=(()=>{var p=Object.create;var t=Object.defineProperty;var g=Object.getOwnPropertyDescriptor;var u=Object.getOwnPropertyNames;var f=Object.getPrototypeOf,w=Object.prototype.hasOwnProperty;var m=(n,i)=>()=>(i||n((i={exports:{}}).exports,i),i.exports),y=(n,i)=>{for(var r in i)t(n,r,{get:i[r],enumerable:!0})},o=(n,i,r,l)=>{if(i&&typeof i==\"object\"||typeof i==\"function\")for(let a of u(i))!w.call(n,a)&&a!==r&&t(n,a,{get:()=>i[a],enumerable:!(l=g(i,a))||l.enumerable});return n};var k=(n,i,r)=>(r=n!=null?p(f(n)):{},o(i||!n||!n.__esModule?t(r,\"default\",{value:n,enumerable:!0}):r,n)),v=n=>o(t({},\"__esModule\",{value:!0}),n);var d=m((C,s)=>{s.exports=_jsx_runtime});var x={};y(x,{default:()=>c,frontmatter:()=>b});var e=k(d()),b={title:\"How to Find the Best Hiking Trails Near You: A Beginner's Guidess1\",date:\"2025-04-04\",slug:\"how-to-find-the-best-hiking-trails-near-you-a-beginners-guidess1\",tags:[\"hiking\",\"outdoors\",\"nature\",\"beginners-guide\",\"trail-finding\",\"space\"],authors:[\"default\"],draft:!1,summary:\"Learn the essential steps to discover nearby hiking trails, including leveraging AI-powered apps like Dinamount for personalized recommendations and real-time trail conditions. 11111\"};function h(n){let i={a:\"a\",h1:\"h1\",h2:\"h2\",li:\"li\",ol:\"ol\",p:\"p\",path:\"path\",span:\"span\",strong:\"strong\",svg:\"svg\",table:\"table\",tbody:\"tbody\",td:\"td\",th:\"th\",thead:\"thead\",tr:\"tr\",ul:\"ul\",...n.components};return(0,e.jsxs)(e.Fragment,{children:[(0,e.jsxs)(i.h1,{className:\"content-header\",id:\"how-to-find-the-best-hiking-trails-near-you-a-beginners-guide-111\",children:[(0,e.jsx)(i.a,{href:\"#how-to-find-the-best-hiking-trails-near-you-a-beginners-guide-111\",\"aria-hidden\":\"true\",tabIndex:\"-1\",children:(0,e.jsx)(e.Fragment,{children:(0,e.jsx)(i.span,{className:\"content-header-link\",children:(0,e.jsxs)(i.svg,{className:\"h-5 linkicon w-5\",fill:\"currentColor\",viewBox:\"0 0 20 20\",xmlns:\"http://www.w3.org/2000/svg\",children:[(0,e.jsx)(i.path,{d:\"M12.232 4.232a2.5 2.5 0 0 1 3.536 3.536l-1.225 1.224a.75.75 0 0 0 1.061 1.06l1.224-1.224a4 4 0 0 0-5.656-5.656l-3 3a4 4 0 0 0 .225 5.865.75.75 0 0 0 .977-1.138 2.5 2.5 0 0 1-.142-3.667l3-3Z\"}),(0,e.jsx)(i.path,{d:\"M11.603 7.963a.75.75 0 0 0-.977 1.138 2.5 2.5 0 0 1 .142 3.667l-3 3a2.5 2.5 0 0 1-3.536-3.536l1.225-1.224a.75.75 0 0 0-1.061-1.06l-1.224 1.224a4 4 0 1 0 5.656 5.656l3-3a4 4 0 0 0-.225-5.865Z\"})]})})})}),\"How to Find the Best Hiking Trails Near You: A Beginner's Guide 111\"]}),(0,e.jsx)(i.p,{children:\"Are you itching to escape the city and reconnect with nature? Hiking is a fantastic way to exercise, reduce stress, and explore the beauty of the great outdoors. But where do you start? Finding the perfect hiking trail can feel overwhelming, especially if you're a beginner. This guide will walk you through the essential steps to discover incredible hiking trails near you, including leveraging cutting-edge AI-powered apps like Dinamount for personalized recommendations and real-time trail conditions.\"}),(0,e.jsxs)(i.h2,{className:\"content-header\",id:\"why-hiking-is-great-for-you\",children:[(0,e.jsx)(i.a,{href:\"#why-hiking-is-great-for-you\",\"aria-hidden\":\"true\",tabIndex:\"-1\",children:(0,e.jsx)(e.Fragment,{children:(0,e.jsx)(i.span,{className:\"content-header-link\",children:(0,e.jsxs)(i.svg,{className:\"h-5 linkicon w-5\",fill:\"currentColor\",viewBox:\"0 0 20 20\",xmlns:\"http://www.w3.org/2000/svg\",children:[(0,e.jsx)(i.path,{d:\"M12.232 4.232a2.5 2.5 0 0 1 3.536 3.536l-1.225 1.224a.75.75 0 0 0 1.061 1.06l1.224-1.224a4 4 0 0 0-5.656-5.656l-3 3a4 4 0 0 0 .225 5.865.75.75 0 0 0 .977-1.138 2.5 2.5 0 0 1-.142-3.667l3-3Z\"}),(0,e.jsx)(i.path,{d:\"M11.603 7.963a.75.75 0 0 0-.977 1.138 2.5 2.5 0 0 1 .142 3.667l-3 3a2.5 2.5 0 0 1-3.536-3.536l1.225-1.224a.75.75 0 0 0-1.061-1.06l-1.224 1.224a4 4 0 1 0 5.656 5.656l3-3a4 4 0 0 0-.225-5.865Z\"})]})})})}),\"Why Hiking is Great for You\"]}),(0,e.jsx)(i.p,{children:\"Before we dive into finding trails, let's quickly cover why hiking is such a beneficial activity:\"}),(0,e.jsxs)(i.ul,{children:[(0,e.jsxs)(i.li,{children:[(0,e.jsx)(i.strong,{children:\"Physical Health:\"}),\" Hiking is a great cardio workout that improves cardiovascular health, builds strength, and increases endurance.\"]}),(0,e.jsxs)(i.li,{children:[(0,e.jsx)(i.strong,{children:\"Mental Wellbeing:\"}),\" Studies show that spending time in nature reduces stress, anxiety, and depression. The fresh air and scenic views can do wonders for your mental state.\"]}),(0,e.jsxs)(i.li,{children:[(0,e.jsx)(i.strong,{children:\"Exploration and Adventure:\"}),\" Hiking allows you to explore new landscapes, discover hidden gems, and experience the thrill of adventure.\"]}),(0,e.jsxs)(i.li,{children:[(0,e.jsx)(i.strong,{children:\"Connection with Nature:\"}),\" Hiking fosters a deeper connection with the natural world, promoting environmental awareness and appreciation.\"]})]}),(0,e.jsxs)(i.h2,{className:\"content-header\",id:\"step-1-define-your-hiking-preferences\",children:[(0,e.jsx)(i.a,{href:\"#step-1-define-your-hiking-preferences\",\"aria-hidden\":\"true\",tabIndex:\"-1\",children:(0,e.jsx)(e.Fragment,{children:(0,e.jsx)(i.span,{className:\"content-header-link\",children:(0,e.jsxs)(i.svg,{className:\"h-5 linkicon w-5\",fill:\"currentColor\",viewBox:\"0 0 20 20\",xmlns:\"http://www.w3.org/2000/svg\",children:[(0,e.jsx)(i.path,{d:\"M12.232 4.232a2.5 2.5 0 0 1 3.536 3.536l-1.225 1.224a.75.75 0 0 0 1.061 1.06l1.224-1.224a4 4 0 0 0-5.656-5.656l-3 3a4 4 0 0 0 .225 5.865.75.75 0 0 0 .977-1.138 2.5 2.5 0 0 1-.142-3.667l3-3Z\"}),(0,e.jsx)(i.path,{d:\"M11.603 7.963a.75.75 0 0 0-.977 1.138 2.5 2.5 0 0 1 .142 3.667l-3 3a2.5 2.5 0 0 1-3.536-3.536l1.225-1.224a.75.75 0 0 0-1.061-1.06l-1.224 1.224a4 4 0 1 0 5.656 5.656l3-3a4 4 0 0 0-.225-5.865Z\"})]})})})}),\"Step 1: Define Your Hiking Preferences\"]}),(0,e.jsx)(i.p,{children:\"Before you start searching, take some time to consider your personal preferences. This will help you narrow down your options and find trails that are a good fit for your fitness level and interests.\"}),(0,e.jsx)(i.p,{children:\"Ask yourself these questions:\"}),(0,e.jsxs)(i.ul,{children:[(0,e.jsxs)(i.li,{children:[(0,e.jsx)(i.strong,{children:\"What is your fitness level?\"}),\" Are you a beginner, intermediate, or experienced hiker?\"]}),(0,e.jsxs)(i.li,{children:[(0,e.jsx)(i.strong,{children:\"How far are you willing to travel?\"}),\" Consider the distance and time it will take to reach the trailhead.\"]}),(0,e.jsxs)(i.li,{children:[(0,e.jsx)(i.strong,{children:\"What type of scenery do you prefer?\"}),\" Mountains, forests, lakes, waterfalls, or desert landscapes?\"]}),(0,e.jsxs)(i.li,{children:[(0,e.jsx)(i.strong,{children:\"What is your preferred hiking distance and elevation gain?\"}),\" Start with shorter, easier trails and gradually increase the difficulty as you gain experience.\"]}),(0,e.jsxs)(i.li,{children:[(0,e.jsx)(i.strong,{children:\"Are you hiking solo, with friends, or with family?\"}),\" This will influence the type of trail you choose.\"]}),(0,e.jsxs)(i.li,{children:[(0,e.jsx)(i.strong,{children:\"Do you have any specific interests?\"}),\" Birdwatching, photography, wildlife viewing, or historical sites?\"]})]}),(0,e.jsxs)(i.h2,{className:\"content-header\",id:\"step-2-leverage-online-resources-and-apps\",children:[(0,e.jsx)(i.a,{href:\"#step-2-leverage-online-resources-and-apps\",\"aria-hidden\":\"true\",tabIndex:\"-1\",children:(0,e.jsx)(e.Fragment,{children:(0,e.jsx)(i.span,{className:\"content-header-link\",children:(0,e.jsxs)(i.svg,{className:\"h-5 linkicon w-5\",fill:\"currentColor\",viewBox:\"0 0 20 20\",xmlns:\"http://www.w3.org/2000/svg\",children:[(0,e.jsx)(i.path,{d:\"M12.232 4.232a2.5 2.5 0 0 1 3.536 3.536l-1.225 1.224a.75.75 0 0 0 1.061 1.06l1.224-1.224a4 4 0 0 0-5.656-5.656l-3 3a4 4 0 0 0 .225 5.865.75.75 0 0 0 .977-1.138 2.5 2.5 0 0 1-.142-3.667l3-3Z\"}),(0,e.jsx)(i.path,{d:\"M11.603 7.963a.75.75 0 0 0-.977 1.138 2.5 2.5 0 0 1 .142 3.667l-3 3a2.5 2.5 0 0 1-3.536-3.536l1.225-1.224a.75.75 0 0 0-1.061-1.06l-1.224 1.224a4 4 0 1 0 5.656 5.656l3-3a4 4 0 0 0-.225-5.865Z\"})]})})})}),\"Step 2: Leverage Online Resources and Apps\"]}),(0,e.jsx)(i.p,{children:\"The internet is your best friend when it comes to finding hiking trails. Here are some excellent online resources and apps to explore:\"}),(0,e.jsxs)(i.ul,{children:[(0,e.jsxs)(i.li,{children:[(0,e.jsx)(i.strong,{children:\"AllTrails:\"}),\" This is a popular app and website with a vast database of hiking trails worldwide. You can search by location, difficulty, distance, elevation gain, and user ratings.\"]}),(0,e.jsxs)(i.li,{children:[(0,e.jsx)(i.strong,{children:\"Hiking Project:\"}),\" Similar to AllTrails, Hiking Project offers detailed trail information, photos, and maps.\"]}),(0,e.jsxs)(i.li,{children:[(0,e.jsx)(i.strong,{children:\"Local Parks and Recreation Websites:\"}),\" Check the websites of your local parks and recreation departments for information on trails in your area.\"]}),(0,e.jsxs)(i.li,{children:[(0,e.jsx)(i.strong,{children:\"National Park Service Website:\"}),\" If you're interested in hiking in national parks, the National Park Service website provides trail information, maps, and safety guidelines.\"]}),(0,e.jsxs)(i.li,{children:[(0,e.jsx)(i.strong,{children:\"Dinamount:\"}),\" This AI-powered app offers personalized trail recommendations based on your fitness level, preferences, and real-time trail conditions. It uses machine learning to analyze data from various sources and suggest trails that are a perfect match for you. Dinamount can be a game-changer, especially if you want to avoid crowded trails or find hidden gems.\"]})]}),(0,e.jsxs)(i.h2,{className:\"content-header\",id:\"step-3-using-ai-powered-apps-for-personalized-recommendations\",children:[(0,e.jsx)(i.a,{href:\"#step-3-using-ai-powered-apps-for-personalized-recommendations\",\"aria-hidden\":\"true\",tabIndex:\"-1\",children:(0,e.jsx)(e.Fragment,{children:(0,e.jsx)(i.span,{className:\"content-header-link\",children:(0,e.jsxs)(i.svg,{className:\"h-5 linkicon w-5\",fill:\"currentColor\",viewBox:\"0 0 20 20\",xmlns:\"http://www.w3.org/2000/svg\",children:[(0,e.jsx)(i.path,{d:\"M12.232 4.232a2.5 2.5 0 0 1 3.536 3.536l-1.225 1.224a.75.75 0 0 0 1.061 1.06l1.224-1.224a4 4 0 0 0-5.656-5.656l-3 3a4 4 0 0 0 .225 5.865.75.75 0 0 0 .977-1.138 2.5 2.5 0 0 1-.142-3.667l3-3Z\"}),(0,e.jsx)(i.path,{d:\"M11.603 7.963a.75.75 0 0 0-.977 1.138 2.5 2.5 0 0 1 .142 3.667l-3 3a2.5 2.5 0 0 1-3.536-3.536l1.225-1.224a.75.75 0 0 0-1.061-1.06l-1.224 1.224a4 4 0 1 0 5.656 5.656l3-3a4 4 0 0 0-.225-5.865Z\"})]})})})}),\"Step 3: Using AI-Powered Apps for Personalized Recommendations\"]}),(0,e.jsx)(i.p,{children:\"Apps like Dinamount represent a significant leap forward in trail discovery. Here's how they can help you:\"}),(0,e.jsxs)(i.ul,{children:[(0,e.jsxs)(i.li,{children:[(0,e.jsx)(i.strong,{children:\"Personalized Recommendations:\"}),\" AI algorithms analyze your hiking history, preferences, and fitness level to suggest trails that align with your interests.\"]}),(0,e.jsxs)(i.li,{children:[(0,e.jsx)(i.strong,{children:\"Real-Time Trail Conditions:\"}),\" These apps often provide up-to-date information on trail closures, weather conditions, and user reviews, allowing you to make informed decisions.\"]}),(0,e.jsxs)(i.li,{children:[(0,e.jsx)(i.strong,{children:\"Crowd-Sourced Data:\"}),\" Users can contribute to the app by sharing their experiences, photos, and trail condition updates, creating a valuable community resource.\"]}),(0,e.jsxs)(i.li,{children:[(0,e.jsx)(i.strong,{children:\"Offline Maps:\"}),\" Many of these apps offer offline map downloads, ensuring you can navigate even without cell service.\"]})]}),(0,e.jsxs)(i.h2,{className:\"content-header\",id:\"step-4-read-reviews-and-check-trail-conditions\",children:[(0,e.jsx)(i.a,{href:\"#step-4-read-reviews-and-check-trail-conditions\",\"aria-hidden\":\"true\",tabIndex:\"-1\",children:(0,e.jsx)(e.Fragment,{children:(0,e.jsx)(i.span,{className:\"content-header-link\",children:(0,e.jsxs)(i.svg,{className:\"h-5 linkicon w-5\",fill:\"currentColor\",viewBox:\"0 0 20 20\",xmlns:\"http://www.w3.org/2000/svg\",children:[(0,e.jsx)(i.path,{d:\"M12.232 4.232a2.5 2.5 0 0 1 3.536 3.536l-1.225 1.224a.75.75 0 0 0 1.061 1.06l1.224-1.224a4 4 0 0 0-5.656-5.656l-3 3a4 4 0 0 0 .225 5.865.75.75 0 0 0 .977-1.138 2.5 2.5 0 0 1-.142-3.667l3-3Z\"}),(0,e.jsx)(i.path,{d:\"M11.603 7.963a.75.75 0 0 0-.977 1.138 2.5 2.5 0 0 1 .142 3.667l-3 3a2.5 2.5 0 0 1-3.536-3.536l1.225-1.224a.75.75 0 0 0-1.061-1.06l-1.224 1.224a4 4 0 1 0 5.656 5.656l3-3a4 4 0 0 0-.225-5.865Z\"})]})})})}),\"Step 4: Read Reviews and Check Trail Conditions\"]}),(0,e.jsx)(i.p,{children:\"Before heading out on a hike, it's crucial to read recent reviews and check trail conditions. This will help you avoid potential hazards and ensure a safe and enjoyable experience.\"}),(0,e.jsxs)(i.ul,{children:[(0,e.jsxs)(i.li,{children:[(0,e.jsx)(i.strong,{children:\"Read User Reviews:\"}),\" Pay attention to comments about trail difficulty, crowds, parking availability, and any potential hazards (e.g., fallen trees, slippery sections).\"]}),(0,e.jsxs)(i.li,{children:[(0,e.jsx)(i.strong,{children:\"Check Weather Forecast:\"}),\" Be aware of the weather forecast and be prepared for changing conditions. Avoid hiking during severe weather.\"]}),(0,e.jsxs)(i.li,{children:[(0,e.jsx)(i.strong,{children:\"Look for Recent Trail Reports:\"}),\" Many hiking websites and apps provide recent trail reports from other hikers. These reports can offer valuable insights into current trail conditions.\"]}),(0,e.jsxs)(i.li,{children:[(0,e.jsx)(i.strong,{children:\"Contact Local Park Rangers:\"}),\" If you have any concerns or questions, contact local park rangers for the most up-to-date information.\"]})]}),(0,e.jsxs)(i.h2,{className:\"content-header\",id:\"step-5-plan-your-hike-and-pack-accordingly\",children:[(0,e.jsx)(i.a,{href:\"#step-5-plan-your-hike-and-pack-accordingly\",\"aria-hidden\":\"true\",tabIndex:\"-1\",children:(0,e.jsx)(e.Fragment,{children:(0,e.jsx)(i.span,{className:\"content-header-link\",children:(0,e.jsxs)(i.svg,{className:\"h-5 linkicon w-5\",fill:\"currentColor\",viewBox:\"0 0 20 20\",xmlns:\"http://www.w3.org/2000/svg\",children:[(0,e.jsx)(i.path,{d:\"M12.232 4.232a2.5 2.5 0 0 1 3.536 3.536l-1.225 1.224a.75.75 0 0 0 1.061 1.06l1.224-1.224a4 4 0 0 0-5.656-5.656l-3 3a4 4 0 0 0 .225 5.865.75.75 0 0 0 .977-1.138 2.5 2.5 0 0 1-.142-3.667l3-3Z\"}),(0,e.jsx)(i.path,{d:\"M11.603 7.963a.75.75 0 0 0-.977 1.138 2.5 2.5 0 0 1 .142 3.667l-3 3a2.5 2.5 0 0 1-3.536-3.536l1.225-1.224a.75.75 0 0 0-1.061-1.06l-1.224 1.224a4 4 0 1 0 5.656 5.656l3-3a4 4 0 0 0-.225-5.865Z\"})]})})})}),\"Step 5: Plan Your Hike and Pack Accordingly\"]}),(0,e.jsx)(i.p,{children:\"Proper planning is essential for a safe and successful hike. Here's a checklist of things to consider:\"}),(0,e.jsxs)(i.ul,{children:[(0,e.jsxs)(i.li,{children:[(0,e.jsx)(i.strong,{children:\"Choose the Right Trail:\"}),\" Select a trail that is appropriate for your fitness level and experience.\"]}),(0,e.jsxs)(i.li,{children:[(0,e.jsx)(i.strong,{children:\"Inform Someone of Your Plans:\"}),\" Tell a friend or family member where you're going and when you expect to be back.\"]}),(0,e.jsxs)(i.li,{children:[(0,e.jsx)(i.strong,{children:\"Pack the Essentials:\"}),\" Make sure you have enough water, food, sunscreen, insect repellent, a first-aid kit, a map, and a compass or GPS device.\"]}),(0,e.jsxs)(i.li,{children:[(0,e.jsx)(i.strong,{children:\"Wear Appropriate Clothing and Footwear:\"}),\" Dress in layers and wear sturdy hiking shoes or boots.\"]}),(0,e.jsxs)(i.li,{children:[(0,e.jsx)(i.strong,{children:\"Bring a Headlamp or Flashlight:\"}),\" Even if you're planning a daytime hike, it's always a good idea to bring a light source in case of emergencies.\"]}),(0,e.jsxs)(i.li,{children:[(0,e.jsx)(i.strong,{children:\"Leave No Trace:\"}),\" Pack out everything you pack in and minimize your impact on the environment.\"]})]}),(0,e.jsx)(i.p,{children:\"Here's a quick checklist of items to pack:\"}),(0,e.jsxs)(i.table,{children:[(0,e.jsx)(i.thead,{children:(0,e.jsxs)(i.tr,{children:[(0,e.jsx)(i.th,{children:\"Item\"}),(0,e.jsx)(i.th,{children:\"Description\"})]})}),(0,e.jsxs)(i.tbody,{children:[(0,e.jsxs)(i.tr,{children:[(0,e.jsx)(i.td,{children:\"Water\"}),(0,e.jsx)(i.td,{children:\"At least 2 liters, more in hot weather\"})]}),(0,e.jsxs)(i.tr,{children:[(0,e.jsx)(i.td,{children:\"Food\"}),(0,e.jsx)(i.td,{children:\"High-energy snacks like trail mix, energy bars, or fruit\"})]}),(0,e.jsxs)(i.tr,{children:[(0,e.jsx)(i.td,{children:\"Sunscreen\"}),(0,e.jsx)(i.td,{children:\"Protect your skin from the sun's harmful rays\"})]}),(0,e.jsxs)(i.tr,{children:[(0,e.jsx)(i.td,{children:\"Insect Repellent\"}),(0,e.jsx)(i.td,{children:\"Keep mosquitoes and other insects away\"})]}),(0,e.jsxs)(i.tr,{children:[(0,e.jsx)(i.td,{children:\"First-Aid Kit\"}),(0,e.jsx)(i.td,{children:\"Bandages, antiseptic wipes, pain relievers, blister treatment\"})]}),(0,e.jsxs)(i.tr,{children:[(0,e.jsx)(i.td,{children:\"Map & Compass/GPS\"}),(0,e.jsx)(i.td,{children:\"Navigate the trail and stay on course\"})]}),(0,e.jsxs)(i.tr,{children:[(0,e.jsx)(i.td,{children:\"Headlamp/Flashlight\"}),(0,e.jsx)(i.td,{children:\"Provide light in case of emergencies or unexpected delays\"})]}),(0,e.jsxs)(i.tr,{children:[(0,e.jsx)(i.td,{children:\"Extra Layers\"}),(0,e.jsx)(i.td,{children:\"Be prepared for changing weather conditions\"})]})]})]}),(0,e.jsxs)(i.h2,{className:\"content-header\",id:\"step-6-practice-trail-etiquette-and-safety\",children:[(0,e.jsx)(i.a,{href:\"#step-6-practice-trail-etiquette-and-safety\",\"aria-hidden\":\"true\",tabIndex:\"-1\",children:(0,e.jsx)(e.Fragment,{children:(0,e.jsx)(i.span,{className:\"content-header-link\",children:(0,e.jsxs)(i.svg,{className:\"h-5 linkicon w-5\",fill:\"currentColor\",viewBox:\"0 0 20 20\",xmlns:\"http://www.w3.org/2000/svg\",children:[(0,e.jsx)(i.path,{d:\"M12.232 4.232a2.5 2.5 0 0 1 3.536 3.536l-1.225 1.224a.75.75 0 0 0 1.061 1.06l1.224-1.224a4 4 0 0 0-5.656-5.656l-3 3a4 4 0 0 0 .225 5.865.75.75 0 0 0 .977-1.138 2.5 2.5 0 0 1-.142-3.667l3-3Z\"}),(0,e.jsx)(i.path,{d:\"M11.603 7.963a.75.75 0 0 0-.977 1.138 2.5 2.5 0 0 1 .142 3.667l-3 3a2.5 2.5 0 0 1-3.536-3.536l1.225-1.224a.75.75 0 0 0-1.061-1.06l-1.224 1.224a4 4 0 1 0 5.656 5.656l3-3a4 4 0 0 0-.225-5.865Z\"})]})})})}),\"Step 6: Practice Trail Etiquette and Safety\"]}),(0,e.jsx)(i.p,{children:\"Respect the environment and other hikers by following these trail etiquette guidelines:\"}),(0,e.jsxs)(i.ul,{children:[(0,e.jsxs)(i.li,{children:[(0,e.jsx)(i.strong,{children:\"Stay on the Trail:\"}),\" Avoid cutting switchbacks or creating new trails.\"]}),(0,e.jsxs)(i.li,{children:[(0,e.jsx)(i.strong,{children:\"Yield to Uphill Hikers:\"}),\" Give way to hikers who are climbing uphill.\"]}),(0,e.jsxs)(i.li,{children:[(0,e.jsx)(i.strong,{children:\"Pack Out All Trash:\"}),\" Leave no trace of your visit.\"]}),(0,e.jsxs)(i.li,{children:[(0,e.jsx)(i.strong,{children:\"Control Your Pets:\"}),\" Keep your dog on a leash and clean up after them.\"]}),(0,e.jsxs)(i.li,{children:[(0,e.jsx)(i.strong,{children:\"Be Considerate of Others:\"}),\" Keep noise levels down and avoid blocking the trail.\"]})]}),(0,e.jsx)(i.p,{children:\"Safety is paramount when hiking. Be aware of potential hazards, such as wildlife encounters, steep drop-offs, and changing weather conditions. Carry a whistle for emergencies and know how to use your map and compass.\"}),(0,e.jsxs)(i.h2,{className:\"content-header\",id:\"internal-linking-opportunities\",children:[(0,e.jsx)(i.a,{href:\"#internal-linking-opportunities\",\"aria-hidden\":\"true\",tabIndex:\"-1\",children:(0,e.jsx)(e.Fragment,{children:(0,e.jsx)(i.span,{className:\"content-header-link\",children:(0,e.jsxs)(i.svg,{className:\"h-5 linkicon w-5\",fill:\"currentColor\",viewBox:\"0 0 20 20\",xmlns:\"http://www.w3.org/2000/svg\",children:[(0,e.jsx)(i.path,{d:\"M12.232 4.232a2.5 2.5 0 0 1 3.536 3.536l-1.225 1.224a.75.75 0 0 0 1.061 1.06l1.224-1.224a4 4 0 0 0-5.656-5.656l-3 3a4 4 0 0 0 .225 5.865.75.75 0 0 0 .977-1.138 2.5 2.5 0 0 1-.142-3.667l3-3Z\"}),(0,e.jsx)(i.path,{d:\"M11.603 7.963a.75.75 0 0 0-.977 1.138 2.5 2.5 0 0 1 .142 3.667l-3 3a2.5 2.5 0 0 1-3.536-3.536l1.225-1.224a.75.75 0 0 0-1.061-1.06l-1.224 1.224a4 4 0 1 0 5.656 5.656l3-3a4 4 0 0 0-.225-5.865Z\"})]})})})}),\"Internal Linking Opportunities\"]}),(0,e.jsxs)(i.p,{children:[`If you're starting a business related to hiking or outdoor activities, understanding search engine optimization is crucial. Check out our blog post, \"`,(0,e.jsx)(i.a,{href:\"seo-business-sales\",children:\"How SEO Can Boost Your Business Sales\"}),'\" to learn how to improve your online visibility. And if you enjoy the thrill of exploration, you might find our article on \"',(0,e.jsx)(i.a,{href:\"zelda-botw\",children:\"The Legend of Zelda: Breath of the Wild - A Revolution in Open-World Gaming\"}),'\" interesting, as it explores a similar sense of adventure in a digital world.']}),(0,e.jsxs)(i.h2,{className:\"content-header\",id:\"external-resources\",children:[(0,e.jsx)(i.a,{href:\"#external-resources\",\"aria-hidden\":\"true\",tabIndex:\"-1\",children:(0,e.jsx)(e.Fragment,{children:(0,e.jsx)(i.span,{className:\"content-header-link\",children:(0,e.jsxs)(i.svg,{className:\"h-5 linkicon w-5\",fill:\"currentColor\",viewBox:\"0 0 20 20\",xmlns:\"http://www.w3.org/2000/svg\",children:[(0,e.jsx)(i.path,{d:\"M12.232 4.232a2.5 2.5 0 0 1 3.536 3.536l-1.225 1.224a.75.75 0 0 0 1.061 1.06l1.224-1.224a4 4 0 0 0-5.656-5.656l-3 3a4 4 0 0 0 .225 5.865.75.75 0 0 0 .977-1.138 2.5 2.5 0 0 1-.142-3.667l3-3Z\"}),(0,e.jsx)(i.path,{d:\"M11.603 7.963a.75.75 0 0 0-.977 1.138 2.5 2.5 0 0 1 .142 3.667l-3 3a2.5 2.5 0 0 1-3.536-3.536l1.225-1.224a.75.75 0 0 0-1.061-1.06l-1.224 1.224a4 4 0 1 0 5.656 5.656l3-3a4 4 0 0 0-.225-5.865Z\"})]})})})}),\"External Resources\"]}),(0,e.jsx)(i.p,{children:\"Here are a few external resources that you might find helpful:\"}),(0,e.jsxs)(i.ol,{children:[(0,e.jsxs)(i.li,{children:[(0,e.jsx)(i.strong,{children:\"Leave No Trace Center for Outdoor Ethics:\"}),\" \",(0,e.jsx)(i.a,{href:\"https://lnt.org/\",children:\"https://lnt.org/\"}),\" - Learn about responsible outdoor practices.\"]}),(0,e.jsxs)(i.li,{children:[(0,e.jsx)(i.strong,{children:\"American Hiking Society:\"}),\" \",(0,e.jsx)(i.a,{href:\"https://americanhiking.org/\",children:\"https://americanhiking.org/\"}),\" - A great resource for hiking advocacy and trail information.\"]}),(0,e.jsxs)(i.li,{children:[(0,e.jsx)(i.strong,{children:\"REI Expert Advice:\"}),\" \",(0,e.jsx)(i.a,{href:\"https://www.rei.com/learn/expert-advice.html\",children:\"https://www.rei.com/learn/expert-advice.html\"}),\" - REI offers a wealth of articles and guides on hiking and outdoor gear.\"]})]}),(0,e.jsxs)(i.h2,{className:\"content-header\",id:\"conclusion-get-out-there-and-explore\",children:[(0,e.jsx)(i.a,{href:\"#conclusion-get-out-there-and-explore\",\"aria-hidden\":\"true\",tabIndex:\"-1\",children:(0,e.jsx)(e.Fragment,{children:(0,e.jsx)(i.span,{className:\"content-header-link\",children:(0,e.jsxs)(i.svg,{className:\"h-5 linkicon w-5\",fill:\"currentColor\",viewBox:\"0 0 20 20\",xmlns:\"http://www.w3.org/2000/svg\",children:[(0,e.jsx)(i.path,{d:\"M12.232 4.232a2.5 2.5 0 0 1 3.536 3.536l-1.225 1.224a.75.75 0 0 0 1.061 1.06l1.224-1.224a4 4 0 0 0-5.656-5.656l-3 3a4 4 0 0 0 .225 5.865.75.75 0 0 0 .977-1.138 2.5 2.5 0 0 1-.142-3.667l3-3Z\"}),(0,e.jsx)(i.path,{d:\"M11.603 7.963a.75.75 0 0 0-.977 1.138 2.5 2.5 0 0 1 .142 3.667l-3 3a2.5 2.5 0 0 1-3.536-3.536l1.225-1.224a.75.75 0 0 0-1.061-1.06l-1.224 1.224a4 4 0 1 0 5.656 5.656l3-3a4 4 0 0 0-.225-5.865Z\"})]})})})}),\"Conclusion: Get Out There and Explore!\"]}),(0,e.jsx)(i.p,{children:\"Finding the best hiking trails near you doesn't have to be a daunting task. By following these steps and utilizing the resources available, you can discover incredible hiking experiences that will enhance your physical and mental wellbeing. Whether you're a seasoned hiker or a beginner, there's a trail out there waiting for you. So, grab your boots, pack your bag, and get ready to explore the beauty of the great outdoors!\"}),(0,e.jsx)(i.p,{children:'Ready to start your hiking adventure? Download Dinamount today and discover personalized trail recommendations tailored to your preferences! Happy trails! \"'})]})}function c(n={}){let{wrapper:i}=n.components||{};return i?(0,e.jsx)(i,{...n,children:(0,e.jsx)(h,{...n})}):h(n)}return v(x);})();\n;return Component;"
  },
  "_id": "blog/how-to-find-the-best-hiking-trails-near-you-a-beginners-guidess1.mdx",
  "_raw": {
    "sourceFilePath": "blog/how-to-find-the-best-hiking-trails-near-you-a-beginners-guidess1.mdx",
    "sourceFileName": "how-to-find-the-best-hiking-trails-near-you-a-beginners-guidess1.mdx",
    "sourceFileDir": "blog",
    "contentType": "mdx",
    "flattenedPath": "blog/how-to-find-the-best-hiking-trails-near-you-a-beginners-guidess1"
  },
  "type": "Blog",
  "readingTime": {
    "text": "7 min read",
    "minutes": 7,
    "time": 420000,
    "words": 1400
  },
  "path": "blog/how-to-find-the-best-hiking-trails-near-you-a-beginners-guidess1",
  "filePath": "blog/how-to-find-the-best-hiking-trails-near-you-a-beginners-guidess1.mdx",
  "toc": [
    {
      "value": "How to Find the Best Hiking Trails Near You: A Beginner's Guide 111",
      "url": "#how-to-find-the-best-hiking-trails-near-you-a-beginners-guide-111",
      "depth": 1
    },
    {
      "value": "Why Hiking is Great for You",
      "url": "#why-hiking-is-great-for-you",
      "depth": 2
    },
    {
      "value": "Step 1: Define Your Hiking Preferences",
      "url": "#step-1-define-your-hiking-preferences",
      "depth": 2
    },
    {
      "value": "Step 2: Leverage Online Resources and Apps",
      "url": "#step-2-leverage-online-resources-and-apps",
      "depth": 2
    },
    {
      "value": "Step 3: Using AI-Powered Apps for Personalized Recommendations",
      "url": "#step-3-using-ai-powered-apps-for-personalized-recommendations",
      "depth": 2
    },
    {
      "value": "Step 4: Read Reviews and Check Trail Conditions",
      "url": "#step-4-read-reviews-and-check-trail-conditions",
      "depth": 2
    },
    {
      "value": "Step 5: Plan Your Hike and Pack Accordingly",
      "url": "#step-5-plan-your-hike-and-pack-accordingly",
      "depth": 2
    },
    {
      "value": "Step 6: Practice Trail Etiquette and Safety",
      "url": "#step-6-practice-trail-etiquette-and-safety",
      "depth": 2
    },
    {
      "value": "Internal Linking Opportunities",
      "url": "#internal-linking-opportunities",
      "depth": 2
    },
    {
      "value": "External Resources",
      "url": "#external-resources",
      "depth": 2
    },
    {
      "value": "Conclusion: Get Out There and Explore!",
      "url": "#conclusion-get-out-there-and-explore",
      "depth": 2
    }
  ],
  "structuredData": {
    "@context": "https://schema.org",
    "@type": "BlogPosting",
    "headline": "How to Find the Best Hiking Trails Near You: A Beginner's Guidess1",
    "datePublished": "2025-04-04T00:00:00.000Z",
    "dateModified": "2025-04-04T00:00:00.000Z",
    "description": "Learn the essential steps to discover nearby hiking trails, including leveraging AI-powered apps like Dinamount for personalized recommendations and real-time trail conditions. 11111",
    "image": "/static/images/twitter-card.jpg",
    "url": "https://tailwind-nextjs-starter-blog.vercel.app/blog/how-to-find-the-best-hiking-trails-near-you-a-beginners-guidess1"
  }
}