{
  "title": "Velit elit et dolor",
  "date": "1979-01-02T00:00:00.000Z",
  "tags": [
    "Consectetur laboris"
  ],
  "draft": true,
  "summary": "Eos culpa fugiat e",
  "authors": [
    "Veniam dolore eu ut"
  ],
  "body": {
    "raw": "\nNatus at culpa veli\n",
    "code": "var Component=(()=>{var d=Object.create;var r=Object.defineProperty;var p=Object.getOwnPropertyDescriptor;var f=Object.getOwnPropertyNames;var x=Object.getPrototypeOf,_=Object.prototype.hasOwnProperty;var g=(t,e)=>()=>(e||t((e={exports:{}}).exports,e),e.exports),h=(t,e)=>{for(var o in e)r(t,o,{get:e[o],enumerable:!0})},s=(t,e,o,u)=>{if(e&&typeof e==\"object\"||typeof e==\"function\")for(let n of f(e))!_.call(t,n)&&n!==o&&r(t,n,{get:()=>e[n],enumerable:!(u=p(e,n))||u.enumerable});return t};var j=(t,e,o)=>(o=t!=null?d(x(t)):{},s(e||!t||!t.__esModule?r(o,\"default\",{value:t,enumerable:!0}):o,t)),C=t=>s(r({},\"__esModule\",{value:!0}),t);var i=g((y,c)=>{c.exports=_jsx_runtime});var b={};h(b,{default:()=>m,frontmatter:()=>M});var a=j(i()),M={title:\"Velit elit et dolor\",date:\"1979-01-02\",slug:\"Et quo et beatae qui\",tags:[\"Consectetur laboris\"],authors:[\"Veniam dolore eu ut\"],draft:!0,summary:\"Eos culpa fugiat e\"};function l(t){let e={p:\"p\",...t.components};return(0,a.jsx)(e.p,{children:\"Natus at culpa veli\"})}function m(t={}){let{wrapper:e}=t.components||{};return e?(0,a.jsx)(e,{...t,children:(0,a.jsx)(l,{...t})}):l(t)}return C(b);})();\n;return Component;"
  },
  "_id": "blog/Et quo et beatae qui.mdx",
  "_raw": {
    "sourceFilePath": "blog/Et quo et beatae qui.mdx",
    "sourceFileName": "Et quo et beatae qui.mdx",
    "sourceFileDir": "blog",
    "contentType": "mdx",
    "flattenedPath": "blog/Et quo et beatae qui"
  },
  "type": "Blog",
  "readingTime": {
    "text": "1 min read",
    "minutes": 0.02,
    "time": 1200,
    "words": 4
  },
  "slug": "Et quo et beatae qui",
  "path": "blog/Et quo et beatae qui",
  "filePath": "blog/Et quo et beatae qui.mdx",
  "toc": [],
  "structuredData": {
    "@context": "https://schema.org",
    "@type": "BlogPosting",
    "headline": "Velit elit et dolor",
    "datePublished": "1979-01-02T00:00:00.000Z",
    "dateModified": "1979-01-02T00:00:00.000Z",
    "description": "Eos culpa fugiat e",
    "image": "/static/images/twitter-card.jpg",
    "url": "https://tailwind-nextjs-starter-blog.vercel.app/blog/Et quo et beatae qui"
  }
}