{
  "title": "Sed odio aspernatur",
  "date": "2023-09-15T00:00:00.000Z",
  "tags": [
    "technology",
    "innovation",
    "development"
  ],
  "slug": "sed-odio-aspernatur",
  "summary": "Sed odio aspernatur et voluptatem quia. Exploring the latest technological innovations and their impact on modern development practices.",
  "authors": [
    "default"
  ],
  "body": {
    "raw": "\n# Sed odio aspernatur et voluptatem quia\n\nSed odio aspernatur et voluptatem quia. Lorem ipsum dolor sit amet, consectetur adipiscing elit. Praesent commodo cursus magna, vel scelerisque nisl consectetur et. Cras mattis consectetur purus sit amet fermentum.\n\n## Innovation in Technology\n\nNullam quis risus eget urna mollis ornare vel eu leo. Cras mattis consectetur purus sit amet fermentum. Donec ullamcorper nulla non metus auctor fringilla. Donec id elit non mi porta gravida at eget metus.\n\n### Key Innovations\n\n- Artificial Intelligence and Machine Learning\n- Blockchain Technology\n- Internet of Things (IoT)\n- Quantum Computing\n- Extended Reality (XR)\n\n## Development Practices\n\nCurabitur blandit tempus porttitor. Nullam id dolor id nibh ultricies vehicula ut id elit. Morbi leo risus, porta ac consectetur ac, vestibulum at eros. Fusce dapibus, tellus ac cursus commodo, tortor mauris condimentum nibh, ut fermentum massa justo sit amet risus.\n\n### Best Practices\n\n1. Agile Methodology\n2. DevOps Integration\n3. Test-Driven Development\n4. Continuous Integration/Continuous Deployment\n5. Microservices Architecture\n\n## Future Trends\n\nEtiam porta sem malesuada magna mollis euismod. Cras justo odio, dapibus ac facilisis in, egestas eget quam. Donec ullamcorper nulla non metus auctor fringilla. Maecenas faucibus mollis interdum.\n\n## Conclusion\n\nVivamus sagittis lacus vel augue laoreet rutrum faucibus dolor auctor. Duis mollis, est non commodo luctus, nisi erat porttitor ligula, eget lacinia odio sem nec elit. Morbi leo risus, porta ac consectetur ac, vestibulum at eros.\n",
    "code": "var Component=(()=>{var u=Object.create;var i=Object.defineProperty;var m=Object.getOwnPropertyDescriptor;var p=Object.getOwnPropertyNames;var g=Object.getPrototypeOf,v=Object.prototype.hasOwnProperty;var w=(n,a)=>()=>(a||n((a={exports:{}}).exports,a),a.exports),f=(n,a)=>{for(var l in a)i(n,l,{get:a[l],enumerable:!0})},o=(n,a,l,r)=>{if(a&&typeof a==\"object\"||typeof a==\"function\")for(let t of p(a))!v.call(n,t)&&t!==l&&i(n,t,{get:()=>a[t],enumerable:!(r=m(a,t))||r.enumerable});return n};var x=(n,a,l)=>(l=n!=null?u(g(n)):{},o(a||!n||!n.__esModule?i(l,\"default\",{value:n,enumerable:!0}):l,n)),M=n=>o(i({},\"__esModule\",{value:!0}),n);var c=w((C,s)=>{s.exports=_jsx_runtime});var b={};f(b,{default:()=>h,frontmatter:()=>N});var e=x(c()),N={title:\"Sed odio aspernatur\",date:\"2023-09-15\",slug:\"sed-odio-aspernatur\",tags:[\"technology\",\"innovation\",\"development\"],authors:[\"default\"],summary:\"Sed odio aspernatur et voluptatem quia. Exploring the latest technological innovations and their impact on modern development practices.\"};function d(n){let a={a:\"a\",h1:\"h1\",h2:\"h2\",h3:\"h3\",li:\"li\",ol:\"ol\",p:\"p\",path:\"path\",span:\"span\",svg:\"svg\",ul:\"ul\",...n.components};return(0,e.jsxs)(e.Fragment,{children:[(0,e.jsxs)(a.h1,{className:\"content-header\",id:\"sed-odio-aspernatur-et-voluptatem-quia\",children:[(0,e.jsx)(a.a,{\"aria-hidden\":\"true\",href:\"#sed-odio-aspernatur-et-voluptatem-quia\",tabIndex:\"-1\",children:(0,e.jsx)(e.Fragment,{children:(0,e.jsx)(a.span,{className:\"content-header-link\",children:(0,e.jsxs)(a.svg,{className:\"h-5 linkicon w-5\",fill:\"currentColor\",viewBox:\"0 0 20 20\",xmlns:\"http://www.w3.org/2000/svg\",children:[(0,e.jsx)(a.path,{d:\"M12.232 4.232a2.5 2.5 0 0 1 3.536 3.536l-1.225 1.224a.75.75 0 0 0 1.061 1.06l1.224-1.224a4 4 0 0 0-5.656-5.656l-3 3a4 4 0 0 0 .225 5.865.75.75 0 0 0 .977-1.138 2.5 2.5 0 0 1-.142-3.667l3-3Z\"}),(0,e.jsx)(a.path,{d:\"M11.603 7.963a.75.75 0 0 0-.977 1.138 2.5 2.5 0 0 1 .142 3.667l-3 3a2.5 2.5 0 0 1-3.536-3.536l1.225-1.224a.75.75 0 0 0-1.061-1.06l-1.224 1.224a4 4 0 1 0 5.656 5.656l3-3a4 4 0 0 0-.225-5.865Z\"})]})})})}),\"Sed odio aspernatur et voluptatem quia\"]}),(0,e.jsx)(a.p,{children:\"Sed odio aspernatur et voluptatem quia. Lorem ipsum dolor sit amet, consectetur adipiscing elit. Praesent commodo cursus magna, vel scelerisque nisl consectetur et. Cras mattis consectetur purus sit amet fermentum.\"}),(0,e.jsxs)(a.h2,{className:\"content-header\",id:\"innovation-in-technology\",children:[(0,e.jsx)(a.a,{\"aria-hidden\":\"true\",href:\"#innovation-in-technology\",tabIndex:\"-1\",children:(0,e.jsx)(e.Fragment,{children:(0,e.jsx)(a.span,{className:\"content-header-link\",children:(0,e.jsxs)(a.svg,{className:\"h-5 linkicon w-5\",fill:\"currentColor\",viewBox:\"0 0 20 20\",xmlns:\"http://www.w3.org/2000/svg\",children:[(0,e.jsx)(a.path,{d:\"M12.232 4.232a2.5 2.5 0 0 1 3.536 3.536l-1.225 1.224a.75.75 0 0 0 1.061 1.06l1.224-1.224a4 4 0 0 0-5.656-5.656l-3 3a4 4 0 0 0 .225 5.865.75.75 0 0 0 .977-1.138 2.5 2.5 0 0 1-.142-3.667l3-3Z\"}),(0,e.jsx)(a.path,{d:\"M11.603 7.963a.75.75 0 0 0-.977 1.138 2.5 2.5 0 0 1 .142 3.667l-3 3a2.5 2.5 0 0 1-3.536-3.536l1.225-1.224a.75.75 0 0 0-1.061-1.06l-1.224 1.224a4 4 0 1 0 5.656 5.656l3-3a4 4 0 0 0-.225-5.865Z\"})]})})})}),\"Innovation in Technology\"]}),(0,e.jsx)(a.p,{children:\"Nullam quis risus eget urna mollis ornare vel eu leo. Cras mattis consectetur purus sit amet fermentum. Donec ullamcorper nulla non metus auctor fringilla. Donec id elit non mi porta gravida at eget metus.\"}),(0,e.jsxs)(a.h3,{className:\"content-header\",id:\"key-innovations\",children:[(0,e.jsx)(a.a,{\"aria-hidden\":\"true\",href:\"#key-innovations\",tabIndex:\"-1\",children:(0,e.jsx)(e.Fragment,{children:(0,e.jsx)(a.span,{className:\"content-header-link\",children:(0,e.jsxs)(a.svg,{className:\"h-5 linkicon w-5\",fill:\"currentColor\",viewBox:\"0 0 20 20\",xmlns:\"http://www.w3.org/2000/svg\",children:[(0,e.jsx)(a.path,{d:\"M12.232 4.232a2.5 2.5 0 0 1 3.536 3.536l-1.225 1.224a.75.75 0 0 0 1.061 1.06l1.224-1.224a4 4 0 0 0-5.656-5.656l-3 3a4 4 0 0 0 .225 5.865.75.75 0 0 0 .977-1.138 2.5 2.5 0 0 1-.142-3.667l3-3Z\"}),(0,e.jsx)(a.path,{d:\"M11.603 7.963a.75.75 0 0 0-.977 1.138 2.5 2.5 0 0 1 .142 3.667l-3 3a2.5 2.5 0 0 1-3.536-3.536l1.225-1.224a.75.75 0 0 0-1.061-1.06l-1.224 1.224a4 4 0 1 0 5.656 5.656l3-3a4 4 0 0 0-.225-5.865Z\"})]})})})}),\"Key Innovations\"]}),(0,e.jsxs)(a.ul,{children:[(0,e.jsx)(a.li,{children:\"Artificial Intelligence and Machine Learning\"}),(0,e.jsx)(a.li,{children:\"Blockchain Technology\"}),(0,e.jsx)(a.li,{children:\"Internet of Things (IoT)\"}),(0,e.jsx)(a.li,{children:\"Quantum Computing\"}),(0,e.jsx)(a.li,{children:\"Extended Reality (XR)\"})]}),(0,e.jsxs)(a.h2,{className:\"content-header\",id:\"development-practices\",children:[(0,e.jsx)(a.a,{\"aria-hidden\":\"true\",href:\"#development-practices\",tabIndex:\"-1\",children:(0,e.jsx)(e.Fragment,{children:(0,e.jsx)(a.span,{className:\"content-header-link\",children:(0,e.jsxs)(a.svg,{className:\"h-5 linkicon w-5\",fill:\"currentColor\",viewBox:\"0 0 20 20\",xmlns:\"http://www.w3.org/2000/svg\",children:[(0,e.jsx)(a.path,{d:\"M12.232 4.232a2.5 2.5 0 0 1 3.536 3.536l-1.225 1.224a.75.75 0 0 0 1.061 1.06l1.224-1.224a4 4 0 0 0-5.656-5.656l-3 3a4 4 0 0 0 .225 5.865.75.75 0 0 0 .977-1.138 2.5 2.5 0 0 1-.142-3.667l3-3Z\"}),(0,e.jsx)(a.path,{d:\"M11.603 7.963a.75.75 0 0 0-.977 1.138 2.5 2.5 0 0 1 .142 3.667l-3 3a2.5 2.5 0 0 1-3.536-3.536l1.225-1.224a.75.75 0 0 0-1.061-1.06l-1.224 1.224a4 4 0 1 0 5.656 5.656l3-3a4 4 0 0 0-.225-5.865Z\"})]})})})}),\"Development Practices\"]}),(0,e.jsx)(a.p,{children:\"Curabitur blandit tempus porttitor. Nullam id dolor id nibh ultricies vehicula ut id elit. Morbi leo risus, porta ac consectetur ac, vestibulum at eros. Fusce dapibus, tellus ac cursus commodo, tortor mauris condimentum nibh, ut fermentum massa justo sit amet risus.\"}),(0,e.jsxs)(a.h3,{className:\"content-header\",id:\"best-practices\",children:[(0,e.jsx)(a.a,{\"aria-hidden\":\"true\",href:\"#best-practices\",tabIndex:\"-1\",children:(0,e.jsx)(e.Fragment,{children:(0,e.jsx)(a.span,{className:\"content-header-link\",children:(0,e.jsxs)(a.svg,{className:\"h-5 linkicon w-5\",fill:\"currentColor\",viewBox:\"0 0 20 20\",xmlns:\"http://www.w3.org/2000/svg\",children:[(0,e.jsx)(a.path,{d:\"M12.232 4.232a2.5 2.5 0 0 1 3.536 3.536l-1.225 1.224a.75.75 0 0 0 1.061 1.06l1.224-1.224a4 4 0 0 0-5.656-5.656l-3 3a4 4 0 0 0 .225 5.865.75.75 0 0 0 .977-1.138 2.5 2.5 0 0 1-.142-3.667l3-3Z\"}),(0,e.jsx)(a.path,{d:\"M11.603 7.963a.75.75 0 0 0-.977 1.138 2.5 2.5 0 0 1 .142 3.667l-3 3a2.5 2.5 0 0 1-3.536-3.536l1.225-1.224a.75.75 0 0 0-1.061-1.06l-1.224 1.224a4 4 0 1 0 5.656 5.656l3-3a4 4 0 0 0-.225-5.865Z\"})]})})})}),\"Best Practices\"]}),(0,e.jsxs)(a.ol,{children:[(0,e.jsx)(a.li,{children:\"Agile Methodology\"}),(0,e.jsx)(a.li,{children:\"DevOps Integration\"}),(0,e.jsx)(a.li,{children:\"Test-Driven Development\"}),(0,e.jsx)(a.li,{children:\"Continuous Integration/Continuous Deployment\"}),(0,e.jsx)(a.li,{children:\"Microservices Architecture\"})]}),(0,e.jsxs)(a.h2,{className:\"content-header\",id:\"future-trends\",children:[(0,e.jsx)(a.a,{\"aria-hidden\":\"true\",href:\"#future-trends\",tabIndex:\"-1\",children:(0,e.jsx)(e.Fragment,{children:(0,e.jsx)(a.span,{className:\"content-header-link\",children:(0,e.jsxs)(a.svg,{className:\"h-5 linkicon w-5\",fill:\"currentColor\",viewBox:\"0 0 20 20\",xmlns:\"http://www.w3.org/2000/svg\",children:[(0,e.jsx)(a.path,{d:\"M12.232 4.232a2.5 2.5 0 0 1 3.536 3.536l-1.225 1.224a.75.75 0 0 0 1.061 1.06l1.224-1.224a4 4 0 0 0-5.656-5.656l-3 3a4 4 0 0 0 .225 5.865.75.75 0 0 0 .977-1.138 2.5 2.5 0 0 1-.142-3.667l3-3Z\"}),(0,e.jsx)(a.path,{d:\"M11.603 7.963a.75.75 0 0 0-.977 1.138 2.5 2.5 0 0 1 .142 3.667l-3 3a2.5 2.5 0 0 1-3.536-3.536l1.225-1.224a.75.75 0 0 0-1.061-1.06l-1.224 1.224a4 4 0 1 0 5.656 5.656l3-3a4 4 0 0 0-.225-5.865Z\"})]})})})}),\"Future Trends\"]}),(0,e.jsx)(a.p,{children:\"Etiam porta sem malesuada magna mollis euismod. Cras justo odio, dapibus ac facilisis in, egestas eget quam. Donec ullamcorper nulla non metus auctor fringilla. Maecenas faucibus mollis interdum.\"}),(0,e.jsxs)(a.h2,{className:\"content-header\",id:\"conclusion\",children:[(0,e.jsx)(a.a,{\"aria-hidden\":\"true\",href:\"#conclusion\",tabIndex:\"-1\",children:(0,e.jsx)(e.Fragment,{children:(0,e.jsx)(a.span,{className:\"content-header-link\",children:(0,e.jsxs)(a.svg,{className:\"h-5 linkicon w-5\",fill:\"currentColor\",viewBox:\"0 0 20 20\",xmlns:\"http://www.w3.org/2000/svg\",children:[(0,e.jsx)(a.path,{d:\"M12.232 4.232a2.5 2.5 0 0 1 3.536 3.536l-1.225 1.224a.75.75 0 0 0 1.061 1.06l1.224-1.224a4 4 0 0 0-5.656-5.656l-3 3a4 4 0 0 0 .225 5.865.75.75 0 0 0 .977-1.138 2.5 2.5 0 0 1-.142-3.667l3-3Z\"}),(0,e.jsx)(a.path,{d:\"M11.603 7.963a.75.75 0 0 0-.977 1.138 2.5 2.5 0 0 1 .142 3.667l-3 3a2.5 2.5 0 0 1-3.536-3.536l1.225-1.224a.75.75 0 0 0-1.061-1.06l-1.224 1.224a4 4 0 1 0 5.656 5.656l3-3a4 4 0 0 0-.225-5.865Z\"})]})})})}),\"Conclusion\"]}),(0,e.jsx)(a.p,{children:\"Vivamus sagittis lacus vel augue laoreet rutrum faucibus dolor auctor. Duis mollis, est non commodo luctus, nisi erat porttitor ligula, eget lacinia odio sem nec elit. Morbi leo risus, porta ac consectetur ac, vestibulum at eros.\"})]})}function h(n={}){let{wrapper:a}=n.components||{};return a?(0,e.jsx)(a,{...n,children:(0,e.jsx)(d,{...n})}):d(n)}return M(b);})();\n;return Component;"
  },
  "_id": "blog/sed-odio-aspernatur.mdx",
  "_raw": {
    "sourceFilePath": "blog/sed-odio-aspernatur.mdx",
    "sourceFileName": "sed-odio-aspernatur.mdx",
    "sourceFileDir": "blog",
    "contentType": "mdx",
    "flattenedPath": "blog/sed-odio-aspernatur"
  },
  "type": "Blog",
  "readingTime": {
    "text": "2 min read",
    "minutes": 1.155,
    "time": 69300,
    "words": 231
  },
  "path": "blog/sed-odio-aspernatur",
  "filePath": "blog/sed-odio-aspernatur.mdx",
  "toc": [
    {
      "value": "Sed odio aspernatur et voluptatem quia",
      "url": "#sed-odio-aspernatur-et-voluptatem-quia",
      "depth": 1
    },
    {
      "value": "Innovation in Technology",
      "url": "#innovation-in-technology",
      "depth": 2
    },
    {
      "value": "Key Innovations",
      "url": "#key-innovations",
      "depth": 3
    },
    {
      "value": "Development Practices",
      "url": "#development-practices",
      "depth": 2
    },
    {
      "value": "Best Practices",
      "url": "#best-practices",
      "depth": 3
    },
    {
      "value": "Future Trends",
      "url": "#future-trends",
      "depth": 2
    },
    {
      "value": "Conclusion",
      "url": "#conclusion",
      "depth": 2
    }
  ],
  "structuredData": {
    "@context": "https://schema.org",
    "@type": "BlogPosting",
    "headline": "Sed odio aspernatur",
    "datePublished": "2023-09-15T00:00:00.000Z",
    "dateModified": "2023-09-15T00:00:00.000Z",
    "description": "Sed odio aspernatur et voluptatem quia. Exploring the latest technological innovations and their impact on modern development practices.",
    "image": "/static/images/twitter-card.jpg",
    "url": "https://tailwind-nextjs-starter-blog.vercel.app/blog/sed-odio-aspernatur"
  }
}