{
  "title": "AI Hiking Trail Finder Discover Your Perfect Adventure with Dinamount",
  "date": "2025-04-13T00:00:00.000Z",
  "tags": [
    "hiking",
    "trails",
    "AI",
    "recommendations",
    "Dinamount"
  ],
  "slug": "ai-hiking-trail-finder-discover-your-perfect-adventure-with-dinamount",
  "summary": "Learn how Dinamount's AI-powered trail recommendations can help you find the best hiking trails tailored to your preferences and experience level, ensuring an unforgettable outdoor adventure.",
  "body": {
    "raw": "# AI Hiking Trail Finder: Discover Your Perfect Adventure with Dinamount\n\nAre you tired of endless scrolling through generic hiking apps, only to find trails that don't quite match your skill level or desired scenery? Do you dream of effortless discovery, personalized recommendations, and real-time trail conditions all in one place? Look no further than Dinamount, the AI-powered hiking trail finder designed to revolutionize your outdoor adventures.\n\n## What is Dinamount and Why Should You Use It?\n\nDinamount isn't just another hiking app; it's your intelligent guide to the great outdoors. By leveraging the power of artificial intelligence, Dinamount analyzes your preferences, experience level, and desired trail characteristics to provide personalized hiking recommendations you won't find anywhere else. Say goodbye to generic lists and hello to trails perfectly tailored to you.\n\n### Key Features That Set Dinamount Apart:\n\n*   **AI-Powered Personalization:** Dinamount learns your hiking style and suggests trails based on your past hikes, preferred difficulty, scenery preferences (mountains, forests, waterfalls), and desired distance.\n*   **Real-Time Trail Conditions:** Forget unpleasant surprises. Dinamount provides up-to-date information on trail conditions, including weather, closures, and user-submitted reports.\n*   **Detailed Trail Information:** Access comprehensive trail details, including elevation profiles, difficulty ratings, user reviews, photos, and waypoints.\n*   **Offline Maps:** Download maps for offline use, ensuring you can navigate even in areas with limited or no cell service.\n*   **Community Features:** Connect with other hikers, share your experiences, and discover new trails through user-generated content and recommendations.\n\n## How Dinamount's AI Works: A Deeper Dive\n\nDinamount's AI engine uses a sophisticated algorithm that considers a multitude of factors to provide personalized trail recommendations. These factors include:\n\n1.  **User Profile:** Your experience level (beginner, intermediate, advanced), preferred hiking distance, elevation gain preferences, and desired trail type (loop, out-and-back, point-to-point).\n2.  **Trail Data:** Comprehensive data on thousands of trails, including distance, elevation gain, difficulty rating, terrain type, scenery features (waterfalls, viewpoints, forests), and user reviews.\n3.  **Real-Time Conditions:** Weather forecasts, trail closures, user-submitted reports on trail conditions (muddy, icy, overgrown), and parking availability.\n4.  **Collaborative Filtering:** Learning from the preferences of other users with similar hiking styles and recommending trails they have enjoyed.\n\nThis combination of data points allows Dinamount to provide highly relevant and personalized trail recommendations, ensuring you have the best possible hiking experience. \n\n## Finding Your Perfect Hike: A Step-by-Step Guide\n\nReady to discover your next adventure with Dinamount? Here's a step-by-step guide to finding your perfect hike:\n\n1.  **Download and Install Dinamount:** Available on both iOS and Android devices, Dinamount is free to download and easy to install.\n2.  **Create Your Profile:** Provide information about your hiking experience, preferences, and fitness level. The more information you provide, the better Dinamount can tailor its recommendations.\n3.  **Explore the Trail Recommendations:** Browse the list of trails recommended for you based on your profile. You can filter the recommendations by distance, difficulty, scenery, and other criteria.\n4.  **View Trail Details:** Click on a trail to view detailed information, including elevation profile, user reviews, photos, and real-time conditions.\n5.  **Download Offline Maps:** Download the map for your chosen trail for offline use. This is essential for navigating in areas with limited or no cell service.\n6.  **Start Hiking!** Follow the trail map and enjoy your adventure. Be sure to share your experience with the Dinamount community by leaving a review and uploading photos.\n\n## Optimizing Your Hiking Experience with Dinamount\n\nDinamount offers several features to help you optimize your hiking experience:\n\n*   **Trail Difficulty Filter:** Choose trails that match your skill level, from easy strolls to challenging climbs.\n*   **Scenery Filters:** Select trails based on your preferred scenery, such as waterfalls, mountain views, forests, or lakes.\n*   **Distance Filter:** Find trails that fit your desired hiking distance, whether you're looking for a short loop or a multi-day trek.\n*   **Elevation Gain Filter:** Choose trails based on their elevation gain, ensuring you're prepared for the physical challenge.\n\n## Safety First: Hiking Preparedness Tips\n\nWhile Dinamount can help you find the perfect trail, it's important to remember that hiking safety is paramount. Always follow these essential safety tips:\n\n*   **Check the Weather Forecast:** Before heading out, check the weather forecast and be prepared for changing conditions.\n*   **Tell Someone Your Plans:** Let someone know where you're going and when you expect to be back.\n*   **Bring Plenty of Water:** Stay hydrated by bringing enough water for your hike. A good rule of thumb is to carry at least 2 liters of water per person.\n*   **Pack Essential Gear:** Bring a first-aid kit, map, compass, sunscreen, insect repellent, and a headlamp or flashlight.\n*   **Wear Appropriate Clothing:** Dress in layers to adapt to changing weather conditions. Wear sturdy hiking shoes or boots.\n*   **Stay on Marked Trails:** Avoid straying from marked trails to prevent getting lost.\n*   **Be Aware of Wildlife:** Be aware of your surroundings and avoid approaching or feeding wildlife.\n\n## Dinamount vs. Traditional Hiking Apps: A Comparison\n\nHow does Dinamount stack up against traditional hiking apps?\n\n| Feature            | Dinamount                                  | Traditional Hiking Apps                   |\n| ------------------ | ------------------------------------------ | ----------------------------------------- |\n| Personalization    | AI-powered, highly personalized           | Generic trail lists                       |\n| Real-Time Data    | Up-to-date trail conditions and weather     | Limited or outdated information          |\n| Offline Maps       | Yes                                        | Often requires premium subscription        |\n| Community Features | Robust community and user-generated content | Limited or non-existent community features |\n| Ease of Use        | Intuitive interface                         | Can be cluttered and difficult to navigate |\n\nAs you can see, Dinamount offers a significant advantage over traditional hiking apps in terms of personalization, real-time data, and community features. If you're looking for a more intelligent and engaging hiking experience, Dinamount is the clear choice.\n\n## Internal Links\n\nFor more information on finding the best hiking trails, be sure to check out our blog post, [How to Find the Best Hiking Trails Near You: A Beginner's Guide](how-to-find-the-best-hiking-trails-near-you-a-beginners-guide). Also, understanding SEO can help you discover new hiking locations and share your adventures with others; read more in our post, [How SEO Can Boost Your Business Sales](seo-business-sales). If you enjoy open-world exploration, you might find the freedom and discovery in Dinamount similar to the experience in [The Legend of Zelda: Breath of the Wild - A Revolution in Open-World Gaming](zelda-botw).\n\n## External Resources\n\n*   **AllTrails:** A popular hiking app and website with a vast database of trails worldwide. ([https://www.alltrails.com/](https://www.alltrails.com/))\n*   **National Park Service:** The official website of the National Park Service, providing information on hiking trails in national parks. ([https://www.nps.gov/](https://www.nps.gov/))\n*   **REI Co-op:** A leading outdoor retailer offering expert advice and resources on hiking and backpacking. ([https://www.rei.com/](https://www.rei.com/))\n\n## Conclusion: Start Your Adventure Today!\n\nDinamount is more than just a hiking app; it's your personal guide to unforgettable outdoor adventures. With its AI-powered personalization, real-time trail conditions, and robust community features, Dinamount makes it easier than ever to discover the perfect hike for your skill level and preferences.\n\nReady to experience the future of hiking? Download Dinamount today and start exploring! Share your hiking experiences with us on social media using #DinamountAdventures. Happy trails!",
    "code": "var Component=(()=>{var u=Object.create;var t=Object.defineProperty;var p=Object.getOwnPropertyDescriptor;var g=Object.getOwnPropertyNames;var m=Object.getPrototypeOf,f=Object.prototype.hasOwnProperty;var w=(n,i)=>()=>(i||n((i={exports:{}}).exports,i),i.exports),y=(n,i)=>{for(var r in i)t(n,r,{get:i[r],enumerable:!0})},l=(n,i,r,o)=>{if(i&&typeof i==\"object\"||typeof i==\"function\")for(let a of g(i))!f.call(n,a)&&a!==r&&t(n,a,{get:()=>i[a],enumerable:!(o=p(i,a))||o.enumerable});return n};var v=(n,i,r)=>(r=n!=null?u(m(n)):{},l(i||!n||!n.__esModule?t(r,\"default\",{value:n,enumerable:!0}):r,n)),k=n=>l(t({},\"__esModule\",{value:!0}),n);var d=w((A,s)=>{s.exports=_jsx_runtime});var x={};y(x,{default:()=>c,frontmatter:()=>b});var e=v(d()),b={title:\"AI Hiking Trail Finder Discover Your Perfect Adventure with Dinamount\",date:\"2025-04-13\",slug:\"ai-hiking-trail-finder-discover-your-perfect-adventure-with-dinamount\",tags:[\"hiking\",\"trails\",\"AI\",\"recommendations\",\"Dinamount\"],summary:\"Learn how Dinamount's AI-powered trail recommendations can help you find the best hiking trails tailored to your preferences and experience level, ensuring an unforgettable outdoor adventure.\"};function h(n){let i={a:\"a\",h1:\"h1\",h2:\"h2\",h3:\"h3\",li:\"li\",ol:\"ol\",p:\"p\",path:\"path\",span:\"span\",strong:\"strong\",svg:\"svg\",table:\"table\",tbody:\"tbody\",td:\"td\",th:\"th\",thead:\"thead\",tr:\"tr\",ul:\"ul\",...n.components};return(0,e.jsxs)(e.Fragment,{children:[(0,e.jsxs)(i.h1,{className:\"content-header\",id:\"ai-hiking-trail-finder-discover-your-perfect-adventure-with-dinamount\",children:[(0,e.jsx)(i.a,{href:\"#ai-hiking-trail-finder-discover-your-perfect-adventure-with-dinamount\",\"aria-hidden\":\"true\",tabIndex:\"-1\",children:(0,e.jsx)(e.Fragment,{children:(0,e.jsx)(i.span,{className:\"content-header-link\",children:(0,e.jsxs)(i.svg,{className:\"h-5 linkicon w-5\",fill:\"currentColor\",viewBox:\"0 0 20 20\",xmlns:\"http://www.w3.org/2000/svg\",children:[(0,e.jsx)(i.path,{d:\"M12.232 4.232a2.5 2.5 0 0 1 3.536 3.536l-1.225 1.224a.75.75 0 0 0 1.061 1.06l1.224-1.224a4 4 0 0 0-5.656-5.656l-3 3a4 4 0 0 0 .225 5.865.75.75 0 0 0 .977-1.138 2.5 2.5 0 0 1-.142-3.667l3-3Z\"}),(0,e.jsx)(i.path,{d:\"M11.603 7.963a.75.75 0 0 0-.977 1.138 2.5 2.5 0 0 1 .142 3.667l-3 3a2.5 2.5 0 0 1-3.536-3.536l1.225-1.224a.75.75 0 0 0-1.061-1.06l-1.224 1.224a4 4 0 1 0 5.656 5.656l3-3a4 4 0 0 0-.225-5.865Z\"})]})})})}),\"AI Hiking Trail Finder: Discover Your Perfect Adventure with Dinamount\"]}),(0,e.jsx)(i.p,{children:\"Are you tired of endless scrolling through generic hiking apps, only to find trails that don't quite match your skill level or desired scenery? Do you dream of effortless discovery, personalized recommendations, and real-time trail conditions all in one place? Look no further than Dinamount, the AI-powered hiking trail finder designed to revolutionize your outdoor adventures.\"}),(0,e.jsxs)(i.h2,{className:\"content-header\",id:\"what-is-dinamount-and-why-should-you-use-it\",children:[(0,e.jsx)(i.a,{href:\"#what-is-dinamount-and-why-should-you-use-it\",\"aria-hidden\":\"true\",tabIndex:\"-1\",children:(0,e.jsx)(e.Fragment,{children:(0,e.jsx)(i.span,{className:\"content-header-link\",children:(0,e.jsxs)(i.svg,{className:\"h-5 linkicon w-5\",fill:\"currentColor\",viewBox:\"0 0 20 20\",xmlns:\"http://www.w3.org/2000/svg\",children:[(0,e.jsx)(i.path,{d:\"M12.232 4.232a2.5 2.5 0 0 1 3.536 3.536l-1.225 1.224a.75.75 0 0 0 1.061 1.06l1.224-1.224a4 4 0 0 0-5.656-5.656l-3 3a4 4 0 0 0 .225 5.865.75.75 0 0 0 .977-1.138 2.5 2.5 0 0 1-.142-3.667l3-3Z\"}),(0,e.jsx)(i.path,{d:\"M11.603 7.963a.75.75 0 0 0-.977 1.138 2.5 2.5 0 0 1 .142 3.667l-3 3a2.5 2.5 0 0 1-3.536-3.536l1.225-1.224a.75.75 0 0 0-1.061-1.06l-1.224 1.224a4 4 0 1 0 5.656 5.656l3-3a4 4 0 0 0-.225-5.865Z\"})]})})})}),\"What is Dinamount and Why Should You Use It?\"]}),(0,e.jsx)(i.p,{children:\"Dinamount isn't just another hiking app; it's your intelligent guide to the great outdoors. By leveraging the power of artificial intelligence, Dinamount analyzes your preferences, experience level, and desired trail characteristics to provide personalized hiking recommendations you won't find anywhere else. Say goodbye to generic lists and hello to trails perfectly tailored to you.\"}),(0,e.jsxs)(i.h3,{className:\"content-header\",id:\"key-features-that-set-dinamount-apart\",children:[(0,e.jsx)(i.a,{href:\"#key-features-that-set-dinamount-apart\",\"aria-hidden\":\"true\",tabIndex:\"-1\",children:(0,e.jsx)(e.Fragment,{children:(0,e.jsx)(i.span,{className:\"content-header-link\",children:(0,e.jsxs)(i.svg,{className:\"h-5 linkicon w-5\",fill:\"currentColor\",viewBox:\"0 0 20 20\",xmlns:\"http://www.w3.org/2000/svg\",children:[(0,e.jsx)(i.path,{d:\"M12.232 4.232a2.5 2.5 0 0 1 3.536 3.536l-1.225 1.224a.75.75 0 0 0 1.061 1.06l1.224-1.224a4 4 0 0 0-5.656-5.656l-3 3a4 4 0 0 0 .225 5.865.75.75 0 0 0 .977-1.138 2.5 2.5 0 0 1-.142-3.667l3-3Z\"}),(0,e.jsx)(i.path,{d:\"M11.603 7.963a.75.75 0 0 0-.977 1.138 2.5 2.5 0 0 1 .142 3.667l-3 3a2.5 2.5 0 0 1-3.536-3.536l1.225-1.224a.75.75 0 0 0-1.061-1.06l-1.224 1.224a4 4 0 1 0 5.656 5.656l3-3a4 4 0 0 0-.225-5.865Z\"})]})})})}),\"Key Features That Set Dinamount Apart:\"]}),(0,e.jsxs)(i.ul,{children:[(0,e.jsxs)(i.li,{children:[(0,e.jsx)(i.strong,{children:\"AI-Powered Personalization:\"}),\" Dinamount learns your hiking style and suggests trails based on your past hikes, preferred difficulty, scenery preferences (mountains, forests, waterfalls), and desired distance.\"]}),(0,e.jsxs)(i.li,{children:[(0,e.jsx)(i.strong,{children:\"Real-Time Trail Conditions:\"}),\" Forget unpleasant surprises. Dinamount provides up-to-date information on trail conditions, including weather, closures, and user-submitted reports.\"]}),(0,e.jsxs)(i.li,{children:[(0,e.jsx)(i.strong,{children:\"Detailed Trail Information:\"}),\" Access comprehensive trail details, including elevation profiles, difficulty ratings, user reviews, photos, and waypoints.\"]}),(0,e.jsxs)(i.li,{children:[(0,e.jsx)(i.strong,{children:\"Offline Maps:\"}),\" Download maps for offline use, ensuring you can navigate even in areas with limited or no cell service.\"]}),(0,e.jsxs)(i.li,{children:[(0,e.jsx)(i.strong,{children:\"Community Features:\"}),\" Connect with other hikers, share your experiences, and discover new trails through user-generated content and recommendations.\"]})]}),(0,e.jsxs)(i.h2,{className:\"content-header\",id:\"how-dinamounts-ai-works-a-deeper-dive\",children:[(0,e.jsx)(i.a,{href:\"#how-dinamounts-ai-works-a-deeper-dive\",\"aria-hidden\":\"true\",tabIndex:\"-1\",children:(0,e.jsx)(e.Fragment,{children:(0,e.jsx)(i.span,{className:\"content-header-link\",children:(0,e.jsxs)(i.svg,{className:\"h-5 linkicon w-5\",fill:\"currentColor\",viewBox:\"0 0 20 20\",xmlns:\"http://www.w3.org/2000/svg\",children:[(0,e.jsx)(i.path,{d:\"M12.232 4.232a2.5 2.5 0 0 1 3.536 3.536l-1.225 1.224a.75.75 0 0 0 1.061 1.06l1.224-1.224a4 4 0 0 0-5.656-5.656l-3 3a4 4 0 0 0 .225 5.865.75.75 0 0 0 .977-1.138 2.5 2.5 0 0 1-.142-3.667l3-3Z\"}),(0,e.jsx)(i.path,{d:\"M11.603 7.963a.75.75 0 0 0-.977 1.138 2.5 2.5 0 0 1 .142 3.667l-3 3a2.5 2.5 0 0 1-3.536-3.536l1.225-1.224a.75.75 0 0 0-1.061-1.06l-1.224 1.224a4 4 0 1 0 5.656 5.656l3-3a4 4 0 0 0-.225-5.865Z\"})]})})})}),\"How Dinamount's AI Works: A Deeper Dive\"]}),(0,e.jsx)(i.p,{children:\"Dinamount's AI engine uses a sophisticated algorithm that considers a multitude of factors to provide personalized trail recommendations. These factors include:\"}),(0,e.jsxs)(i.ol,{children:[(0,e.jsxs)(i.li,{children:[(0,e.jsx)(i.strong,{children:\"User Profile:\"}),\" Your experience level (beginner, intermediate, advanced), preferred hiking distance, elevation gain preferences, and desired trail type (loop, out-and-back, point-to-point).\"]}),(0,e.jsxs)(i.li,{children:[(0,e.jsx)(i.strong,{children:\"Trail Data:\"}),\" Comprehensive data on thousands of trails, including distance, elevation gain, difficulty rating, terrain type, scenery features (waterfalls, viewpoints, forests), and user reviews.\"]}),(0,e.jsxs)(i.li,{children:[(0,e.jsx)(i.strong,{children:\"Real-Time Conditions:\"}),\" Weather forecasts, trail closures, user-submitted reports on trail conditions (muddy, icy, overgrown), and parking availability.\"]}),(0,e.jsxs)(i.li,{children:[(0,e.jsx)(i.strong,{children:\"Collaborative Filtering:\"}),\" Learning from the preferences of other users with similar hiking styles and recommending trails they have enjoyed.\"]})]}),(0,e.jsx)(i.p,{children:\"This combination of data points allows Dinamount to provide highly relevant and personalized trail recommendations, ensuring you have the best possible hiking experience.\"}),(0,e.jsxs)(i.h2,{className:\"content-header\",id:\"finding-your-perfect-hike-a-step-by-step-guide\",children:[(0,e.jsx)(i.a,{href:\"#finding-your-perfect-hike-a-step-by-step-guide\",\"aria-hidden\":\"true\",tabIndex:\"-1\",children:(0,e.jsx)(e.Fragment,{children:(0,e.jsx)(i.span,{className:\"content-header-link\",children:(0,e.jsxs)(i.svg,{className:\"h-5 linkicon w-5\",fill:\"currentColor\",viewBox:\"0 0 20 20\",xmlns:\"http://www.w3.org/2000/svg\",children:[(0,e.jsx)(i.path,{d:\"M12.232 4.232a2.5 2.5 0 0 1 3.536 3.536l-1.225 1.224a.75.75 0 0 0 1.061 1.06l1.224-1.224a4 4 0 0 0-5.656-5.656l-3 3a4 4 0 0 0 .225 5.865.75.75 0 0 0 .977-1.138 2.5 2.5 0 0 1-.142-3.667l3-3Z\"}),(0,e.jsx)(i.path,{d:\"M11.603 7.963a.75.75 0 0 0-.977 1.138 2.5 2.5 0 0 1 .142 3.667l-3 3a2.5 2.5 0 0 1-3.536-3.536l1.225-1.224a.75.75 0 0 0-1.061-1.06l-1.224 1.224a4 4 0 1 0 5.656 5.656l3-3a4 4 0 0 0-.225-5.865Z\"})]})})})}),\"Finding Your Perfect Hike: A Step-by-Step Guide\"]}),(0,e.jsx)(i.p,{children:\"Ready to discover your next adventure with Dinamount? Here's a step-by-step guide to finding your perfect hike:\"}),(0,e.jsxs)(i.ol,{children:[(0,e.jsxs)(i.li,{children:[(0,e.jsx)(i.strong,{children:\"Download and Install Dinamount:\"}),\" Available on both iOS and Android devices, Dinamount is free to download and easy to install.\"]}),(0,e.jsxs)(i.li,{children:[(0,e.jsx)(i.strong,{children:\"Create Your Profile:\"}),\" Provide information about your hiking experience, preferences, and fitness level. The more information you provide, the better Dinamount can tailor its recommendations.\"]}),(0,e.jsxs)(i.li,{children:[(0,e.jsx)(i.strong,{children:\"Explore the Trail Recommendations:\"}),\" Browse the list of trails recommended for you based on your profile. You can filter the recommendations by distance, difficulty, scenery, and other criteria.\"]}),(0,e.jsxs)(i.li,{children:[(0,e.jsx)(i.strong,{children:\"View Trail Details:\"}),\" Click on a trail to view detailed information, including elevation profile, user reviews, photos, and real-time conditions.\"]}),(0,e.jsxs)(i.li,{children:[(0,e.jsx)(i.strong,{children:\"Download Offline Maps:\"}),\" Download the map for your chosen trail for offline use. This is essential for navigating in areas with limited or no cell service.\"]}),(0,e.jsxs)(i.li,{children:[(0,e.jsx)(i.strong,{children:\"Start Hiking!\"}),\" Follow the trail map and enjoy your adventure. Be sure to share your experience with the Dinamount community by leaving a review and uploading photos.\"]})]}),(0,e.jsxs)(i.h2,{className:\"content-header\",id:\"optimizing-your-hiking-experience-with-dinamount\",children:[(0,e.jsx)(i.a,{href:\"#optimizing-your-hiking-experience-with-dinamount\",\"aria-hidden\":\"true\",tabIndex:\"-1\",children:(0,e.jsx)(e.Fragment,{children:(0,e.jsx)(i.span,{className:\"content-header-link\",children:(0,e.jsxs)(i.svg,{className:\"h-5 linkicon w-5\",fill:\"currentColor\",viewBox:\"0 0 20 20\",xmlns:\"http://www.w3.org/2000/svg\",children:[(0,e.jsx)(i.path,{d:\"M12.232 4.232a2.5 2.5 0 0 1 3.536 3.536l-1.225 1.224a.75.75 0 0 0 1.061 1.06l1.224-1.224a4 4 0 0 0-5.656-5.656l-3 3a4 4 0 0 0 .225 5.865.75.75 0 0 0 .977-1.138 2.5 2.5 0 0 1-.142-3.667l3-3Z\"}),(0,e.jsx)(i.path,{d:\"M11.603 7.963a.75.75 0 0 0-.977 1.138 2.5 2.5 0 0 1 .142 3.667l-3 3a2.5 2.5 0 0 1-3.536-3.536l1.225-1.224a.75.75 0 0 0-1.061-1.06l-1.224 1.224a4 4 0 1 0 5.656 5.656l3-3a4 4 0 0 0-.225-5.865Z\"})]})})})}),\"Optimizing Your Hiking Experience with Dinamount\"]}),(0,e.jsx)(i.p,{children:\"Dinamount offers several features to help you optimize your hiking experience:\"}),(0,e.jsxs)(i.ul,{children:[(0,e.jsxs)(i.li,{children:[(0,e.jsx)(i.strong,{children:\"Trail Difficulty Filter:\"}),\" Choose trails that match your skill level, from easy strolls to challenging climbs.\"]}),(0,e.jsxs)(i.li,{children:[(0,e.jsx)(i.strong,{children:\"Scenery Filters:\"}),\" Select trails based on your preferred scenery, such as waterfalls, mountain views, forests, or lakes.\"]}),(0,e.jsxs)(i.li,{children:[(0,e.jsx)(i.strong,{children:\"Distance Filter:\"}),\" Find trails that fit your desired hiking distance, whether you're looking for a short loop or a multi-day trek.\"]}),(0,e.jsxs)(i.li,{children:[(0,e.jsx)(i.strong,{children:\"Elevation Gain Filter:\"}),\" Choose trails based on their elevation gain, ensuring you're prepared for the physical challenge.\"]})]}),(0,e.jsxs)(i.h2,{className:\"content-header\",id:\"safety-first-hiking-preparedness-tips\",children:[(0,e.jsx)(i.a,{href:\"#safety-first-hiking-preparedness-tips\",\"aria-hidden\":\"true\",tabIndex:\"-1\",children:(0,e.jsx)(e.Fragment,{children:(0,e.jsx)(i.span,{className:\"content-header-link\",children:(0,e.jsxs)(i.svg,{className:\"h-5 linkicon w-5\",fill:\"currentColor\",viewBox:\"0 0 20 20\",xmlns:\"http://www.w3.org/2000/svg\",children:[(0,e.jsx)(i.path,{d:\"M12.232 4.232a2.5 2.5 0 0 1 3.536 3.536l-1.225 1.224a.75.75 0 0 0 1.061 1.06l1.224-1.224a4 4 0 0 0-5.656-5.656l-3 3a4 4 0 0 0 .225 5.865.75.75 0 0 0 .977-1.138 2.5 2.5 0 0 1-.142-3.667l3-3Z\"}),(0,e.jsx)(i.path,{d:\"M11.603 7.963a.75.75 0 0 0-.977 1.138 2.5 2.5 0 0 1 .142 3.667l-3 3a2.5 2.5 0 0 1-3.536-3.536l1.225-1.224a.75.75 0 0 0-1.061-1.06l-1.224 1.224a4 4 0 1 0 5.656 5.656l3-3a4 4 0 0 0-.225-5.865Z\"})]})})})}),\"Safety First: Hiking Preparedness Tips\"]}),(0,e.jsx)(i.p,{children:\"While Dinamount can help you find the perfect trail, it's important to remember that hiking safety is paramount. Always follow these essential safety tips:\"}),(0,e.jsxs)(i.ul,{children:[(0,e.jsxs)(i.li,{children:[(0,e.jsx)(i.strong,{children:\"Check the Weather Forecast:\"}),\" Before heading out, check the weather forecast and be prepared for changing conditions.\"]}),(0,e.jsxs)(i.li,{children:[(0,e.jsx)(i.strong,{children:\"Tell Someone Your Plans:\"}),\" Let someone know where you're going and when you expect to be back.\"]}),(0,e.jsxs)(i.li,{children:[(0,e.jsx)(i.strong,{children:\"Bring Plenty of Water:\"}),\" Stay hydrated by bringing enough water for your hike. A good rule of thumb is to carry at least 2 liters of water per person.\"]}),(0,e.jsxs)(i.li,{children:[(0,e.jsx)(i.strong,{children:\"Pack Essential Gear:\"}),\" Bring a first-aid kit, map, compass, sunscreen, insect repellent, and a headlamp or flashlight.\"]}),(0,e.jsxs)(i.li,{children:[(0,e.jsx)(i.strong,{children:\"Wear Appropriate Clothing:\"}),\" Dress in layers to adapt to changing weather conditions. Wear sturdy hiking shoes or boots.\"]}),(0,e.jsxs)(i.li,{children:[(0,e.jsx)(i.strong,{children:\"Stay on Marked Trails:\"}),\" Avoid straying from marked trails to prevent getting lost.\"]}),(0,e.jsxs)(i.li,{children:[(0,e.jsx)(i.strong,{children:\"Be Aware of Wildlife:\"}),\" Be aware of your surroundings and avoid approaching or feeding wildlife.\"]})]}),(0,e.jsxs)(i.h2,{className:\"content-header\",id:\"dinamount-vs-traditional-hiking-apps-a-comparison\",children:[(0,e.jsx)(i.a,{href:\"#dinamount-vs-traditional-hiking-apps-a-comparison\",\"aria-hidden\":\"true\",tabIndex:\"-1\",children:(0,e.jsx)(e.Fragment,{children:(0,e.jsx)(i.span,{className:\"content-header-link\",children:(0,e.jsxs)(i.svg,{className:\"h-5 linkicon w-5\",fill:\"currentColor\",viewBox:\"0 0 20 20\",xmlns:\"http://www.w3.org/2000/svg\",children:[(0,e.jsx)(i.path,{d:\"M12.232 4.232a2.5 2.5 0 0 1 3.536 3.536l-1.225 1.224a.75.75 0 0 0 1.061 1.06l1.224-1.224a4 4 0 0 0-5.656-5.656l-3 3a4 4 0 0 0 .225 5.865.75.75 0 0 0 .977-1.138 2.5 2.5 0 0 1-.142-3.667l3-3Z\"}),(0,e.jsx)(i.path,{d:\"M11.603 7.963a.75.75 0 0 0-.977 1.138 2.5 2.5 0 0 1 .142 3.667l-3 3a2.5 2.5 0 0 1-3.536-3.536l1.225-1.224a.75.75 0 0 0-1.061-1.06l-1.224 1.224a4 4 0 1 0 5.656 5.656l3-3a4 4 0 0 0-.225-5.865Z\"})]})})})}),\"Dinamount vs. Traditional Hiking Apps: A Comparison\"]}),(0,e.jsx)(i.p,{children:\"How does Dinamount stack up against traditional hiking apps?\"}),(0,e.jsxs)(i.table,{children:[(0,e.jsx)(i.thead,{children:(0,e.jsxs)(i.tr,{children:[(0,e.jsx)(i.th,{children:\"Feature\"}),(0,e.jsx)(i.th,{children:\"Dinamount\"}),(0,e.jsx)(i.th,{children:\"Traditional Hiking Apps\"})]})}),(0,e.jsxs)(i.tbody,{children:[(0,e.jsxs)(i.tr,{children:[(0,e.jsx)(i.td,{children:\"Personalization\"}),(0,e.jsx)(i.td,{children:\"AI-powered, highly personalized\"}),(0,e.jsx)(i.td,{children:\"Generic trail lists\"})]}),(0,e.jsxs)(i.tr,{children:[(0,e.jsx)(i.td,{children:\"Real-Time Data\"}),(0,e.jsx)(i.td,{children:\"Up-to-date trail conditions and weather\"}),(0,e.jsx)(i.td,{children:\"Limited or outdated information\"})]}),(0,e.jsxs)(i.tr,{children:[(0,e.jsx)(i.td,{children:\"Offline Maps\"}),(0,e.jsx)(i.td,{children:\"Yes\"}),(0,e.jsx)(i.td,{children:\"Often requires premium subscription\"})]}),(0,e.jsxs)(i.tr,{children:[(0,e.jsx)(i.td,{children:\"Community Features\"}),(0,e.jsx)(i.td,{children:\"Robust community and user-generated content\"}),(0,e.jsx)(i.td,{children:\"Limited or non-existent community features\"})]}),(0,e.jsxs)(i.tr,{children:[(0,e.jsx)(i.td,{children:\"Ease of Use\"}),(0,e.jsx)(i.td,{children:\"Intuitive interface\"}),(0,e.jsx)(i.td,{children:\"Can be cluttered and difficult to navigate\"})]})]})]}),(0,e.jsx)(i.p,{children:\"As you can see, Dinamount offers a significant advantage over traditional hiking apps in terms of personalization, real-time data, and community features. If you're looking for a more intelligent and engaging hiking experience, Dinamount is the clear choice.\"}),(0,e.jsxs)(i.h2,{className:\"content-header\",id:\"internal-links\",children:[(0,e.jsx)(i.a,{href:\"#internal-links\",\"aria-hidden\":\"true\",tabIndex:\"-1\",children:(0,e.jsx)(e.Fragment,{children:(0,e.jsx)(i.span,{className:\"content-header-link\",children:(0,e.jsxs)(i.svg,{className:\"h-5 linkicon w-5\",fill:\"currentColor\",viewBox:\"0 0 20 20\",xmlns:\"http://www.w3.org/2000/svg\",children:[(0,e.jsx)(i.path,{d:\"M12.232 4.232a2.5 2.5 0 0 1 3.536 3.536l-1.225 1.224a.75.75 0 0 0 1.061 1.06l1.224-1.224a4 4 0 0 0-5.656-5.656l-3 3a4 4 0 0 0 .225 5.865.75.75 0 0 0 .977-1.138 2.5 2.5 0 0 1-.142-3.667l3-3Z\"}),(0,e.jsx)(i.path,{d:\"M11.603 7.963a.75.75 0 0 0-.977 1.138 2.5 2.5 0 0 1 .142 3.667l-3 3a2.5 2.5 0 0 1-3.536-3.536l1.225-1.224a.75.75 0 0 0-1.061-1.06l-1.224 1.224a4 4 0 1 0 5.656 5.656l3-3a4 4 0 0 0-.225-5.865Z\"})]})})})}),\"Internal Links\"]}),(0,e.jsxs)(i.p,{children:[\"For more information on finding the best hiking trails, be sure to check out our blog post, \",(0,e.jsx)(i.a,{href:\"how-to-find-the-best-hiking-trails-near-you-a-beginners-guide\",children:\"How to Find the Best Hiking Trails Near You: A Beginner's Guide\"}),\". Also, understanding SEO can help you discover new hiking locations and share your adventures with others; read more in our post, \",(0,e.jsx)(i.a,{href:\"seo-business-sales\",children:\"How SEO Can Boost Your Business Sales\"}),\". If you enjoy open-world exploration, you might find the freedom and discovery in Dinamount similar to the experience in \",(0,e.jsx)(i.a,{href:\"zelda-botw\",children:\"The Legend of Zelda: Breath of the Wild - A Revolution in Open-World Gaming\"}),\".\"]}),(0,e.jsxs)(i.h2,{className:\"content-header\",id:\"external-resources\",children:[(0,e.jsx)(i.a,{href:\"#external-resources\",\"aria-hidden\":\"true\",tabIndex:\"-1\",children:(0,e.jsx)(e.Fragment,{children:(0,e.jsx)(i.span,{className:\"content-header-link\",children:(0,e.jsxs)(i.svg,{className:\"h-5 linkicon w-5\",fill:\"currentColor\",viewBox:\"0 0 20 20\",xmlns:\"http://www.w3.org/2000/svg\",children:[(0,e.jsx)(i.path,{d:\"M12.232 4.232a2.5 2.5 0 0 1 3.536 3.536l-1.225 1.224a.75.75 0 0 0 1.061 1.06l1.224-1.224a4 4 0 0 0-5.656-5.656l-3 3a4 4 0 0 0 .225 5.865.75.75 0 0 0 .977-1.138 2.5 2.5 0 0 1-.142-3.667l3-3Z\"}),(0,e.jsx)(i.path,{d:\"M11.603 7.963a.75.75 0 0 0-.977 1.138 2.5 2.5 0 0 1 .142 3.667l-3 3a2.5 2.5 0 0 1-3.536-3.536l1.225-1.224a.75.75 0 0 0-1.061-1.06l-1.224 1.224a4 4 0 1 0 5.656 5.656l3-3a4 4 0 0 0-.225-5.865Z\"})]})})})}),\"External Resources\"]}),(0,e.jsxs)(i.ul,{children:[(0,e.jsxs)(i.li,{children:[(0,e.jsx)(i.strong,{children:\"AllTrails:\"}),\" A popular hiking app and website with a vast database of trails worldwide. (\",(0,e.jsx)(i.a,{href:\"https://www.alltrails.com/\",children:\"https://www.alltrails.com/\"}),\")\"]}),(0,e.jsxs)(i.li,{children:[(0,e.jsx)(i.strong,{children:\"National Park Service:\"}),\" The official website of the National Park Service, providing information on hiking trails in national parks. (\",(0,e.jsx)(i.a,{href:\"https://www.nps.gov/\",children:\"https://www.nps.gov/\"}),\")\"]}),(0,e.jsxs)(i.li,{children:[(0,e.jsx)(i.strong,{children:\"REI Co-op:\"}),\" A leading outdoor retailer offering expert advice and resources on hiking and backpacking. (\",(0,e.jsx)(i.a,{href:\"https://www.rei.com/\",children:\"https://www.rei.com/\"}),\")\"]})]}),(0,e.jsxs)(i.h2,{className:\"content-header\",id:\"conclusion-start-your-adventure-today\",children:[(0,e.jsx)(i.a,{href:\"#conclusion-start-your-adventure-today\",\"aria-hidden\":\"true\",tabIndex:\"-1\",children:(0,e.jsx)(e.Fragment,{children:(0,e.jsx)(i.span,{className:\"content-header-link\",children:(0,e.jsxs)(i.svg,{className:\"h-5 linkicon w-5\",fill:\"currentColor\",viewBox:\"0 0 20 20\",xmlns:\"http://www.w3.org/2000/svg\",children:[(0,e.jsx)(i.path,{d:\"M12.232 4.232a2.5 2.5 0 0 1 3.536 3.536l-1.225 1.224a.75.75 0 0 0 1.061 1.06l1.224-1.224a4 4 0 0 0-5.656-5.656l-3 3a4 4 0 0 0 .225 5.865.75.75 0 0 0 .977-1.138 2.5 2.5 0 0 1-.142-3.667l3-3Z\"}),(0,e.jsx)(i.path,{d:\"M11.603 7.963a.75.75 0 0 0-.977 1.138 2.5 2.5 0 0 1 .142 3.667l-3 3a2.5 2.5 0 0 1-3.536-3.536l1.225-1.224a.75.75 0 0 0-1.061-1.06l-1.224 1.224a4 4 0 1 0 5.656 5.656l3-3a4 4 0 0 0-.225-5.865Z\"})]})})})}),\"Conclusion: Start Your Adventure Today!\"]}),(0,e.jsx)(i.p,{children:\"Dinamount is more than just a hiking app; it's your personal guide to unforgettable outdoor adventures. With its AI-powered personalization, real-time trail conditions, and robust community features, Dinamount makes it easier than ever to discover the perfect hike for your skill level and preferences.\"}),(0,e.jsx)(i.p,{children:\"Ready to experience the future of hiking? Download Dinamount today and start exploring! Share your hiking experiences with us on social media using #DinamountAdventures. Happy trails!\"})]})}function c(n={}){let{wrapper:i}=n.components||{};return i?(0,e.jsx)(i,{...n,children:(0,e.jsx)(h,{...n})}):h(n)}return k(x);})();\n;return Component;"
  },
  "_id": "blog/ai-hiking-trail-finder-discover-your-perfect-adventure-with-dinamount.mdx",
  "_raw": {
    "sourceFilePath": "blog/ai-hiking-trail-finder-discover-your-perfect-adventure-with-dinamount.mdx",
    "sourceFileName": "ai-hiking-trail-finder-discover-your-perfect-adventure-with-dinamount.mdx",
    "sourceFileDir": "blog",
    "contentType": "mdx",
    "flattenedPath": "blog/ai-hiking-trail-finder-discover-your-perfect-adventure-with-dinamount"
  },
  "type": "Blog",
  "readingTime": {
    "text": "6 min read",
    "minutes": 5.89,
    "time": 353400,
    "words": 1178
  },
  "path": "blog/ai-hiking-trail-finder-discover-your-perfect-adventure-with-dinamount",
  "filePath": "blog/ai-hiking-trail-finder-discover-your-perfect-adventure-with-dinamount.mdx",
  "toc": [
    {
      "value": "AI Hiking Trail Finder: Discover Your Perfect Adventure with Dinamount",
      "url": "#ai-hiking-trail-finder-discover-your-perfect-adventure-with-dinamount",
      "depth": 1
    },
    {
      "value": "What is Dinamount and Why Should You Use It?",
      "url": "#what-is-dinamount-and-why-should-you-use-it",
      "depth": 2
    },
    {
      "value": "Key Features That Set Dinamount Apart:",
      "url": "#key-features-that-set-dinamount-apart",
      "depth": 3
    },
    {
      "value": "How Dinamount's AI Works: A Deeper Dive",
      "url": "#how-dinamounts-ai-works-a-deeper-dive",
      "depth": 2
    },
    {
      "value": "Finding Your Perfect Hike: A Step-by-Step Guide",
      "url": "#finding-your-perfect-hike-a-step-by-step-guide",
      "depth": 2
    },
    {
      "value": "Optimizing Your Hiking Experience with Dinamount",
      "url": "#optimizing-your-hiking-experience-with-dinamount",
      "depth": 2
    },
    {
      "value": "Safety First: Hiking Preparedness Tips",
      "url": "#safety-first-hiking-preparedness-tips",
      "depth": 2
    },
    {
      "value": "Dinamount vs. Traditional Hiking Apps: A Comparison",
      "url": "#dinamount-vs-traditional-hiking-apps-a-comparison",
      "depth": 2
    },
    {
      "value": "Internal Links",
      "url": "#internal-links",
      "depth": 2
    },
    {
      "value": "External Resources",
      "url": "#external-resources",
      "depth": 2
    },
    {
      "value": "Conclusion: Start Your Adventure Today!",
      "url": "#conclusion-start-your-adventure-today",
      "depth": 2
    }
  ],
  "structuredData": {
    "@context": "https://schema.org",
    "@type": "BlogPosting",
    "headline": "AI Hiking Trail Finder Discover Your Perfect Adventure with Dinamount",
    "datePublished": "2025-04-13T00:00:00.000Z",
    "dateModified": "2025-04-13T00:00:00.000Z",
    "description": "Learn how Dinamount's AI-powered trail recommendations can help you find the best hiking trails tailored to your preferences and experience level, ensuring an unforgettable outdoor adventure.",
    "image": "/static/images/twitter-card.jpg",
    "url": "https://tailwind-nextjs-starter-blog.vercel.app/blog/ai-hiking-trail-finder-discover-your-perfect-adventure-with-dinamount"
  }
}