{
  "title": "Inventore in ut quod",
  "date": "2010-04-18T00:00:00.000Z",
  "tags": [
    "Aperiam sit quo mole"
  ],
  "slug": "Nostrud-ratione-comm",
  "summary": "Perferendis non volu",
  "authors": [
    "Mollitia assumenda d"
  ],
  "body": {
    "raw": "Est architecto sint",
    "code": "var Component=(()=>{var l=Object.create;var r=Object.defineProperty;var p=Object.getOwnPropertyDescriptor;var x=Object.getOwnPropertyNames;var f=Object.getPrototypeOf,_=Object.prototype.hasOwnProperty;var h=(t,n)=>()=>(n||t((n={exports:{}}).exports,n),n.exports),M=(t,n)=>{for(var e in n)r(t,e,{get:n[e],enumerable:!0})},i=(t,n,e,a)=>{if(n&&typeof n==\"object\"||typeof n==\"function\")for(let o of x(n))!_.call(t,o)&&o!==e&&r(t,o,{get:()=>n[o],enumerable:!(a=p(n,o))||a.enumerable});return t};var j=(t,n,e)=>(e=t!=null?l(f(t)):{},i(n||!t||!t.__esModule?r(e,\"default\",{value:t,enumerable:!0}):e,t)),g=t=>i(r({},\"__esModule\",{value:!0}),t);var c=h((C,u)=>{u.exports=_jsx_runtime});var v={};M(v,{default:()=>d,frontmatter:()=>q});var s=j(c()),q={title:\"Inventore in ut quod\",date:\"2010-04-18\",slug:\"Nostrud ratione comm\",tags:[\"Aperiam sit quo mole\"],authors:[\"Mollitia assumenda d\"],summary:\"Perferendis non volu\"};function m(t){let n={p:\"p\",...t.components};return(0,s.jsx)(n.p,{children:\"Est architecto sint\"})}function d(t={}){let{wrapper:n}=t.components||{};return n?(0,s.jsx)(n,{...t,children:(0,s.jsx)(m,{...t})}):m(t)}return g(v);})();\n;return Component;"
  },
  "_id": "blog/Nostrud-ratione-comm.mdx",
  "_raw": {
    "sourceFilePath": "blog/Nostrud-ratione-comm.mdx",
    "sourceFileName": "Nostrud-ratione-comm.mdx",
    "sourceFileDir": "blog",
    "contentType": "mdx",
    "flattenedPath": "blog/Nostrud-ratione-comm"
  },
  "type": "Blog",
  "readingTime": {
    "text": "1 min read",
    "minutes": 0.015,
    "time": 900,
    "words": 3
  },
  "path": "blog/Nostrud-ratione-comm",
  "filePath": "blog/Nostrud-ratione-comm.mdx",
  "toc": [],
  "structuredData": {
    "@context": "https://schema.org",
    "@type": "BlogPosting",
    "headline": "Inventore in ut quod",
    "datePublished": "2010-04-18T00:00:00.000Z",
    "dateModified": "2010-04-18T00:00:00.000Z",
    "description": "Perferendis non volu",
    "image": "/static/images/twitter-card.jpg",
    "url": "https://tailwind-nextjs-starter-blog.vercel.app/blog/Nostrud-ratione-comm"
  }
}