{
  "title": "Find Your Perfect Hike: How Dinamount's AI Trail Recommendations Work",
  "date": "2025-04-13T00:00:00.000Z",
  "tags": [],
  "slug": "find-your-perfect-hike-how-dinamounts-ai-trail-recommendations-work",
  "summary": "Learn how Dinamount uses AI to personalize your hiking experience, matching you with trails based on your skill level and preferences. Discover the best routes tailored just for you.",
  "body": {
    "raw": "# Find Your Perfect Hike: How Dinamount's AI Trail Recommendations Work\n\nImagine stepping onto a trail perfectly suited to your fitness level, interests, and desired scenery. No more endless scrolling through generic trail lists or ending up on a path that's far too challenging (or boring!). Dinamount makes this dream a reality. This blog post dives deep into how Dinamount's AI engine personalizes your hiking experience, ensuring every adventure is a memorable one.\n\n## The Problem with Traditional Trail Finding\n\nFinding the right hiking trail used to be a time-consuming and often frustrating process. You'd rely on outdated guidebooks, generic online lists, or word-of-mouth recommendations. These methods often fall short because they lack personalization. What's a \"moderate\" trail for one person might be strenuous for another. Factors like elevation gain, trail surface, and even the time of year can dramatically impact your experience.\n\nThis leads to several problems:\n\n*   **Wasted Time:** Spending hours researching trails only to be disappointed.\n*   **Mismatched Expectations:** Choosing a trail that's too easy or too difficult.\n*   **Safety Concerns:** Underestimating the challenges of a particular hike.\n*   **Missed Opportunities:** Not discovering hidden gems that perfectly match your interests.\n\n## Dinamount's AI Solution: Personalized Trail Recommendations\n\nDinamount tackles these problems head-on with its sophisticated AI-powered recommendation engine. But how does it work? Let's break it down:\n\n### 1. User Profiling: Getting to Know You\n\nThe first step is understanding your individual preferences and capabilities. Dinamount gathers information through:\n\n*   **Skill Level:** Are you a beginner, intermediate, or experienced hiker?\n*   **Fitness Level:** How often do you exercise, and what's your typical workout intensity?\n*   **Preferred Scenery:** Do you prefer mountain views, forests, waterfalls, or something else?\n*   **Desired Distance:** How far are you willing to hike?\n*   **Elevation Gain Preference:** What's the maximum elevation gain you're comfortable with?\n*   **Trail Type:** Do you prefer loop trails, out-and-back trails, or point-to-point trails?\n*   **Activity Type:** Hiking, Trail Running, Backpacking\n\nThis information forms the basis of your personalized profile.\n\n### 2. Trail Data Collection: Building a Comprehensive Database\n\nDinamount's AI engine needs a vast and accurate dataset of trails to work with. This data includes:\n\n*   **Trail Length:** The total distance of the trail.\n*   **Elevation Gain:** The total vertical ascent along the trail.\n*   **Trail Difficulty:** A rating of the trail's overall difficulty (easy, moderate, strenuous).\n*   **Trail Surface:** The type of surface you'll be hiking on (dirt, rock, gravel).\n*   **Scenery:** Descriptions of the views and natural features along the trail.\n*   **User Reviews:** Feedback from other hikers about their experiences.\n*   **Real-time Conditions:** Up-to-date information on trail closures, weather, and hazards. This is especially important; consider reading \"How to Find the Best Hiking Trails Near You: A Beginner's Guide\" (slug: how-to-find-the-best-hiking-trails-near-you-a-beginners-guide) for more information on trail conditions.\n\n### 3. The AI Algorithm: Matching Users with Trails\n\nThis is where the magic happens. Dinamount's AI algorithm analyzes your user profile and compares it to the trail data. It uses a combination of techniques, including:\n\n*   **Collaborative Filtering:** Recommending trails that are popular among users with similar profiles.\n*   **Content-Based Filtering:** Recommending trails that match your specified preferences (e.g., scenery, difficulty).\n*   **Machine Learning:** Continuously learning from user feedback and improving the accuracy of its recommendations.\n\nThe algorithm assigns a score to each trail based on its relevance to your profile. The trails with the highest scores are then presented to you as personalized recommendations.\n\n### 4. Real-time Data Integration\n\nDinamount stands out by incorporating real-time data into its recommendations. This means considering:\n\n*   **Weather Conditions:** Avoiding trails that are unsafe due to rain, snow, or extreme temperatures.\n*   **Trail Closures:** Excluding trails that are temporarily closed for maintenance or other reasons.\n*   **Crowd Levels:** Suggesting less crowded trails if you prefer a more solitary experience.\n\nThis real-time awareness ensures that your recommendations are always up-to-date and relevant.\n\n## Benefits of Using Dinamount's AI\n\n*   **Save Time and Effort:** No more endless searching for the perfect hike.\n*   **Discover Hidden Gems:** Find trails you might never have found on your own.\n*   **Improve Your Hiking Experience:** Enjoy hikes that are perfectly suited to your abilities and interests.\n*   **Stay Safe:** Avoid trails that are too challenging or have hazardous conditions.\n*   **Increase Motivation:** Find trails that inspire you to get outdoors and explore.\n\n## Example Scenario\n\nLet's say you're a beginner hiker who enjoys waterfalls and is looking for a short, easy trail. You input this information into Dinamount, and the AI algorithm suggests a 2-mile loop trail with minimal elevation gain that leads to a beautiful waterfall. You check the real-time conditions and see that the weather is perfect and the trail is open. You decide to give it a try and have an amazing experience!\n\n## Dinamount and Business Opportunities\n\nDinamount's technology also opens up unique business opportunities. Local tourism boards, outdoor gear retailers, and even hospitality businesses can leverage Dinamount's AI to provide personalized recommendations to their customers. This can lead to increased customer engagement, brand loyalty, and revenue. Much like \"How SEO Can Boost Your Business Sales\" (slug: seo-business-sales) demonstrates the power of visibility, Dinamount helps connect people with experiences, driving local economies.\n\n## Table: Comparing Trail Finding Methods\n\n| Method                  | Pros                                                                | Cons                                                                    | Personalization | Real-time Data | Accuracy | Time Investment | Safety Considerations | Dinamount Integration Potential | \n|-------------------------|---------------------------------------------------------------------|-------------------------------------------------------------------------|-----------------|----------------|----------|-----------------|-------------------------|---------------------------------| \n| Guidebooks              | Comprehensive information, offline access                            | Often outdated, lack of personalization                                | Low             | No             | Medium   | High            | Limited                   | Limited                           | \n| Online Trail Lists      | Wide variety of options, user reviews                               | Can be overwhelming, inconsistent quality, lack of personalization        | Low             | Limited        | Medium   | Medium          | Limited                   | High                              | \n| Word-of-Mouth          | Personal recommendations                                              | Limited scope, subjective, may not be relevant to your preferences        | Medium          | No             | Low      | Low             | Limited                   | Low                               | \n| Dinamount (AI-Powered) | Highly personalized, real-time data, accurate recommendations       | Requires internet access, relies on user input for accurate profiling | High             | Yes            | High     | Low             | High                      | N/A                               | \n\n## External Resources\n\n1.  **AllTrails:** A popular platform for finding and reviewing hiking trails: [https://www.alltrails.com/](https://www.alltrails.com/)\n2.  **National Park Service:** Official website for US National Parks, providing information on trails and regulations: [https://www.nps.gov/](https://www.nps.gov/)\n3.  **Local Hiking Clubs:** Connect with experienced hikers and find guided hikes in your area (search online for local hiking clubs near you).\n\n## Conclusion\n\nDinamount's AI-powered trail recommendations are revolutionizing the way people discover and experience the outdoors. By personalizing your hiking experience, Dinamount helps you find the perfect trail every time, saving you time, improving your safety, and maximizing your enjoyment. Ready to find your next adventure? Download the Dinamount app today and start exploring! Consider also how the open-world design of games, like explored in \"The Legend of Zelda: Breath of the Wild - A Revolution in Open-World Gaming\" (slug: zelda-botw), promotes similar feelings of discovery and personalized exploration. What are you waiting for? Your perfect hike awaits!\n",
    "code": "var Component=(()=>{var u=Object.create;var t=Object.defineProperty;var m=Object.getOwnPropertyDescriptor;var g=Object.getOwnPropertyNames;var p=Object.getPrototypeOf,w=Object.prototype.hasOwnProperty;var f=(n,i)=>()=>(i||n((i={exports:{}}).exports,i),i.exports),v=(n,i)=>{for(var a in i)t(n,a,{get:i[a],enumerable:!0})},o=(n,i,a,l)=>{if(i&&typeof i==\"object\"||typeof i==\"function\")for(let r of g(i))!w.call(n,r)&&r!==a&&t(n,r,{get:()=>i[r],enumerable:!(l=m(i,r))||l.enumerable});return n};var y=(n,i,a)=>(a=n!=null?u(p(n)):{},o(i||!n||!n.__esModule?t(a,\"default\",{value:n,enumerable:!0}):a,n)),k=n=>o(t({},\"__esModule\",{value:!0}),n);var d=f((M,s)=>{s.exports=_jsx_runtime});var x={};v(x,{default:()=>c,frontmatter:()=>b});var e=y(d()),b={title:\"Find Your Perfect Hike: How Dinamount's AI Trail Recommendations Work\",date:\"2025-04-13\",slug:\"find-your-perfect-hike-how-dinamounts-ai-trail-recommendations-work\",summary:\"Learn how Dinamount uses AI to personalize your hiking experience, matching you with trails based on your skill level and preferences. Discover the best routes tailored just for you.\"};function h(n){let i={a:\"a\",h1:\"h1\",h2:\"h2\",h3:\"h3\",li:\"li\",ol:\"ol\",p:\"p\",path:\"path\",span:\"span\",strong:\"strong\",svg:\"svg\",table:\"table\",tbody:\"tbody\",td:\"td\",th:\"th\",thead:\"thead\",tr:\"tr\",ul:\"ul\",...n.components};return(0,e.jsxs)(e.Fragment,{children:[(0,e.jsxs)(i.h1,{className:\"content-header\",id:\"find-your-perfect-hike-how-dinamounts-ai-trail-recommendations-work\",children:[(0,e.jsx)(i.a,{href:\"#find-your-perfect-hike-how-dinamounts-ai-trail-recommendations-work\",\"aria-hidden\":\"true\",tabIndex:\"-1\",children:(0,e.jsx)(e.Fragment,{children:(0,e.jsx)(i.span,{className:\"content-header-link\",children:(0,e.jsxs)(i.svg,{className:\"h-5 linkicon w-5\",fill:\"currentColor\",viewBox:\"0 0 20 20\",xmlns:\"http://www.w3.org/2000/svg\",children:[(0,e.jsx)(i.path,{d:\"M12.232 4.232a2.5 2.5 0 0 1 3.536 3.536l-1.225 1.224a.75.75 0 0 0 1.061 1.06l1.224-1.224a4 4 0 0 0-5.656-5.656l-3 3a4 4 0 0 0 .225 5.865.75.75 0 0 0 .977-1.138 2.5 2.5 0 0 1-.142-3.667l3-3Z\"}),(0,e.jsx)(i.path,{d:\"M11.603 7.963a.75.75 0 0 0-.977 1.138 2.5 2.5 0 0 1 .142 3.667l-3 3a2.5 2.5 0 0 1-3.536-3.536l1.225-1.224a.75.75 0 0 0-1.061-1.06l-1.224 1.224a4 4 0 1 0 5.656 5.656l3-3a4 4 0 0 0-.225-5.865Z\"})]})})})}),\"Find Your Perfect Hike: How Dinamount's AI Trail Recommendations Work\"]}),(0,e.jsx)(i.p,{children:\"Imagine stepping onto a trail perfectly suited to your fitness level, interests, and desired scenery. No more endless scrolling through generic trail lists or ending up on a path that's far too challenging (or boring!). Dinamount makes this dream a reality. This blog post dives deep into how Dinamount's AI engine personalizes your hiking experience, ensuring every adventure is a memorable one.\"}),(0,e.jsxs)(i.h2,{className:\"content-header\",id:\"the-problem-with-traditional-trail-finding\",children:[(0,e.jsx)(i.a,{href:\"#the-problem-with-traditional-trail-finding\",\"aria-hidden\":\"true\",tabIndex:\"-1\",children:(0,e.jsx)(e.Fragment,{children:(0,e.jsx)(i.span,{className:\"content-header-link\",children:(0,e.jsxs)(i.svg,{className:\"h-5 linkicon w-5\",fill:\"currentColor\",viewBox:\"0 0 20 20\",xmlns:\"http://www.w3.org/2000/svg\",children:[(0,e.jsx)(i.path,{d:\"M12.232 4.232a2.5 2.5 0 0 1 3.536 3.536l-1.225 1.224a.75.75 0 0 0 1.061 1.06l1.224-1.224a4 4 0 0 0-5.656-5.656l-3 3a4 4 0 0 0 .225 5.865.75.75 0 0 0 .977-1.138 2.5 2.5 0 0 1-.142-3.667l3-3Z\"}),(0,e.jsx)(i.path,{d:\"M11.603 7.963a.75.75 0 0 0-.977 1.138 2.5 2.5 0 0 1 .142 3.667l-3 3a2.5 2.5 0 0 1-3.536-3.536l1.225-1.224a.75.75 0 0 0-1.061-1.06l-1.224 1.224a4 4 0 1 0 5.656 5.656l3-3a4 4 0 0 0-.225-5.865Z\"})]})})})}),\"The Problem with Traditional Trail Finding\"]}),(0,e.jsx)(i.p,{children:`Finding the right hiking trail used to be a time-consuming and often frustrating process. You'd rely on outdated guidebooks, generic online lists, or word-of-mouth recommendations. These methods often fall short because they lack personalization. What's a \"moderate\" trail for one person might be strenuous for another. Factors like elevation gain, trail surface, and even the time of year can dramatically impact your experience.`}),(0,e.jsx)(i.p,{children:\"This leads to several problems:\"}),(0,e.jsxs)(i.ul,{children:[(0,e.jsxs)(i.li,{children:[(0,e.jsx)(i.strong,{children:\"Wasted Time:\"}),\" Spending hours researching trails only to be disappointed.\"]}),(0,e.jsxs)(i.li,{children:[(0,e.jsx)(i.strong,{children:\"Mismatched Expectations:\"}),\" Choosing a trail that's too easy or too difficult.\"]}),(0,e.jsxs)(i.li,{children:[(0,e.jsx)(i.strong,{children:\"Safety Concerns:\"}),\" Underestimating the challenges of a particular hike.\"]}),(0,e.jsxs)(i.li,{children:[(0,e.jsx)(i.strong,{children:\"Missed Opportunities:\"}),\" Not discovering hidden gems that perfectly match your interests.\"]})]}),(0,e.jsxs)(i.h2,{className:\"content-header\",id:\"dinamounts-ai-solution-personalized-trail-recommendations\",children:[(0,e.jsx)(i.a,{href:\"#dinamounts-ai-solution-personalized-trail-recommendations\",\"aria-hidden\":\"true\",tabIndex:\"-1\",children:(0,e.jsx)(e.Fragment,{children:(0,e.jsx)(i.span,{className:\"content-header-link\",children:(0,e.jsxs)(i.svg,{className:\"h-5 linkicon w-5\",fill:\"currentColor\",viewBox:\"0 0 20 20\",xmlns:\"http://www.w3.org/2000/svg\",children:[(0,e.jsx)(i.path,{d:\"M12.232 4.232a2.5 2.5 0 0 1 3.536 3.536l-1.225 1.224a.75.75 0 0 0 1.061 1.06l1.224-1.224a4 4 0 0 0-5.656-5.656l-3 3a4 4 0 0 0 .225 5.865.75.75 0 0 0 .977-1.138 2.5 2.5 0 0 1-.142-3.667l3-3Z\"}),(0,e.jsx)(i.path,{d:\"M11.603 7.963a.75.75 0 0 0-.977 1.138 2.5 2.5 0 0 1 .142 3.667l-3 3a2.5 2.5 0 0 1-3.536-3.536l1.225-1.224a.75.75 0 0 0-1.061-1.06l-1.224 1.224a4 4 0 1 0 5.656 5.656l3-3a4 4 0 0 0-.225-5.865Z\"})]})})})}),\"Dinamount's AI Solution: Personalized Trail Recommendations\"]}),(0,e.jsx)(i.p,{children:\"Dinamount tackles these problems head-on with its sophisticated AI-powered recommendation engine. But how does it work? Let's break it down:\"}),(0,e.jsxs)(i.h3,{className:\"content-header\",id:\"1-user-profiling-getting-to-know-you\",children:[(0,e.jsx)(i.a,{href:\"#1-user-profiling-getting-to-know-you\",\"aria-hidden\":\"true\",tabIndex:\"-1\",children:(0,e.jsx)(e.Fragment,{children:(0,e.jsx)(i.span,{className:\"content-header-link\",children:(0,e.jsxs)(i.svg,{className:\"h-5 linkicon w-5\",fill:\"currentColor\",viewBox:\"0 0 20 20\",xmlns:\"http://www.w3.org/2000/svg\",children:[(0,e.jsx)(i.path,{d:\"M12.232 4.232a2.5 2.5 0 0 1 3.536 3.536l-1.225 1.224a.75.75 0 0 0 1.061 1.06l1.224-1.224a4 4 0 0 0-5.656-5.656l-3 3a4 4 0 0 0 .225 5.865.75.75 0 0 0 .977-1.138 2.5 2.5 0 0 1-.142-3.667l3-3Z\"}),(0,e.jsx)(i.path,{d:\"M11.603 7.963a.75.75 0 0 0-.977 1.138 2.5 2.5 0 0 1 .142 3.667l-3 3a2.5 2.5 0 0 1-3.536-3.536l1.225-1.224a.75.75 0 0 0-1.061-1.06l-1.224 1.224a4 4 0 1 0 5.656 5.656l3-3a4 4 0 0 0-.225-5.865Z\"})]})})})}),\"1. User Profiling: Getting to Know You\"]}),(0,e.jsx)(i.p,{children:\"The first step is understanding your individual preferences and capabilities. Dinamount gathers information through:\"}),(0,e.jsxs)(i.ul,{children:[(0,e.jsxs)(i.li,{children:[(0,e.jsx)(i.strong,{children:\"Skill Level:\"}),\" Are you a beginner, intermediate, or experienced hiker?\"]}),(0,e.jsxs)(i.li,{children:[(0,e.jsx)(i.strong,{children:\"Fitness Level:\"}),\" How often do you exercise, and what's your typical workout intensity?\"]}),(0,e.jsxs)(i.li,{children:[(0,e.jsx)(i.strong,{children:\"Preferred Scenery:\"}),\" Do you prefer mountain views, forests, waterfalls, or something else?\"]}),(0,e.jsxs)(i.li,{children:[(0,e.jsx)(i.strong,{children:\"Desired Distance:\"}),\" How far are you willing to hike?\"]}),(0,e.jsxs)(i.li,{children:[(0,e.jsx)(i.strong,{children:\"Elevation Gain Preference:\"}),\" What's the maximum elevation gain you're comfortable with?\"]}),(0,e.jsxs)(i.li,{children:[(0,e.jsx)(i.strong,{children:\"Trail Type:\"}),\" Do you prefer loop trails, out-and-back trails, or point-to-point trails?\"]}),(0,e.jsxs)(i.li,{children:[(0,e.jsx)(i.strong,{children:\"Activity Type:\"}),\" Hiking, Trail Running, Backpacking\"]})]}),(0,e.jsx)(i.p,{children:\"This information forms the basis of your personalized profile.\"}),(0,e.jsxs)(i.h3,{className:\"content-header\",id:\"2-trail-data-collection-building-a-comprehensive-database\",children:[(0,e.jsx)(i.a,{href:\"#2-trail-data-collection-building-a-comprehensive-database\",\"aria-hidden\":\"true\",tabIndex:\"-1\",children:(0,e.jsx)(e.Fragment,{children:(0,e.jsx)(i.span,{className:\"content-header-link\",children:(0,e.jsxs)(i.svg,{className:\"h-5 linkicon w-5\",fill:\"currentColor\",viewBox:\"0 0 20 20\",xmlns:\"http://www.w3.org/2000/svg\",children:[(0,e.jsx)(i.path,{d:\"M12.232 4.232a2.5 2.5 0 0 1 3.536 3.536l-1.225 1.224a.75.75 0 0 0 1.061 1.06l1.224-1.224a4 4 0 0 0-5.656-5.656l-3 3a4 4 0 0 0 .225 5.865.75.75 0 0 0 .977-1.138 2.5 2.5 0 0 1-.142-3.667l3-3Z\"}),(0,e.jsx)(i.path,{d:\"M11.603 7.963a.75.75 0 0 0-.977 1.138 2.5 2.5 0 0 1 .142 3.667l-3 3a2.5 2.5 0 0 1-3.536-3.536l1.225-1.224a.75.75 0 0 0-1.061-1.06l-1.224 1.224a4 4 0 1 0 5.656 5.656l3-3a4 4 0 0 0-.225-5.865Z\"})]})})})}),\"2. Trail Data Collection: Building a Comprehensive Database\"]}),(0,e.jsx)(i.p,{children:\"Dinamount's AI engine needs a vast and accurate dataset of trails to work with. This data includes:\"}),(0,e.jsxs)(i.ul,{children:[(0,e.jsxs)(i.li,{children:[(0,e.jsx)(i.strong,{children:\"Trail Length:\"}),\" The total distance of the trail.\"]}),(0,e.jsxs)(i.li,{children:[(0,e.jsx)(i.strong,{children:\"Elevation Gain:\"}),\" The total vertical ascent along the trail.\"]}),(0,e.jsxs)(i.li,{children:[(0,e.jsx)(i.strong,{children:\"Trail Difficulty:\"}),\" A rating of the trail's overall difficulty (easy, moderate, strenuous).\"]}),(0,e.jsxs)(i.li,{children:[(0,e.jsx)(i.strong,{children:\"Trail Surface:\"}),\" The type of surface you'll be hiking on (dirt, rock, gravel).\"]}),(0,e.jsxs)(i.li,{children:[(0,e.jsx)(i.strong,{children:\"Scenery:\"}),\" Descriptions of the views and natural features along the trail.\"]}),(0,e.jsxs)(i.li,{children:[(0,e.jsx)(i.strong,{children:\"User Reviews:\"}),\" Feedback from other hikers about their experiences.\"]}),(0,e.jsxs)(i.li,{children:[(0,e.jsx)(i.strong,{children:\"Real-time Conditions:\"}),` Up-to-date information on trail closures, weather, and hazards. This is especially important; consider reading \"How to Find the Best Hiking Trails Near You: A Beginner's Guide\" (slug: how-to-find-the-best-hiking-trails-near-you-a-beginners-guide) for more information on trail conditions.`]})]}),(0,e.jsxs)(i.h3,{className:\"content-header\",id:\"3-the-ai-algorithm-matching-users-with-trails\",children:[(0,e.jsx)(i.a,{href:\"#3-the-ai-algorithm-matching-users-with-trails\",\"aria-hidden\":\"true\",tabIndex:\"-1\",children:(0,e.jsx)(e.Fragment,{children:(0,e.jsx)(i.span,{className:\"content-header-link\",children:(0,e.jsxs)(i.svg,{className:\"h-5 linkicon w-5\",fill:\"currentColor\",viewBox:\"0 0 20 20\",xmlns:\"http://www.w3.org/2000/svg\",children:[(0,e.jsx)(i.path,{d:\"M12.232 4.232a2.5 2.5 0 0 1 3.536 3.536l-1.225 1.224a.75.75 0 0 0 1.061 1.06l1.224-1.224a4 4 0 0 0-5.656-5.656l-3 3a4 4 0 0 0 .225 5.865.75.75 0 0 0 .977-1.138 2.5 2.5 0 0 1-.142-3.667l3-3Z\"}),(0,e.jsx)(i.path,{d:\"M11.603 7.963a.75.75 0 0 0-.977 1.138 2.5 2.5 0 0 1 .142 3.667l-3 3a2.5 2.5 0 0 1-3.536-3.536l1.225-1.224a.75.75 0 0 0-1.061-1.06l-1.224 1.224a4 4 0 1 0 5.656 5.656l3-3a4 4 0 0 0-.225-5.865Z\"})]})})})}),\"3. The AI Algorithm: Matching Users with Trails\"]}),(0,e.jsx)(i.p,{children:\"This is where the magic happens. Dinamount's AI algorithm analyzes your user profile and compares it to the trail data. It uses a combination of techniques, including:\"}),(0,e.jsxs)(i.ul,{children:[(0,e.jsxs)(i.li,{children:[(0,e.jsx)(i.strong,{children:\"Collaborative Filtering:\"}),\" Recommending trails that are popular among users with similar profiles.\"]}),(0,e.jsxs)(i.li,{children:[(0,e.jsx)(i.strong,{children:\"Content-Based Filtering:\"}),\" Recommending trails that match your specified preferences (e.g., scenery, difficulty).\"]}),(0,e.jsxs)(i.li,{children:[(0,e.jsx)(i.strong,{children:\"Machine Learning:\"}),\" Continuously learning from user feedback and improving the accuracy of its recommendations.\"]})]}),(0,e.jsx)(i.p,{children:\"The algorithm assigns a score to each trail based on its relevance to your profile. The trails with the highest scores are then presented to you as personalized recommendations.\"}),(0,e.jsxs)(i.h3,{className:\"content-header\",id:\"4-real-time-data-integration\",children:[(0,e.jsx)(i.a,{href:\"#4-real-time-data-integration\",\"aria-hidden\":\"true\",tabIndex:\"-1\",children:(0,e.jsx)(e.Fragment,{children:(0,e.jsx)(i.span,{className:\"content-header-link\",children:(0,e.jsxs)(i.svg,{className:\"h-5 linkicon w-5\",fill:\"currentColor\",viewBox:\"0 0 20 20\",xmlns:\"http://www.w3.org/2000/svg\",children:[(0,e.jsx)(i.path,{d:\"M12.232 4.232a2.5 2.5 0 0 1 3.536 3.536l-1.225 1.224a.75.75 0 0 0 1.061 1.06l1.224-1.224a4 4 0 0 0-5.656-5.656l-3 3a4 4 0 0 0 .225 5.865.75.75 0 0 0 .977-1.138 2.5 2.5 0 0 1-.142-3.667l3-3Z\"}),(0,e.jsx)(i.path,{d:\"M11.603 7.963a.75.75 0 0 0-.977 1.138 2.5 2.5 0 0 1 .142 3.667l-3 3a2.5 2.5 0 0 1-3.536-3.536l1.225-1.224a.75.75 0 0 0-1.061-1.06l-1.224 1.224a4 4 0 1 0 5.656 5.656l3-3a4 4 0 0 0-.225-5.865Z\"})]})})})}),\"4. Real-time Data Integration\"]}),(0,e.jsx)(i.p,{children:\"Dinamount stands out by incorporating real-time data into its recommendations. This means considering:\"}),(0,e.jsxs)(i.ul,{children:[(0,e.jsxs)(i.li,{children:[(0,e.jsx)(i.strong,{children:\"Weather Conditions:\"}),\" Avoiding trails that are unsafe due to rain, snow, or extreme temperatures.\"]}),(0,e.jsxs)(i.li,{children:[(0,e.jsx)(i.strong,{children:\"Trail Closures:\"}),\" Excluding trails that are temporarily closed for maintenance or other reasons.\"]}),(0,e.jsxs)(i.li,{children:[(0,e.jsx)(i.strong,{children:\"Crowd Levels:\"}),\" Suggesting less crowded trails if you prefer a more solitary experience.\"]})]}),(0,e.jsx)(i.p,{children:\"This real-time awareness ensures that your recommendations are always up-to-date and relevant.\"}),(0,e.jsxs)(i.h2,{className:\"content-header\",id:\"benefits-of-using-dinamounts-ai\",children:[(0,e.jsx)(i.a,{href:\"#benefits-of-using-dinamounts-ai\",\"aria-hidden\":\"true\",tabIndex:\"-1\",children:(0,e.jsx)(e.Fragment,{children:(0,e.jsx)(i.span,{className:\"content-header-link\",children:(0,e.jsxs)(i.svg,{className:\"h-5 linkicon w-5\",fill:\"currentColor\",viewBox:\"0 0 20 20\",xmlns:\"http://www.w3.org/2000/svg\",children:[(0,e.jsx)(i.path,{d:\"M12.232 4.232a2.5 2.5 0 0 1 3.536 3.536l-1.225 1.224a.75.75 0 0 0 1.061 1.06l1.224-1.224a4 4 0 0 0-5.656-5.656l-3 3a4 4 0 0 0 .225 5.865.75.75 0 0 0 .977-1.138 2.5 2.5 0 0 1-.142-3.667l3-3Z\"}),(0,e.jsx)(i.path,{d:\"M11.603 7.963a.75.75 0 0 0-.977 1.138 2.5 2.5 0 0 1 .142 3.667l-3 3a2.5 2.5 0 0 1-3.536-3.536l1.225-1.224a.75.75 0 0 0-1.061-1.06l-1.224 1.224a4 4 0 1 0 5.656 5.656l3-3a4 4 0 0 0-.225-5.865Z\"})]})})})}),\"Benefits of Using Dinamount's AI\"]}),(0,e.jsxs)(i.ul,{children:[(0,e.jsxs)(i.li,{children:[(0,e.jsx)(i.strong,{children:\"Save Time and Effort:\"}),\" No more endless searching for the perfect hike.\"]}),(0,e.jsxs)(i.li,{children:[(0,e.jsx)(i.strong,{children:\"Discover Hidden Gems:\"}),\" Find trails you might never have found on your own.\"]}),(0,e.jsxs)(i.li,{children:[(0,e.jsx)(i.strong,{children:\"Improve Your Hiking Experience:\"}),\" Enjoy hikes that are perfectly suited to your abilities and interests.\"]}),(0,e.jsxs)(i.li,{children:[(0,e.jsx)(i.strong,{children:\"Stay Safe:\"}),\" Avoid trails that are too challenging or have hazardous conditions.\"]}),(0,e.jsxs)(i.li,{children:[(0,e.jsx)(i.strong,{children:\"Increase Motivation:\"}),\" Find trails that inspire you to get outdoors and explore.\"]})]}),(0,e.jsxs)(i.h2,{className:\"content-header\",id:\"example-scenario\",children:[(0,e.jsx)(i.a,{href:\"#example-scenario\",\"aria-hidden\":\"true\",tabIndex:\"-1\",children:(0,e.jsx)(e.Fragment,{children:(0,e.jsx)(i.span,{className:\"content-header-link\",children:(0,e.jsxs)(i.svg,{className:\"h-5 linkicon w-5\",fill:\"currentColor\",viewBox:\"0 0 20 20\",xmlns:\"http://www.w3.org/2000/svg\",children:[(0,e.jsx)(i.path,{d:\"M12.232 4.232a2.5 2.5 0 0 1 3.536 3.536l-1.225 1.224a.75.75 0 0 0 1.061 1.06l1.224-1.224a4 4 0 0 0-5.656-5.656l-3 3a4 4 0 0 0 .225 5.865.75.75 0 0 0 .977-1.138 2.5 2.5 0 0 1-.142-3.667l3-3Z\"}),(0,e.jsx)(i.path,{d:\"M11.603 7.963a.75.75 0 0 0-.977 1.138 2.5 2.5 0 0 1 .142 3.667l-3 3a2.5 2.5 0 0 1-3.536-3.536l1.225-1.224a.75.75 0 0 0-1.061-1.06l-1.224 1.224a4 4 0 1 0 5.656 5.656l3-3a4 4 0 0 0-.225-5.865Z\"})]})})})}),\"Example Scenario\"]}),(0,e.jsx)(i.p,{children:\"Let's say you're a beginner hiker who enjoys waterfalls and is looking for a short, easy trail. You input this information into Dinamount, and the AI algorithm suggests a 2-mile loop trail with minimal elevation gain that leads to a beautiful waterfall. You check the real-time conditions and see that the weather is perfect and the trail is open. You decide to give it a try and have an amazing experience!\"}),(0,e.jsxs)(i.h2,{className:\"content-header\",id:\"dinamount-and-business-opportunities\",children:[(0,e.jsx)(i.a,{href:\"#dinamount-and-business-opportunities\",\"aria-hidden\":\"true\",tabIndex:\"-1\",children:(0,e.jsx)(e.Fragment,{children:(0,e.jsx)(i.span,{className:\"content-header-link\",children:(0,e.jsxs)(i.svg,{className:\"h-5 linkicon w-5\",fill:\"currentColor\",viewBox:\"0 0 20 20\",xmlns:\"http://www.w3.org/2000/svg\",children:[(0,e.jsx)(i.path,{d:\"M12.232 4.232a2.5 2.5 0 0 1 3.536 3.536l-1.225 1.224a.75.75 0 0 0 1.061 1.06l1.224-1.224a4 4 0 0 0-5.656-5.656l-3 3a4 4 0 0 0 .225 5.865.75.75 0 0 0 .977-1.138 2.5 2.5 0 0 1-.142-3.667l3-3Z\"}),(0,e.jsx)(i.path,{d:\"M11.603 7.963a.75.75 0 0 0-.977 1.138 2.5 2.5 0 0 1 .142 3.667l-3 3a2.5 2.5 0 0 1-3.536-3.536l1.225-1.224a.75.75 0 0 0-1.061-1.06l-1.224 1.224a4 4 0 1 0 5.656 5.656l3-3a4 4 0 0 0-.225-5.865Z\"})]})})})}),\"Dinamount and Business Opportunities\"]}),(0,e.jsx)(i.p,{children:`Dinamount's technology also opens up unique business opportunities. Local tourism boards, outdoor gear retailers, and even hospitality businesses can leverage Dinamount's AI to provide personalized recommendations to their customers. This can lead to increased customer engagement, brand loyalty, and revenue. Much like \"How SEO Can Boost Your Business Sales\" (slug: seo-business-sales) demonstrates the power of visibility, Dinamount helps connect people with experiences, driving local economies.`}),(0,e.jsxs)(i.h2,{className:\"content-header\",id:\"table-comparing-trail-finding-methods\",children:[(0,e.jsx)(i.a,{href:\"#table-comparing-trail-finding-methods\",\"aria-hidden\":\"true\",tabIndex:\"-1\",children:(0,e.jsx)(e.Fragment,{children:(0,e.jsx)(i.span,{className:\"content-header-link\",children:(0,e.jsxs)(i.svg,{className:\"h-5 linkicon w-5\",fill:\"currentColor\",viewBox:\"0 0 20 20\",xmlns:\"http://www.w3.org/2000/svg\",children:[(0,e.jsx)(i.path,{d:\"M12.232 4.232a2.5 2.5 0 0 1 3.536 3.536l-1.225 1.224a.75.75 0 0 0 1.061 1.06l1.224-1.224a4 4 0 0 0-5.656-5.656l-3 3a4 4 0 0 0 .225 5.865.75.75 0 0 0 .977-1.138 2.5 2.5 0 0 1-.142-3.667l3-3Z\"}),(0,e.jsx)(i.path,{d:\"M11.603 7.963a.75.75 0 0 0-.977 1.138 2.5 2.5 0 0 1 .142 3.667l-3 3a2.5 2.5 0 0 1-3.536-3.536l1.225-1.224a.75.75 0 0 0-1.061-1.06l-1.224 1.224a4 4 0 1 0 5.656 5.656l3-3a4 4 0 0 0-.225-5.865Z\"})]})})})}),\"Table: Comparing Trail Finding Methods\"]}),(0,e.jsxs)(i.table,{children:[(0,e.jsx)(i.thead,{children:(0,e.jsxs)(i.tr,{children:[(0,e.jsx)(i.th,{children:\"Method\"}),(0,e.jsx)(i.th,{children:\"Pros\"}),(0,e.jsx)(i.th,{children:\"Cons\"}),(0,e.jsx)(i.th,{children:\"Personalization\"}),(0,e.jsx)(i.th,{children:\"Real-time Data\"}),(0,e.jsx)(i.th,{children:\"Accuracy\"}),(0,e.jsx)(i.th,{children:\"Time Investment\"}),(0,e.jsx)(i.th,{children:\"Safety Considerations\"}),(0,e.jsx)(i.th,{children:\"Dinamount Integration Potential\"})]})}),(0,e.jsxs)(i.tbody,{children:[(0,e.jsxs)(i.tr,{children:[(0,e.jsx)(i.td,{children:\"Guidebooks\"}),(0,e.jsx)(i.td,{children:\"Comprehensive information, offline access\"}),(0,e.jsx)(i.td,{children:\"Often outdated, lack of personalization\"}),(0,e.jsx)(i.td,{children:\"Low\"}),(0,e.jsx)(i.td,{children:\"No\"}),(0,e.jsx)(i.td,{children:\"Medium\"}),(0,e.jsx)(i.td,{children:\"High\"}),(0,e.jsx)(i.td,{children:\"Limited\"}),(0,e.jsx)(i.td,{children:\"Limited\"})]}),(0,e.jsxs)(i.tr,{children:[(0,e.jsx)(i.td,{children:\"Online Trail Lists\"}),(0,e.jsx)(i.td,{children:\"Wide variety of options, user reviews\"}),(0,e.jsx)(i.td,{children:\"Can be overwhelming, inconsistent quality, lack of personalization\"}),(0,e.jsx)(i.td,{children:\"Low\"}),(0,e.jsx)(i.td,{children:\"Limited\"}),(0,e.jsx)(i.td,{children:\"Medium\"}),(0,e.jsx)(i.td,{children:\"Medium\"}),(0,e.jsx)(i.td,{children:\"Limited\"}),(0,e.jsx)(i.td,{children:\"High\"})]}),(0,e.jsxs)(i.tr,{children:[(0,e.jsx)(i.td,{children:\"Word-of-Mouth\"}),(0,e.jsx)(i.td,{children:\"Personal recommendations\"}),(0,e.jsx)(i.td,{children:\"Limited scope, subjective, may not be relevant to your preferences\"}),(0,e.jsx)(i.td,{children:\"Medium\"}),(0,e.jsx)(i.td,{children:\"No\"}),(0,e.jsx)(i.td,{children:\"Low\"}),(0,e.jsx)(i.td,{children:\"Low\"}),(0,e.jsx)(i.td,{children:\"Limited\"}),(0,e.jsx)(i.td,{children:\"Low\"})]}),(0,e.jsxs)(i.tr,{children:[(0,e.jsx)(i.td,{children:\"Dinamount (AI-Powered)\"}),(0,e.jsx)(i.td,{children:\"Highly personalized, real-time data, accurate recommendations\"}),(0,e.jsx)(i.td,{children:\"Requires internet access, relies on user input for accurate profiling\"}),(0,e.jsx)(i.td,{children:\"High\"}),(0,e.jsx)(i.td,{children:\"Yes\"}),(0,e.jsx)(i.td,{children:\"High\"}),(0,e.jsx)(i.td,{children:\"Low\"}),(0,e.jsx)(i.td,{children:\"High\"}),(0,e.jsx)(i.td,{children:\"N/A\"})]})]})]}),(0,e.jsxs)(i.h2,{className:\"content-header\",id:\"external-resources\",children:[(0,e.jsx)(i.a,{href:\"#external-resources\",\"aria-hidden\":\"true\",tabIndex:\"-1\",children:(0,e.jsx)(e.Fragment,{children:(0,e.jsx)(i.span,{className:\"content-header-link\",children:(0,e.jsxs)(i.svg,{className:\"h-5 linkicon w-5\",fill:\"currentColor\",viewBox:\"0 0 20 20\",xmlns:\"http://www.w3.org/2000/svg\",children:[(0,e.jsx)(i.path,{d:\"M12.232 4.232a2.5 2.5 0 0 1 3.536 3.536l-1.225 1.224a.75.75 0 0 0 1.061 1.06l1.224-1.224a4 4 0 0 0-5.656-5.656l-3 3a4 4 0 0 0 .225 5.865.75.75 0 0 0 .977-1.138 2.5 2.5 0 0 1-.142-3.667l3-3Z\"}),(0,e.jsx)(i.path,{d:\"M11.603 7.963a.75.75 0 0 0-.977 1.138 2.5 2.5 0 0 1 .142 3.667l-3 3a2.5 2.5 0 0 1-3.536-3.536l1.225-1.224a.75.75 0 0 0-1.061-1.06l-1.224 1.224a4 4 0 1 0 5.656 5.656l3-3a4 4 0 0 0-.225-5.865Z\"})]})})})}),\"External Resources\"]}),(0,e.jsxs)(i.ol,{children:[(0,e.jsxs)(i.li,{children:[(0,e.jsx)(i.strong,{children:\"AllTrails:\"}),\" A popular platform for finding and reviewing hiking trails: \",(0,e.jsx)(i.a,{href:\"https://www.alltrails.com/\",children:\"https://www.alltrails.com/\"})]}),(0,e.jsxs)(i.li,{children:[(0,e.jsx)(i.strong,{children:\"National Park Service:\"}),\" Official website for US National Parks, providing information on trails and regulations: \",(0,e.jsx)(i.a,{href:\"https://www.nps.gov/\",children:\"https://www.nps.gov/\"})]}),(0,e.jsxs)(i.li,{children:[(0,e.jsx)(i.strong,{children:\"Local Hiking Clubs:\"}),\" Connect with experienced hikers and find guided hikes in your area (search online for local hiking clubs near you).\"]})]}),(0,e.jsxs)(i.h2,{className:\"content-header\",id:\"conclusion\",children:[(0,e.jsx)(i.a,{href:\"#conclusion\",\"aria-hidden\":\"true\",tabIndex:\"-1\",children:(0,e.jsx)(e.Fragment,{children:(0,e.jsx)(i.span,{className:\"content-header-link\",children:(0,e.jsxs)(i.svg,{className:\"h-5 linkicon w-5\",fill:\"currentColor\",viewBox:\"0 0 20 20\",xmlns:\"http://www.w3.org/2000/svg\",children:[(0,e.jsx)(i.path,{d:\"M12.232 4.232a2.5 2.5 0 0 1 3.536 3.536l-1.225 1.224a.75.75 0 0 0 1.061 1.06l1.224-1.224a4 4 0 0 0-5.656-5.656l-3 3a4 4 0 0 0 .225 5.865.75.75 0 0 0 .977-1.138 2.5 2.5 0 0 1-.142-3.667l3-3Z\"}),(0,e.jsx)(i.path,{d:\"M11.603 7.963a.75.75 0 0 0-.977 1.138 2.5 2.5 0 0 1 .142 3.667l-3 3a2.5 2.5 0 0 1-3.536-3.536l1.225-1.224a.75.75 0 0 0-1.061-1.06l-1.224 1.224a4 4 0 1 0 5.656 5.656l3-3a4 4 0 0 0-.225-5.865Z\"})]})})})}),\"Conclusion\"]}),(0,e.jsx)(i.p,{children:`Dinamount's AI-powered trail recommendations are revolutionizing the way people discover and experience the outdoors. By personalizing your hiking experience, Dinamount helps you find the perfect trail every time, saving you time, improving your safety, and maximizing your enjoyment. Ready to find your next adventure? Download the Dinamount app today and start exploring! Consider also how the open-world design of games, like explored in \"The Legend of Zelda: Breath of the Wild - A Revolution in Open-World Gaming\" (slug: zelda-botw), promotes similar feelings of discovery and personalized exploration. What are you waiting for? Your perfect hike awaits!`})]})}function c(n={}){let{wrapper:i}=n.components||{};return i?(0,e.jsx)(i,{...n,children:(0,e.jsx)(h,{...n})}):h(n)}return k(x);})();\n;return Component;"
  },
  "_id": "blog/find-your-perfect-hike-how-dinamounts-ai-trail-recommendations-work.mdx",
  "_raw": {
    "sourceFilePath": "blog/find-your-perfect-hike-how-dinamounts-ai-trail-recommendations-work.mdx",
    "sourceFileName": "find-your-perfect-hike-how-dinamounts-ai-trail-recommendations-work.mdx",
    "sourceFileDir": "blog",
    "contentType": "mdx",
    "flattenedPath": "blog/find-your-perfect-hike-how-dinamounts-ai-trail-recommendations-work"
  },
  "type": "Blog",
  "readingTime": {
    "text": "6 min read",
    "minutes": 5.83,
    "time": 349800,
    "words": 1166
  },
  "path": "blog/find-your-perfect-hike-how-dinamounts-ai-trail-recommendations-work",
  "filePath": "blog/find-your-perfect-hike-how-dinamounts-ai-trail-recommendations-work.mdx",
  "toc": [
    {
      "value": "Find Your Perfect Hike: How Dinamount's AI Trail Recommendations Work",
      "url": "#find-your-perfect-hike-how-dinamounts-ai-trail-recommendations-work",
      "depth": 1
    },
    {
      "value": "The Problem with Traditional Trail Finding",
      "url": "#the-problem-with-traditional-trail-finding",
      "depth": 2
    },
    {
      "value": "Dinamount's AI Solution: Personalized Trail Recommendations",
      "url": "#dinamounts-ai-solution-personalized-trail-recommendations",
      "depth": 2
    },
    {
      "value": "1. User Profiling: Getting to Know You",
      "url": "#1-user-profiling-getting-to-know-you",
      "depth": 3
    },
    {
      "value": "2. Trail Data Collection: Building a Comprehensive Database",
      "url": "#2-trail-data-collection-building-a-comprehensive-database",
      "depth": 3
    },
    {
      "value": "3. The AI Algorithm: Matching Users with Trails",
      "url": "#3-the-ai-algorithm-matching-users-with-trails",
      "depth": 3
    },
    {
      "value": "4. Real-time Data Integration",
      "url": "#4-real-time-data-integration",
      "depth": 3
    },
    {
      "value": "Benefits of Using Dinamount's AI",
      "url": "#benefits-of-using-dinamounts-ai",
      "depth": 2
    },
    {
      "value": "Example Scenario",
      "url": "#example-scenario",
      "depth": 2
    },
    {
      "value": "Dinamount and Business Opportunities",
      "url": "#dinamount-and-business-opportunities",
      "depth": 2
    },
    {
      "value": "Table: Comparing Trail Finding Methods",
      "url": "#table-comparing-trail-finding-methods",
      "depth": 2
    },
    {
      "value": "External Resources",
      "url": "#external-resources",
      "depth": 2
    },
    {
      "value": "Conclusion",
      "url": "#conclusion",
      "depth": 2
    }
  ],
  "structuredData": {
    "@context": "https://schema.org",
    "@type": "BlogPosting",
    "headline": "Find Your Perfect Hike: How Dinamount's AI Trail Recommendations Work",
    "datePublished": "2025-04-13T00:00:00.000Z",
    "dateModified": "2025-04-13T00:00:00.000Z",
    "description": "Learn how Dinamount uses AI to personalize your hiking experience, matching you with trails based on your skill level and preferences. Discover the best routes tailored just for you.",
    "image": "/static/images/twitter-card.jpg",
    "url": "https://tailwind-nextjs-starter-blog.vercel.app/blog/find-your-perfect-hike-how-dinamounts-ai-trail-recommendations-work"
  }
}