{
  "title": "Eiusmod similique at",
  "date": "1990-12-15T00:00:00.000Z",
  "tags": [
    "Ut sunt sunt adipisi"
  ],
  "summary": "Deserunt ea nihil ne",
  "authors": [
    "Fuga Aut consectetu"
  ],
  "body": {
    "raw": "In optio neque labo",
    "code": "var Component=(()=>{var p=Object.create;var u=Object.defineProperty;var d=Object.getOwnPropertyDescriptor;var x=Object.getOwnPropertyNames;var f=Object.getPrototypeOf,_=Object.prototype.hasOwnProperty;var h=(t,n)=>()=>(n||t((n={exports:{}}).exports,n),n.exports),D=(t,n)=>{for(var e in n)u(t,e,{get:n[e],enumerable:!0})},i=(t,n,e,r)=>{if(n&&typeof n==\"object\"||typeof n==\"function\")for(let o of x(n))!_.call(t,o)&&o!==e&&u(t,o,{get:()=>n[o],enumerable:!(r=d(n,o))||r.enumerable});return t};var g=(t,n,e)=>(e=t!=null?p(f(t)):{},i(n||!t||!t.__esModule?u(e,\"default\",{value:t,enumerable:!0}):e,t)),j=t=>i(u({},\"__esModule\",{value:!0}),t);var c=h((C,a)=>{a.exports=_jsx_runtime});var M={};D(M,{default:()=>l,frontmatter:()=>q});var s=g(c()),q={title:\"Eiusmod similique at\",date:\"1990-12-15\",slug:\"Do consequatur culp\",tags:[\"Ut sunt sunt adipisi\"],authors:[\"Fuga Aut consectetu\"],summary:\"Deserunt ea nihil ne\"};function m(t){let n={p:\"p\",...t.components};return(0,s.jsx)(n.p,{children:\"In optio neque labo\"})}function l(t={}){let{wrapper:n}=t.components||{};return n?(0,s.jsx)(n,{...t,children:(0,s.jsx)(m,{...t})}):m(t)}return j(M);})();\n;return Component;"
  },
  "_id": "blog/Do consequatur culp.mdx",
  "_raw": {
    "sourceFilePath": "blog/Do consequatur culp.mdx",
    "sourceFileName": "Do consequatur culp.mdx",
    "sourceFileDir": "blog",
    "contentType": "mdx",
    "flattenedPath": "blog/Do consequatur culp"
  },
  "type": "Blog",
  "readingTime": {
    "text": "1 min read",
    "minutes": 0.02,
    "time": 1200,
    "words": 4
  },
  "slug": "Do consequatur culp",
  "path": "blog/Do consequatur culp",
  "filePath": "blog/Do consequatur culp.mdx",
  "toc": [],
  "structuredData": {
    "@context": "https://schema.org",
    "@type": "BlogPosting",
    "headline": "Eiusmod similique at",
    "datePublished": "1990-12-15T00:00:00.000Z",
    "dateModified": "1990-12-15T00:00:00.000Z",
    "description": "Deserunt ea nihil ne",
    "image": "/static/images/twitter-card.jpg",
    "url": "https://tailwind-nextjs-starter-blog.vercel.app/blog/Do consequatur culp"
  }
}