{
  "title": "Introducing Tailwind Nextjs Starter Blog",
  "date": "2021-01-12T00:00:00.000Z",
  "tags": [
    "next-js",
    "tailwind",
    "guide"
  ],
  "lastmod": "2024-08-16T00:00:00.000Z",
  "draft": false,
  "summary": "Looking for a performant, out of the box template, with all the best in web technology to support your blogging needs? Checkout the Tailwind Nextjs Starter Blog template.",
  "images": [
    "/static/images/canada/mountains.jpg",
    "/static/images/canada/toronto.jpg"
  ],
  "authors": [
    "default",
    "sparrowhawk"
  ],
  "body": {
    "raw": "\n![tailwind-nextjs-banner](/static/images/twitter-card.png)\n\n# Tailwind Nextjs Starter Blog\n\n[![Deploy with Vercel](https://vercel.com/button)](https://vercel.com/new/git/external?repository-url=https://github.com/timlrx/tailwind-nextjs-starter-blog)\n\n> [!CAUTION]\n> This is the README of version 1 of the template. It is kept for historical reasons, but is no longer supported. It also serves as a nice example of [Github Alert](https://docs.github.com/en/get-started/writing-on-github/getting-started-with-writing-and-formatting-on-github/basic-writing-and-formatting-syntax#alerts). For the actual documentation, please refer to the [Github repository](https://github.com/timlrx/tailwind-nextjs-starter-blog).\n\nThis is a [Next.js](https://nextjs.org/), [Tailwind CSS](https://tailwindcss.com/) blogging starter template. Probably the most feature-rich Next.js markdown blogging template out there. Comes out of the box configured with the latest technologies to make technical writing a breeze. Easily configurable and customizable. Perfect as a replacement to existing Jekyll and Hugo individual blogs.\n\nCheck out the documentation below to get started.\n\nFacing issues? Check the [FAQ page](https://github.com/timlrx/tailwind-nextjs-starter-blog/wiki) and do a search on past issues. Feel free to open a new issue if none has been posted previously.\n\nFeature request? Check the past discussions to see if it has been brought up previously. Otherwise, feel free to start a new discussion thread. All ideas are welcomed!\n\n## Examples\n\n- [Demo Blog](https://tailwind-nextjs-starter-blog.vercel.app/) - this repo\n- [My personal blog](https://www.timlrx.com) - modified to auto-generate blog posts with dates\n- [Aloisdg's cookbook](https://tambouille.vercel.app/) - with pictures and recipes!\n- [GautierArcin's demo with next translate](https://tailwind-nextjs-starter-blog-seven.vercel.app/) - includes translation of mdx posts, [source code](https://github.com/GautierArcin/tailwind-nextjs-starter-blog/tree/demo/next-translate)\n- [David Levai's digital garden](https://davidlevai.com/) - customized design and added email subscriptions\n- [Thinh's Corner](https://thinhcorner.com/) - [customized layout](https://github.com/Th1nhNg0/th1nhng0.vercel.app/blob/5e73a420828d82f01e7147512a2c3273c4ec19f8/layouts/PostLayout.js) with sticky side table of contents\n\nUsing the template? Feel free to create a PR and add your blog to this list.\n\n## Motivation\n\nI wanted to port my existing blog to Nextjs and Tailwind CSS but there was no easy out of the box template to use so I decided to create one. Design is adapted from [Tailwindlabs blog](https://github.com/tailwindlabs/blog.tailwindcss.com).\n\nI wanted it to be nearly as feature-rich as popular blogging templates like [beautiful-jekyll](https://github.com/daattali/beautiful-jekyll) and [Hugo Academic](https://github.com/wowchemy/wowchemy-hugo-modules) but with the best of React's ecosystem and current web development's best practices.\n\n## Features\n\n- Easy styling customization with [Tailwind 3.0](https://tailwindcss.com/blog/tailwindcss-v3) and primary color attribute\n- Near perfect lighthouse score - [Lighthouse report](https://www.webpagetest.org/result/210111_DiC1_08f3670c3430bf4a9b76fc3b927716c5/)\n- Lightweight, 45kB first load JS, uses Preact in production build\n- Mobile-friendly view\n- Light and dark theme\n- Self-hosted font with [Fontsource](https://fontsource.org/)\n- Supports [plausible](https://plausible.io/), [simple analytics](https://simpleanalytics.com/) and google analytics\n- [MDX - write JSX in markdown documents!](https://mdxjs.com/)\n- Server-side syntax highlighting with line numbers and line highlighting via [rehype-prism-plus](https://github.com/timlrx/rehype-prism-plus)\n- Math display supported via [KaTeX](https://katex.org/)\n- Citation and bibliography support via [rehype-citation](https://github.com/timlrx/rehype-citation)\n- Automatic image optimization via [next/image](https://nextjs.org/docs/basic-features/image-optimization)\n- Flexible data retrieval with [mdx-bundler](https://github.com/kentcdodds/mdx-bundler)\n- Support for tags - each unique tag will be its own page\n- Support for multiple authors\n- Blog templates\n- TOC component\n- Support for nested routing of blog posts\n- Newsletter component with support for Mailchimp, Buttondown, Convertkit, Klaviyo, Revue, Emailoctopus and Beehiiv\n- Supports [giscus](https://github.com/laymonage/giscus), [utterances](https://github.com/utterance/utterances) or disqus\n- Projects page\n- Preconfigured security headers\n- SEO friendly with RSS feed, sitemaps and more!\n\n## Sample posts\n\n- [A markdown guide](https://tailwind-nextjs-starter-blog.vercel.app/blog/github-markdown-guide)\n- [Learn more about images in Next.js](https://tailwind-nextjs-starter-blog.vercel.app/blog/guide-to-using-images-in-nextjs)\n- [A tour of math typesetting](https://tailwind-nextjs-starter-blog.vercel.app/blog/deriving-ols-estimator)\n- [Simple MDX image grid](https://tailwind-nextjs-starter-blog.vercel.app/blog/pictures-of-canada)\n- [Example of long prose](https://tailwind-nextjs-starter-blog.vercel.app/blog/the-time-machine)\n- [Example of Nested Route Post](https://tailwind-nextjs-starter-blog.vercel.app/blog/nested-route/introducing-multi-part-posts-with-nested-routing)\n\n## Quick Start Guide\n\n1. JS (official support) - `npx degit https://github.com/timlrx/tailwind-nextjs-starter-blog.git` or TS (community support) - `npx degit timlrx/tailwind-nextjs-starter-blog#typescript`\n2. Personalize `siteMetadata.js` (site related information)\n3. Modify the content security policy in `next.config.js` if you want to use\n   any analytics provider or a commenting solution other than giscus.\n4. Personalize `authors/default.md` (main author)\n5. Modify `projectsData.ts`\n6. Modify `headerNavLinks.ts` to customize navigation links\n7. Add blog posts\n8. Deploy on Vercel\n\n## Development\n\nFirst, run the development server:\n\n```bash\nnpm start\n# or\nnpm run dev\n```\n\nOpen [http://localhost:3000](http://localhost:3000) with your browser to see the result.\n\nYou can start editing the page by modifying `pages/index.js`. The page auto-updates as you edit the file.\n\n## Extend / Customize\n\n`data/siteMetadata.js` - contains most of the site related information which should be modified for a user's need.\n\n`data/authors/default.md` - default author information (required). Additional authors can be added as files in `data/authors`.\n\n`data/projectsData.js` - data used to generate styled card on the projects page.\n\n`data/headerNavLinks.js` - navigation links.\n\n`data/logo.svg` - replace with your own logo.\n\n`data/blog` - replace with your own blog posts.\n\n`public/static` - store assets such as images and favicons.\n\n`tailwind.config.js` and `css/tailwind.css` - contain the tailwind stylesheet which can be modified to change the overall look and feel of the site.\n\n`css/prism.css` - controls the styles associated with the code blocks. Feel free to customize it and use your preferred prismjs theme e.g. [prism themes](https://github.com/PrismJS/prism-themes).\n\n`components/social-icons` - to add other icons, simply copy an svg file from [Simple Icons](https://simpleicons.org/) and map them in `index.js`. Other icons use [heroicons](https://heroicons.com/).\n\n`components/MDXComponents.js` - pass your own JSX code or React component by specifying it over here. You can then call them directly in the `.mdx` or `.md` file. By default, a custom link and image component is passed.\n\n`layouts` - main templates used in pages.\n\n`pages` - pages to route to. Read the [Next.js documentation](https://nextjs.org/docs) for more information.\n\n`next.config.js` - configuration related to Next.js. You need to adapt the Content Security Policy if you want to load scripts, images etc. from other domains.\n\n## Post\n\n### Frontmatter\n\nFrontmatter follows [Hugo's standards](https://gohugo.io/content-management/front-matter/).\n\nCurrently 10 fields are supported.\n\n```\ntitle (required)\ndate (required)\ntags (required, can be empty array)\nlastmod (optional)\ndraft (optional)\nsummary (optional)\nimages (optional, if none provided defaults to socialBanner in siteMetadata config)\nauthors (optional list which should correspond to the file names in `data/authors`. Uses `default` if none is specified)\nlayout (optional list which should correspond to the file names in `data/layouts`)\ncanonicalUrl (optional, canonical url for the post for SEO)\n```\n\nHere's an example of a post's frontmatter:\n\n```\n---\ntitle: 'Introducing Tailwind Nexjs Starter Blog'\ndate: '2021-01-12'\nlastmod: '2021-01-18'\ntags: ['next-js', 'tailwind', 'guide']\ndraft: false\nsummary: 'Looking for a performant, out of the box template, with all the best in web technology to support your blogging needs? Checkout the Tailwind Nextjs Starter Blog template.'\nimages: ['/static/images/canada/mountains.jpg', '/static/images/canada/toronto.jpg']\nauthors: ['default', 'sparrowhawk']\nlayout: PostLayout\ncanonicalUrl: https://tailwind-nextjs-starter-blog.vercel.app/blog/introducing-tailwind-nextjs-starter-blog\n---\n```\n\n### Compose\n\nRun `node ./scripts/compose.js` to bootstrap a new post.\n\nFollow the interactive prompt to generate a post with pre-filled front matter.\n\n## Deploy\n\n**Vercel**  \nThe easiest way to deploy the template is to use the [Vercel Platform](https://vercel.com) from the creators of Next.js. Check out the [Next.js deployment documentation](https://nextjs.org/docs/deployment) for more details.\n\n**Netlify / GitHub Pages / Firebase etc.**  \nAs the template uses `next/image` for image optimization, additional configurations have to be made to deploy on other popular static hosting websites like [Netlify](https://www.netlify.com/) or [GitHub Pages](https://pages.github.com/). An alternative image optimization provider such as Imgix, Cloudinary or Akamai has to be used. Alternatively, replace the `next/image` component with a standard `<img>` tag. See [`next/image` documentation](https://nextjs.org/docs/basic-features/image-optimization) for more details.\n\nThe API routes used in the newsletter component cannot be used in a static site export. You will need to use a form API endpoint provider and substitute the route in the newsletter component accordingly. Other hosting platforms such as Netlify also offer alternative solutions - please refer to their docs for more information.\n\n## Support\n\nUsing the template? Support this effort by giving a star on GitHub, sharing your own blog and giving a shoutout on Twitter or be a project [sponsor](https://github.com/sponsors/timlrx).\n\n## Licence\n\n[MIT](https://github.com/timlrx/tailwind-nextjs-starter-blog/blob/main/LICENSE) © [Timothy Lin](https://www.timrlx.com)\n",
    "code": "var Component=(()=>{var p=Object.create;var i=Object.defineProperty;var m=Object.getOwnPropertyDescriptor;var u=Object.getOwnPropertyNames;var g=Object.getPrototypeOf,f=Object.prototype.hasOwnProperty;var w=(n,a)=>()=>(a||n((a={exports:{}}).exports,a),a.exports),N=(n,a)=>{for(var t in a)i(n,t,{get:a[t],enumerable:!0})},r=(n,a,t,s)=>{if(a&&typeof a==\"object\"||typeof a==\"function\")for(let l of u(a))!f.call(n,l)&&l!==t&&i(n,l,{get:()=>a[l],enumerable:!(s=m(a,l))||s.enumerable});return n};var k=(n,a,t)=>(t=n!=null?p(g(n)):{},r(a||!n||!n.__esModule?i(t,\"default\",{value:n,enumerable:!0}):t,n)),b=n=>r(i({},\"__esModule\",{value:!0}),n);var c=w((M,o)=>{o.exports=_jsx_runtime});var v={};N(v,{default:()=>h,frontmatter:()=>x});var e=k(c()),x={title:\"Introducing Tailwind Nextjs Starter Blog\",date:\"2021-01-12\",lastmod:\"2024-08-16\",tags:[\"next-js\",\"tailwind\",\"guide\"],draft:!1,summary:\"Looking for a performant, out of the box template, with all the best in web technology to support your blogging needs? Checkout the Tailwind Nextjs Starter Blog template.\",images:[\"/static/images/canada/mountains.jpg\",\"/static/images/canada/toronto.jpg\"],authors:[\"default\",\"sparrowhawk\"]};function d(n){let a={a:\"a\",br:\"br\",code:\"code\",div:\"div\",h1:\"h1\",h2:\"h2\",h3:\"h3\",img:\"img\",li:\"li\",ol:\"ol\",p:\"p\",path:\"path\",pre:\"pre\",span:\"span\",strong:\"strong\",svg:\"svg\",ul:\"ul\",...n.components},{Image:t}=a;return t||y(\"Image\",!0),(0,e.jsxs)(e.Fragment,{children:[(0,e.jsx)(a.div,{children:(0,e.jsx)(t,{alt:\"tailwind-nextjs-banner\",src:\"/static/images/twitter-card.png\",width:\"1200\",height:\"600\"})}),(0,e.jsxs)(a.h1,{className:\"content-header\",id:\"tailwind-nextjs-starter-blog\",children:[(0,e.jsx)(a.a,{href:\"#tailwind-nextjs-starter-blog\",\"aria-hidden\":\"true\",tabIndex:\"-1\",children:(0,e.jsx)(e.Fragment,{children:(0,e.jsx)(a.span,{className:\"content-header-link\",children:(0,e.jsxs)(a.svg,{viewBox:\"0 0 20 20\",className:\"h-5 linkicon w-5\",fill:\"currentColor\",xmlns:\"http://www.w3.org/2000/svg\",children:[(0,e.jsx)(a.path,{d:\"M12.232 4.232a2.5 2.5 0 0 1 3.536 3.536l-1.225 1.224a.75.75 0 0 0 1.061 1.06l1.224-1.224a4 4 0 0 0-5.656-5.656l-3 3a4 4 0 0 0 .225 5.865.75.75 0 0 0 .977-1.138 2.5 2.5 0 0 1-.142-3.667l3-3Z\"}),(0,e.jsx)(a.path,{d:\"M11.603 7.963a.75.75 0 0 0-.977 1.138 2.5 2.5 0 0 1 .142 3.667l-3 3a2.5 2.5 0 0 1-3.536-3.536l1.225-1.224a.75.75 0 0 0-1.061-1.06l-1.224 1.224a4 4 0 1 0 5.656 5.656l3-3a4 4 0 0 0-.225-5.865Z\"})]})})})}),\"Tailwind Nextjs Starter Blog\"]}),(0,e.jsx)(a.p,{children:(0,e.jsx)(a.a,{href:\"https://vercel.com/new/git/external?repository-url=https://github.com/timlrx/tailwind-nextjs-starter-blog\",children:(0,e.jsx)(a.img,{alt:\"Deploy with Vercel\",src:\"https://vercel.com/button\"})})}),(0,e.jsxs)(a.div,{className:\"markdown-alert markdown-alert-caution\",dir:\"auto\",children:[(0,e.jsxs)(a.p,{className:\"markdown-alert-title\",dir:\"auto\",children:[(0,e.jsx)(a.svg,{viewBox:\"0 0 16 16\",\"aria-hidden\":\"true\",className:\"octicon\",height:\"16\",width:\"16\",children:(0,e.jsx)(a.path,{d:\"M4.47.22A.749.749 0 0 1 5 0h6c.199 0 .389.079.53.22l4.25 4.25c.141.14.22.331.22.53v6a.749.749 0 0 1-.22.53l-4.25 4.25A.749.749 0 0 1 11 16H5a.749.749 0 0 1-.53-.22L.22 11.53A.749.749 0 0 1 0 11V5c0-.199.079-.389.22-.53Zm.84 1.28L1.5 5.31v5.38l3.81 3.81h5.38l3.81-3.81V5.31L10.69 1.5ZM8 4a.75.75 0 0 1 .75.75v3.5a.75.75 0 0 1-1.5 0v-3.5A.75.75 0 0 1 8 4Zm0 8a1 1 0 1 1 0-2 1 1 0 0 1 0 2Z\"})}),\"CAUTION\"]}),(0,e.jsxs)(a.p,{children:[\"This is the README of version 1 of the template. It is kept for historical reasons, but is no longer supported. It also serves as a nice example of \",(0,e.jsx)(a.a,{href:\"https://docs.github.com/en/get-started/writing-on-github/getting-started-with-writing-and-formatting-on-github/basic-writing-and-formatting-syntax#alerts\",children:\"Github Alert\"}),\". For the actual documentation, please refer to the \",(0,e.jsx)(a.a,{href:\"https://github.com/timlrx/tailwind-nextjs-starter-blog\",children:\"Github repository\"}),\".\"]})]}),(0,e.jsxs)(a.p,{children:[\"This is a \",(0,e.jsx)(a.a,{href:\"https://nextjs.org/\",children:\"Next.js\"}),\", \",(0,e.jsx)(a.a,{href:\"https://tailwindcss.com/\",children:\"Tailwind CSS\"}),\" blogging starter template. Probably the most feature-rich Next.js markdown blogging template out there. Comes out of the box configured with the latest technologies to make technical writing a breeze. Easily configurable and customizable. Perfect as a replacement to existing Jekyll and Hugo individual blogs.\"]}),(0,e.jsx)(a.p,{children:\"Check out the documentation below to get started.\"}),(0,e.jsxs)(a.p,{children:[\"Facing issues? Check the \",(0,e.jsx)(a.a,{href:\"https://github.com/timlrx/tailwind-nextjs-starter-blog/wiki\",children:\"FAQ page\"}),\" and do a search on past issues. Feel free to open a new issue if none has been posted previously.\"]}),(0,e.jsx)(a.p,{children:\"Feature request? Check the past discussions to see if it has been brought up previously. Otherwise, feel free to start a new discussion thread. All ideas are welcomed!\"}),(0,e.jsxs)(a.h2,{className:\"content-header\",id:\"examples\",children:[(0,e.jsx)(a.a,{href:\"#examples\",\"aria-hidden\":\"true\",tabIndex:\"-1\",children:(0,e.jsx)(e.Fragment,{children:(0,e.jsx)(a.span,{className:\"content-header-link\",children:(0,e.jsxs)(a.svg,{viewBox:\"0 0 20 20\",className:\"h-5 linkicon w-5\",fill:\"currentColor\",xmlns:\"http://www.w3.org/2000/svg\",children:[(0,e.jsx)(a.path,{d:\"M12.232 4.232a2.5 2.5 0 0 1 3.536 3.536l-1.225 1.224a.75.75 0 0 0 1.061 1.06l1.224-1.224a4 4 0 0 0-5.656-5.656l-3 3a4 4 0 0 0 .225 5.865.75.75 0 0 0 .977-1.138 2.5 2.5 0 0 1-.142-3.667l3-3Z\"}),(0,e.jsx)(a.path,{d:\"M11.603 7.963a.75.75 0 0 0-.977 1.138 2.5 2.5 0 0 1 .142 3.667l-3 3a2.5 2.5 0 0 1-3.536-3.536l1.225-1.224a.75.75 0 0 0-1.061-1.06l-1.224 1.224a4 4 0 1 0 5.656 5.656l3-3a4 4 0 0 0-.225-5.865Z\"})]})})})}),\"Examples\"]}),(0,e.jsxs)(a.ul,{children:[(0,e.jsxs)(a.li,{children:[(0,e.jsx)(a.a,{href:\"https://tailwind-nextjs-starter-blog.vercel.app/\",children:\"Demo Blog\"}),\" - this repo\"]}),(0,e.jsxs)(a.li,{children:[(0,e.jsx)(a.a,{href:\"https://www.timlrx.com\",children:\"My personal blog\"}),\" - modified to auto-generate blog posts with dates\"]}),(0,e.jsxs)(a.li,{children:[(0,e.jsx)(a.a,{href:\"https://tambouille.vercel.app/\",children:\"Aloisdg's cookbook\"}),\" - with pictures and recipes!\"]}),(0,e.jsxs)(a.li,{children:[(0,e.jsx)(a.a,{href:\"https://tailwind-nextjs-starter-blog-seven.vercel.app/\",children:\"GautierArcin's demo with next translate\"}),\" - includes translation of mdx posts, \",(0,e.jsx)(a.a,{href:\"https://github.com/GautierArcin/tailwind-nextjs-starter-blog/tree/demo/next-translate\",children:\"source code\"})]}),(0,e.jsxs)(a.li,{children:[(0,e.jsx)(a.a,{href:\"https://davidlevai.com/\",children:\"David Levai's digital garden\"}),\" - customized design and added email subscriptions\"]}),(0,e.jsxs)(a.li,{children:[(0,e.jsx)(a.a,{href:\"https://thinhcorner.com/\",children:\"Thinh's Corner\"}),\" - \",(0,e.jsx)(a.a,{href:\"https://github.com/Th1nhNg0/th1nhng0.vercel.app/blob/5e73a420828d82f01e7147512a2c3273c4ec19f8/layouts/PostLayout.js\",children:\"customized layout\"}),\" with sticky side table of contents\"]})]}),(0,e.jsx)(a.p,{children:\"Using the template? Feel free to create a PR and add your blog to this list.\"}),(0,e.jsxs)(a.h2,{className:\"content-header\",id:\"motivation\",children:[(0,e.jsx)(a.a,{href:\"#motivation\",\"aria-hidden\":\"true\",tabIndex:\"-1\",children:(0,e.jsx)(e.Fragment,{children:(0,e.jsx)(a.span,{className:\"content-header-link\",children:(0,e.jsxs)(a.svg,{viewBox:\"0 0 20 20\",className:\"h-5 linkicon w-5\",fill:\"currentColor\",xmlns:\"http://www.w3.org/2000/svg\",children:[(0,e.jsx)(a.path,{d:\"M12.232 4.232a2.5 2.5 0 0 1 3.536 3.536l-1.225 1.224a.75.75 0 0 0 1.061 1.06l1.224-1.224a4 4 0 0 0-5.656-5.656l-3 3a4 4 0 0 0 .225 5.865.75.75 0 0 0 .977-1.138 2.5 2.5 0 0 1-.142-3.667l3-3Z\"}),(0,e.jsx)(a.path,{d:\"M11.603 7.963a.75.75 0 0 0-.977 1.138 2.5 2.5 0 0 1 .142 3.667l-3 3a2.5 2.5 0 0 1-3.536-3.536l1.225-1.224a.75.75 0 0 0-1.061-1.06l-1.224 1.224a4 4 0 1 0 5.656 5.656l3-3a4 4 0 0 0-.225-5.865Z\"})]})})})}),\"Motivation\"]}),(0,e.jsxs)(a.p,{children:[\"I wanted to port my existing blog to Nextjs and Tailwind CSS but there was no easy out of the box template to use so I decided to create one. Design is adapted from \",(0,e.jsx)(a.a,{href:\"https://github.com/tailwindlabs/blog.tailwindcss.com\",children:\"Tailwindlabs blog\"}),\".\"]}),(0,e.jsxs)(a.p,{children:[\"I wanted it to be nearly as feature-rich as popular blogging templates like \",(0,e.jsx)(a.a,{href:\"https://github.com/daattali/beautiful-jekyll\",children:\"beautiful-jekyll\"}),\" and \",(0,e.jsx)(a.a,{href:\"https://github.com/wowchemy/wowchemy-hugo-modules\",children:\"Hugo Academic\"}),\" but with the best of React's ecosystem and current web development's best practices.\"]}),(0,e.jsxs)(a.h2,{className:\"content-header\",id:\"features\",children:[(0,e.jsx)(a.a,{href:\"#features\",\"aria-hidden\":\"true\",tabIndex:\"-1\",children:(0,e.jsx)(e.Fragment,{children:(0,e.jsx)(a.span,{className:\"content-header-link\",children:(0,e.jsxs)(a.svg,{viewBox:\"0 0 20 20\",className:\"h-5 linkicon w-5\",fill:\"currentColor\",xmlns:\"http://www.w3.org/2000/svg\",children:[(0,e.jsx)(a.path,{d:\"M12.232 4.232a2.5 2.5 0 0 1 3.536 3.536l-1.225 1.224a.75.75 0 0 0 1.061 1.06l1.224-1.224a4 4 0 0 0-5.656-5.656l-3 3a4 4 0 0 0 .225 5.865.75.75 0 0 0 .977-1.138 2.5 2.5 0 0 1-.142-3.667l3-3Z\"}),(0,e.jsx)(a.path,{d:\"M11.603 7.963a.75.75 0 0 0-.977 1.138 2.5 2.5 0 0 1 .142 3.667l-3 3a2.5 2.5 0 0 1-3.536-3.536l1.225-1.224a.75.75 0 0 0-1.061-1.06l-1.224 1.224a4 4 0 1 0 5.656 5.656l3-3a4 4 0 0 0-.225-5.865Z\"})]})})})}),\"Features\"]}),(0,e.jsxs)(a.ul,{children:[(0,e.jsxs)(a.li,{children:[\"Easy styling customization with \",(0,e.jsx)(a.a,{href:\"https://tailwindcss.com/blog/tailwindcss-v3\",children:\"Tailwind 3.0\"}),\" and primary color attribute\"]}),(0,e.jsxs)(a.li,{children:[\"Near perfect lighthouse score - \",(0,e.jsx)(a.a,{href:\"https://www.webpagetest.org/result/210111_DiC1_08f3670c3430bf4a9b76fc3b927716c5/\",children:\"Lighthouse report\"})]}),(0,e.jsx)(a.li,{children:\"Lightweight, 45kB first load JS, uses Preact in production build\"}),(0,e.jsx)(a.li,{children:\"Mobile-friendly view\"}),(0,e.jsx)(a.li,{children:\"Light and dark theme\"}),(0,e.jsxs)(a.li,{children:[\"Self-hosted font with \",(0,e.jsx)(a.a,{href:\"https://fontsource.org/\",children:\"Fontsource\"})]}),(0,e.jsxs)(a.li,{children:[\"Supports \",(0,e.jsx)(a.a,{href:\"https://plausible.io/\",children:\"plausible\"}),\", \",(0,e.jsx)(a.a,{href:\"https://simpleanalytics.com/\",children:\"simple analytics\"}),\" and google analytics\"]}),(0,e.jsx)(a.li,{children:(0,e.jsx)(a.a,{href:\"https://mdxjs.com/\",children:\"MDX - write JSX in markdown documents!\"})}),(0,e.jsxs)(a.li,{children:[\"Server-side syntax highlighting with line numbers and line highlighting via \",(0,e.jsx)(a.a,{href:\"https://github.com/timlrx/rehype-prism-plus\",children:\"rehype-prism-plus\"})]}),(0,e.jsxs)(a.li,{children:[\"Math display supported via \",(0,e.jsx)(a.a,{href:\"https://katex.org/\",children:\"KaTeX\"})]}),(0,e.jsxs)(a.li,{children:[\"Citation and bibliography support via \",(0,e.jsx)(a.a,{href:\"https://github.com/timlrx/rehype-citation\",children:\"rehype-citation\"})]}),(0,e.jsxs)(a.li,{children:[\"Automatic image optimization via \",(0,e.jsx)(a.a,{href:\"https://nextjs.org/docs/basic-features/image-optimization\",children:\"next/image\"})]}),(0,e.jsxs)(a.li,{children:[\"Flexible data retrieval with \",(0,e.jsx)(a.a,{href:\"https://github.com/kentcdodds/mdx-bundler\",children:\"mdx-bundler\"})]}),(0,e.jsx)(a.li,{children:\"Support for tags - each unique tag will be its own page\"}),(0,e.jsx)(a.li,{children:\"Support for multiple authors\"}),(0,e.jsx)(a.li,{children:\"Blog templates\"}),(0,e.jsx)(a.li,{children:\"TOC component\"}),(0,e.jsx)(a.li,{children:\"Support for nested routing of blog posts\"}),(0,e.jsx)(a.li,{children:\"Newsletter component with support for Mailchimp, Buttondown, Convertkit, Klaviyo, Revue, Emailoctopus and Beehiiv\"}),(0,e.jsxs)(a.li,{children:[\"Supports \",(0,e.jsx)(a.a,{href:\"https://github.com/laymonage/giscus\",children:\"giscus\"}),\", \",(0,e.jsx)(a.a,{href:\"https://github.com/utterance/utterances\",children:\"utterances\"}),\" or disqus\"]}),(0,e.jsx)(a.li,{children:\"Projects page\"}),(0,e.jsx)(a.li,{children:\"Preconfigured security headers\"}),(0,e.jsx)(a.li,{children:\"SEO friendly with RSS feed, sitemaps and more!\"})]}),(0,e.jsxs)(a.h2,{className:\"content-header\",id:\"sample-posts\",children:[(0,e.jsx)(a.a,{href:\"#sample-posts\",\"aria-hidden\":\"true\",tabIndex:\"-1\",children:(0,e.jsx)(e.Fragment,{children:(0,e.jsx)(a.span,{className:\"content-header-link\",children:(0,e.jsxs)(a.svg,{viewBox:\"0 0 20 20\",className:\"h-5 linkicon w-5\",fill:\"currentColor\",xmlns:\"http://www.w3.org/2000/svg\",children:[(0,e.jsx)(a.path,{d:\"M12.232 4.232a2.5 2.5 0 0 1 3.536 3.536l-1.225 1.224a.75.75 0 0 0 1.061 1.06l1.224-1.224a4 4 0 0 0-5.656-5.656l-3 3a4 4 0 0 0 .225 5.865.75.75 0 0 0 .977-1.138 2.5 2.5 0 0 1-.142-3.667l3-3Z\"}),(0,e.jsx)(a.path,{d:\"M11.603 7.963a.75.75 0 0 0-.977 1.138 2.5 2.5 0 0 1 .142 3.667l-3 3a2.5 2.5 0 0 1-3.536-3.536l1.225-1.224a.75.75 0 0 0-1.061-1.06l-1.224 1.224a4 4 0 1 0 5.656 5.656l3-3a4 4 0 0 0-.225-5.865Z\"})]})})})}),\"Sample posts\"]}),(0,e.jsxs)(a.ul,{children:[(0,e.jsx)(a.li,{children:(0,e.jsx)(a.a,{href:\"https://tailwind-nextjs-starter-blog.vercel.app/blog/github-markdown-guide\",children:\"A markdown guide\"})}),(0,e.jsx)(a.li,{children:(0,e.jsx)(a.a,{href:\"https://tailwind-nextjs-starter-blog.vercel.app/blog/guide-to-using-images-in-nextjs\",children:\"Learn more about images in Next.js\"})}),(0,e.jsx)(a.li,{children:(0,e.jsx)(a.a,{href:\"https://tailwind-nextjs-starter-blog.vercel.app/blog/deriving-ols-estimator\",children:\"A tour of math typesetting\"})}),(0,e.jsx)(a.li,{children:(0,e.jsx)(a.a,{href:\"https://tailwind-nextjs-starter-blog.vercel.app/blog/pictures-of-canada\",children:\"Simple MDX image grid\"})}),(0,e.jsx)(a.li,{children:(0,e.jsx)(a.a,{href:\"https://tailwind-nextjs-starter-blog.vercel.app/blog/the-time-machine\",children:\"Example of long prose\"})}),(0,e.jsx)(a.li,{children:(0,e.jsx)(a.a,{href:\"https://tailwind-nextjs-starter-blog.vercel.app/blog/nested-route/introducing-multi-part-posts-with-nested-routing\",children:\"Example of Nested Route Post\"})})]}),(0,e.jsxs)(a.h2,{className:\"content-header\",id:\"quick-start-guide\",children:[(0,e.jsx)(a.a,{href:\"#quick-start-guide\",\"aria-hidden\":\"true\",tabIndex:\"-1\",children:(0,e.jsx)(e.Fragment,{children:(0,e.jsx)(a.span,{className:\"content-header-link\",children:(0,e.jsxs)(a.svg,{viewBox:\"0 0 20 20\",className:\"h-5 linkicon w-5\",fill:\"currentColor\",xmlns:\"http://www.w3.org/2000/svg\",children:[(0,e.jsx)(a.path,{d:\"M12.232 4.232a2.5 2.5 0 0 1 3.536 3.536l-1.225 1.224a.75.75 0 0 0 1.061 1.06l1.224-1.224a4 4 0 0 0-5.656-5.656l-3 3a4 4 0 0 0 .225 5.865.75.75 0 0 0 .977-1.138 2.5 2.5 0 0 1-.142-3.667l3-3Z\"}),(0,e.jsx)(a.path,{d:\"M11.603 7.963a.75.75 0 0 0-.977 1.138 2.5 2.5 0 0 1 .142 3.667l-3 3a2.5 2.5 0 0 1-3.536-3.536l1.225-1.224a.75.75 0 0 0-1.061-1.06l-1.224 1.224a4 4 0 1 0 5.656 5.656l3-3a4 4 0 0 0-.225-5.865Z\"})]})})})}),\"Quick Start Guide\"]}),(0,e.jsxs)(a.ol,{children:[(0,e.jsxs)(a.li,{children:[\"JS (official support) - \",(0,e.jsx)(a.code,{children:\"npx degit https://github.com/timlrx/tailwind-nextjs-starter-blog.git\"}),\" or TS (community support) - \",(0,e.jsx)(a.code,{children:\"npx degit timlrx/tailwind-nextjs-starter-blog#typescript\"})]}),(0,e.jsxs)(a.li,{children:[\"Personalize \",(0,e.jsx)(a.code,{children:\"siteMetadata.js\"}),\" (site related information)\"]}),(0,e.jsxs)(a.li,{children:[\"Modify the content security policy in \",(0,e.jsx)(a.code,{children:\"next.config.js\"}),\" if you want to use any analytics provider or a commenting solution other than giscus.\"]}),(0,e.jsxs)(a.li,{children:[\"Personalize \",(0,e.jsx)(a.code,{children:\"authors/default.md\"}),\" (main author)\"]}),(0,e.jsxs)(a.li,{children:[\"Modify \",(0,e.jsx)(a.code,{children:\"projectsData.ts\"})]}),(0,e.jsxs)(a.li,{children:[\"Modify \",(0,e.jsx)(a.code,{children:\"headerNavLinks.ts\"}),\" to customize navigation links\"]}),(0,e.jsx)(a.li,{children:\"Add blog posts\"}),(0,e.jsx)(a.li,{children:\"Deploy on Vercel\"})]}),(0,e.jsxs)(a.h2,{className:\"content-header\",id:\"development\",children:[(0,e.jsx)(a.a,{href:\"#development\",\"aria-hidden\":\"true\",tabIndex:\"-1\",children:(0,e.jsx)(e.Fragment,{children:(0,e.jsx)(a.span,{className:\"content-header-link\",children:(0,e.jsxs)(a.svg,{viewBox:\"0 0 20 20\",className:\"h-5 linkicon w-5\",fill:\"currentColor\",xmlns:\"http://www.w3.org/2000/svg\",children:[(0,e.jsx)(a.path,{d:\"M12.232 4.232a2.5 2.5 0 0 1 3.536 3.536l-1.225 1.224a.75.75 0 0 0 1.061 1.06l1.224-1.224a4 4 0 0 0-5.656-5.656l-3 3a4 4 0 0 0 .225 5.865.75.75 0 0 0 .977-1.138 2.5 2.5 0 0 1-.142-3.667l3-3Z\"}),(0,e.jsx)(a.path,{d:\"M11.603 7.963a.75.75 0 0 0-.977 1.138 2.5 2.5 0 0 1 .142 3.667l-3 3a2.5 2.5 0 0 1-3.536-3.536l1.225-1.224a.75.75 0 0 0-1.061-1.06l-1.224 1.224a4 4 0 1 0 5.656 5.656l3-3a4 4 0 0 0-.225-5.865Z\"})]})})})}),\"Development\"]}),(0,e.jsx)(a.p,{children:\"First, run the development server:\"}),(0,e.jsx)(a.pre,{className:\"language-bash\",children:(0,e.jsxs)(a.code,{className:\"code-highlight language-bash\",children:[(0,e.jsxs)(a.span,{className:\"code-line\",children:[(0,e.jsx)(a.span,{className:\"token function\",children:\"npm\"}),` start\n`]}),(0,e.jsxs)(a.span,{className:\"code-line\",children:[(0,e.jsx)(a.span,{className:\"token comment\",children:\"# or\"}),`\n`]}),(0,e.jsxs)(a.span,{className:\"code-line\",children:[(0,e.jsx)(a.span,{className:\"token function\",children:\"npm\"}),` run dev\n`]})]})}),(0,e.jsxs)(a.p,{children:[\"Open \",(0,e.jsx)(a.a,{href:\"http://localhost:3000\",children:\"http://localhost:3000\"}),\" with your browser to see the result.\"]}),(0,e.jsxs)(a.p,{children:[\"You can start editing the page by modifying \",(0,e.jsx)(a.code,{children:\"pages/index.js\"}),\". The page auto-updates as you edit the file.\"]}),(0,e.jsxs)(a.h2,{className:\"content-header\",id:\"extend--customize\",children:[(0,e.jsx)(a.a,{href:\"#extend--customize\",\"aria-hidden\":\"true\",tabIndex:\"-1\",children:(0,e.jsx)(e.Fragment,{children:(0,e.jsx)(a.span,{className:\"content-header-link\",children:(0,e.jsxs)(a.svg,{viewBox:\"0 0 20 20\",className:\"h-5 linkicon w-5\",fill:\"currentColor\",xmlns:\"http://www.w3.org/2000/svg\",children:[(0,e.jsx)(a.path,{d:\"M12.232 4.232a2.5 2.5 0 0 1 3.536 3.536l-1.225 1.224a.75.75 0 0 0 1.061 1.06l1.224-1.224a4 4 0 0 0-5.656-5.656l-3 3a4 4 0 0 0 .225 5.865.75.75 0 0 0 .977-1.138 2.5 2.5 0 0 1-.142-3.667l3-3Z\"}),(0,e.jsx)(a.path,{d:\"M11.603 7.963a.75.75 0 0 0-.977 1.138 2.5 2.5 0 0 1 .142 3.667l-3 3a2.5 2.5 0 0 1-3.536-3.536l1.225-1.224a.75.75 0 0 0-1.061-1.06l-1.224 1.224a4 4 0 1 0 5.656 5.656l3-3a4 4 0 0 0-.225-5.865Z\"})]})})})}),\"Extend / Customize\"]}),(0,e.jsxs)(a.p,{children:[(0,e.jsx)(a.code,{children:\"data/siteMetadata.js\"}),\" - contains most of the site related information which should be modified for a user's need.\"]}),(0,e.jsxs)(a.p,{children:[(0,e.jsx)(a.code,{children:\"data/authors/default.md\"}),\" - default author information (required). Additional authors can be added as files in \",(0,e.jsx)(a.code,{children:\"data/authors\"}),\".\"]}),(0,e.jsxs)(a.p,{children:[(0,e.jsx)(a.code,{children:\"data/projectsData.js\"}),\" - data used to generate styled card on the projects page.\"]}),(0,e.jsxs)(a.p,{children:[(0,e.jsx)(a.code,{children:\"data/headerNavLinks.js\"}),\" - navigation links.\"]}),(0,e.jsxs)(a.p,{children:[(0,e.jsx)(a.code,{children:\"data/logo.svg\"}),\" - replace with your own logo.\"]}),(0,e.jsxs)(a.p,{children:[(0,e.jsx)(a.code,{children:\"data/blog\"}),\" - replace with your own blog posts.\"]}),(0,e.jsxs)(a.p,{children:[(0,e.jsx)(a.code,{children:\"public/static\"}),\" - store assets such as images and favicons.\"]}),(0,e.jsxs)(a.p,{children:[(0,e.jsx)(a.code,{children:\"tailwind.config.js\"}),\" and \",(0,e.jsx)(a.code,{children:\"css/tailwind.css\"}),\" - contain the tailwind stylesheet which can be modified to change the overall look and feel of the site.\"]}),(0,e.jsxs)(a.p,{children:[(0,e.jsx)(a.code,{children:\"css/prism.css\"}),\" - controls the styles associated with the code blocks. Feel free to customize it and use your preferred prismjs theme e.g. \",(0,e.jsx)(a.a,{href:\"https://github.com/PrismJS/prism-themes\",children:\"prism themes\"}),\".\"]}),(0,e.jsxs)(a.p,{children:[(0,e.jsx)(a.code,{children:\"components/social-icons\"}),\" - to add other icons, simply copy an svg file from \",(0,e.jsx)(a.a,{href:\"https://simpleicons.org/\",children:\"Simple Icons\"}),\" and map them in \",(0,e.jsx)(a.code,{children:\"index.js\"}),\". Other icons use \",(0,e.jsx)(a.a,{href:\"https://heroicons.com/\",children:\"heroicons\"}),\".\"]}),(0,e.jsxs)(a.p,{children:[(0,e.jsx)(a.code,{children:\"components/MDXComponents.js\"}),\" - pass your own JSX code or React component by specifying it over here. You can then call them directly in the \",(0,e.jsx)(a.code,{children:\".mdx\"}),\" or \",(0,e.jsx)(a.code,{children:\".md\"}),\" file. By default, a custom link and image component is passed.\"]}),(0,e.jsxs)(a.p,{children:[(0,e.jsx)(a.code,{children:\"layouts\"}),\" - main templates used in pages.\"]}),(0,e.jsxs)(a.p,{children:[(0,e.jsx)(a.code,{children:\"pages\"}),\" - pages to route to. Read the \",(0,e.jsx)(a.a,{href:\"https://nextjs.org/docs\",children:\"Next.js documentation\"}),\" for more information.\"]}),(0,e.jsxs)(a.p,{children:[(0,e.jsx)(a.code,{children:\"next.config.js\"}),\" - configuration related to Next.js. You need to adapt the Content Security Policy if you want to load scripts, images etc. from other domains.\"]}),(0,e.jsxs)(a.h2,{className:\"content-header\",id:\"post\",children:[(0,e.jsx)(a.a,{href:\"#post\",\"aria-hidden\":\"true\",tabIndex:\"-1\",children:(0,e.jsx)(e.Fragment,{children:(0,e.jsx)(a.span,{className:\"content-header-link\",children:(0,e.jsxs)(a.svg,{viewBox:\"0 0 20 20\",className:\"h-5 linkicon w-5\",fill:\"currentColor\",xmlns:\"http://www.w3.org/2000/svg\",children:[(0,e.jsx)(a.path,{d:\"M12.232 4.232a2.5 2.5 0 0 1 3.536 3.536l-1.225 1.224a.75.75 0 0 0 1.061 1.06l1.224-1.224a4 4 0 0 0-5.656-5.656l-3 3a4 4 0 0 0 .225 5.865.75.75 0 0 0 .977-1.138 2.5 2.5 0 0 1-.142-3.667l3-3Z\"}),(0,e.jsx)(a.path,{d:\"M11.603 7.963a.75.75 0 0 0-.977 1.138 2.5 2.5 0 0 1 .142 3.667l-3 3a2.5 2.5 0 0 1-3.536-3.536l1.225-1.224a.75.75 0 0 0-1.061-1.06l-1.224 1.224a4 4 0 1 0 5.656 5.656l3-3a4 4 0 0 0-.225-5.865Z\"})]})})})}),\"Post\"]}),(0,e.jsxs)(a.h3,{className:\"content-header\",id:\"frontmatter\",children:[(0,e.jsx)(a.a,{href:\"#frontmatter\",\"aria-hidden\":\"true\",tabIndex:\"-1\",children:(0,e.jsx)(e.Fragment,{children:(0,e.jsx)(a.span,{className:\"content-header-link\",children:(0,e.jsxs)(a.svg,{viewBox:\"0 0 20 20\",className:\"h-5 linkicon w-5\",fill:\"currentColor\",xmlns:\"http://www.w3.org/2000/svg\",children:[(0,e.jsx)(a.path,{d:\"M12.232 4.232a2.5 2.5 0 0 1 3.536 3.536l-1.225 1.224a.75.75 0 0 0 1.061 1.06l1.224-1.224a4 4 0 0 0-5.656-5.656l-3 3a4 4 0 0 0 .225 5.865.75.75 0 0 0 .977-1.138 2.5 2.5 0 0 1-.142-3.667l3-3Z\"}),(0,e.jsx)(a.path,{d:\"M11.603 7.963a.75.75 0 0 0-.977 1.138 2.5 2.5 0 0 1 .142 3.667l-3 3a2.5 2.5 0 0 1-3.536-3.536l1.225-1.224a.75.75 0 0 0-1.061-1.06l-1.224 1.224a4 4 0 1 0 5.656 5.656l3-3a4 4 0 0 0-.225-5.865Z\"})]})})})}),\"Frontmatter\"]}),(0,e.jsxs)(a.p,{children:[\"Frontmatter follows \",(0,e.jsx)(a.a,{href:\"https://gohugo.io/content-management/front-matter/\",children:\"Hugo's standards\"}),\".\"]}),(0,e.jsx)(a.p,{children:\"Currently 10 fields are supported.\"}),(0,e.jsx)(a.pre,{className:\"language-js\",children:(0,e.jsxs)(a.code,{className:\"language-js code-highlight\",children:[(0,e.jsxs)(a.span,{className:\"code-line\",children:[(0,e.jsx)(a.span,{className:\"token function\",children:\"title\"}),\" \",(0,e.jsx)(a.span,{className:\"token punctuation\",children:\"(\"}),\"required\",(0,e.jsx)(a.span,{className:\"token punctuation\",children:\")\"}),`\n`]}),(0,e.jsxs)(a.span,{className:\"code-line\",children:[(0,e.jsx)(a.span,{className:\"token function\",children:\"date\"}),\" \",(0,e.jsx)(a.span,{className:\"token punctuation\",children:\"(\"}),\"required\",(0,e.jsx)(a.span,{className:\"token punctuation\",children:\")\"}),`\n`]}),(0,e.jsxs)(a.span,{className:\"code-line\",children:[(0,e.jsx)(a.span,{className:\"token function\",children:\"tags\"}),\" \",(0,e.jsx)(a.span,{className:\"token punctuation\",children:\"(\"}),\"required\",(0,e.jsx)(a.span,{className:\"token punctuation\",children:\",\"}),\" can be empty array\",(0,e.jsx)(a.span,{className:\"token punctuation\",children:\")\"}),`\n`]}),(0,e.jsxs)(a.span,{className:\"code-line\",children:[(0,e.jsx)(a.span,{className:\"token function\",children:\"lastmod\"}),\" \",(0,e.jsx)(a.span,{className:\"token punctuation\",children:\"(\"}),\"optional\",(0,e.jsx)(a.span,{className:\"token punctuation\",children:\")\"}),`\n`]}),(0,e.jsxs)(a.span,{className:\"code-line\",children:[(0,e.jsx)(a.span,{className:\"token function\",children:\"draft\"}),\" \",(0,e.jsx)(a.span,{className:\"token punctuation\",children:\"(\"}),\"optional\",(0,e.jsx)(a.span,{className:\"token punctuation\",children:\")\"}),`\n`]}),(0,e.jsxs)(a.span,{className:\"code-line\",children:[(0,e.jsx)(a.span,{className:\"token function\",children:\"summary\"}),\" \",(0,e.jsx)(a.span,{className:\"token punctuation\",children:\"(\"}),\"optional\",(0,e.jsx)(a.span,{className:\"token punctuation\",children:\")\"}),`\n`]}),(0,e.jsxs)(a.span,{className:\"code-line\",children:[(0,e.jsx)(a.span,{className:\"token function\",children:\"images\"}),\" \",(0,e.jsx)(a.span,{className:\"token punctuation\",children:\"(\"}),\"optional\",(0,e.jsx)(a.span,{className:\"token punctuation\",children:\",\"}),\" \",(0,e.jsx)(a.span,{className:\"token keyword control-flow\",children:\"if\"}),\" none provided defaults to socialBanner \",(0,e.jsx)(a.span,{className:\"token keyword\",children:\"in\"}),\" siteMetadata config\",(0,e.jsx)(a.span,{className:\"token punctuation\",children:\")\"}),`\n`]}),(0,e.jsxs)(a.span,{className:\"code-line\",children:[(0,e.jsx)(a.span,{className:\"token function\",children:\"authors\"}),\" \",(0,e.jsx)(a.span,{className:\"token punctuation\",children:\"(\"}),\"optional list which should correspond to the file names \",(0,e.jsx)(a.span,{className:\"token keyword\",children:\"in\"}),\" \",(0,e.jsxs)(a.span,{className:\"token template-string\",children:[(0,e.jsx)(a.span,{className:\"token string template-punctuation\",children:\"`\"}),(0,e.jsx)(a.span,{className:\"token string\",children:\"data/authors\"}),(0,e.jsx)(a.span,{className:\"token string template-punctuation\",children:\"`\"})]}),(0,e.jsx)(a.span,{className:\"token punctuation\",children:\".\"}),\" \",(0,e.jsx)(a.span,{className:\"token property-access\",children:(0,e.jsx)(a.span,{className:\"token maybe-class-name\",children:\"Uses\"})}),\" \",(0,e.jsxs)(a.span,{className:\"token template-string\",children:[(0,e.jsx)(a.span,{className:\"token string template-punctuation\",children:\"`\"}),(0,e.jsx)(a.span,{className:\"token string\",children:\"default\"}),(0,e.jsx)(a.span,{className:\"token string template-punctuation\",children:\"`\"})]}),\" \",(0,e.jsx)(a.span,{className:\"token keyword control-flow\",children:\"if\"}),\" none is specified\",(0,e.jsx)(a.span,{className:\"token punctuation\",children:\")\"}),`\n`]}),(0,e.jsxs)(a.span,{className:\"code-line\",children:[(0,e.jsx)(a.span,{className:\"token function\",children:\"layout\"}),\" \",(0,e.jsx)(a.span,{className:\"token punctuation\",children:\"(\"}),\"optional list which should correspond to the file names \",(0,e.jsx)(a.span,{className:\"token keyword\",children:\"in\"}),\" \",(0,e.jsxs)(a.span,{className:\"token template-string\",children:[(0,e.jsx)(a.span,{className:\"token string template-punctuation\",children:\"`\"}),(0,e.jsx)(a.span,{className:\"token string\",children:\"data/layouts\"}),(0,e.jsx)(a.span,{className:\"token string template-punctuation\",children:\"`\"})]}),(0,e.jsx)(a.span,{className:\"token punctuation\",children:\")\"}),`\n`]}),(0,e.jsxs)(a.span,{className:\"code-line\",children:[(0,e.jsx)(a.span,{className:\"token function\",children:\"canonicalUrl\"}),\" \",(0,e.jsx)(a.span,{className:\"token punctuation\",children:\"(\"}),\"optional\",(0,e.jsx)(a.span,{className:\"token punctuation\",children:\",\"}),\" canonical url \",(0,e.jsx)(a.span,{className:\"token keyword control-flow\",children:\"for\"}),\" the post \",(0,e.jsx)(a.span,{className:\"token keyword control-flow\",children:\"for\"}),\" \",(0,e.jsx)(a.span,{className:\"token constant\",children:\"SEO\"}),(0,e.jsx)(a.span,{className:\"token punctuation\",children:\")\"}),`\n`]})]})}),(0,e.jsx)(a.p,{children:\"Here's an example of a post's frontmatter:\"}),(0,e.jsx)(a.pre,{className:\"language-js\",children:(0,e.jsxs)(a.code,{className:\"language-js code-highlight\",children:[(0,e.jsxs)(a.span,{className:\"code-line\",children:[(0,e.jsx)(a.span,{className:\"token operator\",children:\"--\"}),(0,e.jsx)(a.span,{className:\"token operator\",children:\"-\"}),`\n`]}),(0,e.jsxs)(a.span,{className:\"code-line\",children:[(0,e.jsx)(a.span,{className:\"token literal-property property\",children:\"title\"}),(0,e.jsx)(a.span,{className:\"token operator\",children:\":\"}),\" \",(0,e.jsx)(a.span,{className:\"token string\",children:\"'Introducing Tailwind Nexjs Starter Blog'\"}),`\n`]}),(0,e.jsxs)(a.span,{className:\"code-line\",children:[(0,e.jsx)(a.span,{className:\"token literal-property property\",children:\"date\"}),(0,e.jsx)(a.span,{className:\"token operator\",children:\":\"}),\" \",(0,e.jsx)(a.span,{className:\"token string\",children:\"'2021-01-12'\"}),`\n`]}),(0,e.jsxs)(a.span,{className:\"code-line\",children:[(0,e.jsx)(a.span,{className:\"token literal-property property\",children:\"lastmod\"}),(0,e.jsx)(a.span,{className:\"token operator\",children:\":\"}),\" \",(0,e.jsx)(a.span,{className:\"token string\",children:\"'2021-01-18'\"}),`\n`]}),(0,e.jsxs)(a.span,{className:\"code-line\",children:[(0,e.jsx)(a.span,{className:\"token literal-property property\",children:\"tags\"}),(0,e.jsx)(a.span,{className:\"token operator\",children:\":\"}),\" \",(0,e.jsx)(a.span,{className:\"token punctuation\",children:\"[\"}),(0,e.jsx)(a.span,{className:\"token string\",children:\"'next-js'\"}),(0,e.jsx)(a.span,{className:\"token punctuation\",children:\",\"}),\" \",(0,e.jsx)(a.span,{className:\"token string\",children:\"'tailwind'\"}),(0,e.jsx)(a.span,{className:\"token punctuation\",children:\",\"}),\" \",(0,e.jsx)(a.span,{className:\"token string\",children:\"'guide'\"}),(0,e.jsx)(a.span,{className:\"token punctuation\",children:\"]\"}),`\n`]}),(0,e.jsxs)(a.span,{className:\"code-line\",children:[(0,e.jsx)(a.span,{className:\"token literal-property property\",children:\"draft\"}),(0,e.jsx)(a.span,{className:\"token operator\",children:\":\"}),\" \",(0,e.jsx)(a.span,{className:\"token boolean\",children:\"false\"}),`\n`]}),(0,e.jsxs)(a.span,{className:\"code-line\",children:[(0,e.jsx)(a.span,{className:\"token literal-property property\",children:\"summary\"}),(0,e.jsx)(a.span,{className:\"token operator\",children:\":\"}),\" \",(0,e.jsx)(a.span,{className:\"token string\",children:\"'Looking for a performant, out of the box template, with all the best in web technology to support your blogging needs? Checkout the Tailwind Nextjs Starter Blog template.'\"}),`\n`]}),(0,e.jsxs)(a.span,{className:\"code-line\",children:[(0,e.jsx)(a.span,{className:\"token literal-property property\",children:\"images\"}),(0,e.jsx)(a.span,{className:\"token operator\",children:\":\"}),\" \",(0,e.jsx)(a.span,{className:\"token punctuation\",children:\"[\"}),(0,e.jsx)(a.span,{className:\"token string\",children:\"'/static/images/canada/mountains.jpg'\"}),(0,e.jsx)(a.span,{className:\"token punctuation\",children:\",\"}),\" \",(0,e.jsx)(a.span,{className:\"token string\",children:\"'/static/images/canada/toronto.jpg'\"}),(0,e.jsx)(a.span,{className:\"token punctuation\",children:\"]\"}),`\n`]}),(0,e.jsxs)(a.span,{className:\"code-line\",children:[(0,e.jsx)(a.span,{className:\"token literal-property property\",children:\"authors\"}),(0,e.jsx)(a.span,{className:\"token operator\",children:\":\"}),\" \",(0,e.jsx)(a.span,{className:\"token punctuation\",children:\"[\"}),(0,e.jsx)(a.span,{className:\"token string\",children:\"'default'\"}),(0,e.jsx)(a.span,{className:\"token punctuation\",children:\",\"}),\" \",(0,e.jsx)(a.span,{className:\"token string\",children:\"'sparrowhawk'\"}),(0,e.jsx)(a.span,{className:\"token punctuation\",children:\"]\"}),`\n`]}),(0,e.jsxs)(a.span,{className:\"code-line\",children:[(0,e.jsx)(a.span,{className:\"token literal-property property\",children:\"layout\"}),(0,e.jsx)(a.span,{className:\"token operator\",children:\":\"}),\" \",(0,e.jsx)(a.span,{className:\"token maybe-class-name\",children:\"PostLayout\"}),`\n`]}),(0,e.jsxs)(a.span,{className:\"code-line\",children:[(0,e.jsx)(a.span,{className:\"token literal-property property\",children:\"canonicalUrl\"}),(0,e.jsx)(a.span,{className:\"token operator\",children:\":\"}),\" https\",(0,e.jsx)(a.span,{className:\"token operator\",children:\":\"}),(0,e.jsx)(a.span,{className:\"token operator\",children:\"/\"}),(0,e.jsx)(a.span,{className:\"token operator\",children:\"/\"}),\"tailwind\",(0,e.jsx)(a.span,{className:\"token operator\",children:\"-\"}),\"nextjs\",(0,e.jsx)(a.span,{className:\"token operator\",children:\"-\"}),\"starter\",(0,e.jsx)(a.span,{className:\"token operator\",children:\"-\"}),\"blog\",(0,e.jsx)(a.span,{className:\"token punctuation\",children:\".\"}),(0,e.jsx)(a.span,{className:\"token property-access\",children:\"vercel\"}),(0,e.jsx)(a.span,{className:\"token punctuation\",children:\".\"}),(0,e.jsx)(a.span,{className:\"token property-access\",children:\"app\"}),(0,e.jsx)(a.span,{className:\"token operator\",children:\"/\"}),\"blog\",(0,e.jsx)(a.span,{className:\"token operator\",children:\"/\"}),\"introducing\",(0,e.jsx)(a.span,{className:\"token operator\",children:\"-\"}),\"tailwind\",(0,e.jsx)(a.span,{className:\"token operator\",children:\"-\"}),\"nextjs\",(0,e.jsx)(a.span,{className:\"token operator\",children:\"-\"}),\"starter\",(0,e.jsx)(a.span,{className:\"token operator\",children:\"-\"}),`blog\n`]}),(0,e.jsxs)(a.span,{className:\"code-line\",children:[(0,e.jsx)(a.span,{className:\"token operator\",children:\"--\"}),(0,e.jsx)(a.span,{className:\"token operator\",children:\"-\"}),`\n`]})]})}),(0,e.jsxs)(a.h3,{className:\"content-header\",id:\"compose\",children:[(0,e.jsx)(a.a,{href:\"#compose\",\"aria-hidden\":\"true\",tabIndex:\"-1\",children:(0,e.jsx)(e.Fragment,{children:(0,e.jsx)(a.span,{className:\"content-header-link\",children:(0,e.jsxs)(a.svg,{viewBox:\"0 0 20 20\",className:\"h-5 linkicon w-5\",fill:\"currentColor\",xmlns:\"http://www.w3.org/2000/svg\",children:[(0,e.jsx)(a.path,{d:\"M12.232 4.232a2.5 2.5 0 0 1 3.536 3.536l-1.225 1.224a.75.75 0 0 0 1.061 1.06l1.224-1.224a4 4 0 0 0-5.656-5.656l-3 3a4 4 0 0 0 .225 5.865.75.75 0 0 0 .977-1.138 2.5 2.5 0 0 1-.142-3.667l3-3Z\"}),(0,e.jsx)(a.path,{d:\"M11.603 7.963a.75.75 0 0 0-.977 1.138 2.5 2.5 0 0 1 .142 3.667l-3 3a2.5 2.5 0 0 1-3.536-3.536l1.225-1.224a.75.75 0 0 0-1.061-1.06l-1.224 1.224a4 4 0 1 0 5.656 5.656l3-3a4 4 0 0 0-.225-5.865Z\"})]})})})}),\"Compose\"]}),(0,e.jsxs)(a.p,{children:[\"Run \",(0,e.jsx)(a.code,{children:\"node ./scripts/compose.js\"}),\" to bootstrap a new post.\"]}),(0,e.jsx)(a.p,{children:\"Follow the interactive prompt to generate a post with pre-filled front matter.\"}),(0,e.jsxs)(a.h2,{className:\"content-header\",id:\"deploy\",children:[(0,e.jsx)(a.a,{href:\"#deploy\",\"aria-hidden\":\"true\",tabIndex:\"-1\",children:(0,e.jsx)(e.Fragment,{children:(0,e.jsx)(a.span,{className:\"content-header-link\",children:(0,e.jsxs)(a.svg,{viewBox:\"0 0 20 20\",className:\"h-5 linkicon w-5\",fill:\"currentColor\",xmlns:\"http://www.w3.org/2000/svg\",children:[(0,e.jsx)(a.path,{d:\"M12.232 4.232a2.5 2.5 0 0 1 3.536 3.536l-1.225 1.224a.75.75 0 0 0 1.061 1.06l1.224-1.224a4 4 0 0 0-5.656-5.656l-3 3a4 4 0 0 0 .225 5.865.75.75 0 0 0 .977-1.138 2.5 2.5 0 0 1-.142-3.667l3-3Z\"}),(0,e.jsx)(a.path,{d:\"M11.603 7.963a.75.75 0 0 0-.977 1.138 2.5 2.5 0 0 1 .142 3.667l-3 3a2.5 2.5 0 0 1-3.536-3.536l1.225-1.224a.75.75 0 0 0-1.061-1.06l-1.224 1.224a4 4 0 1 0 5.656 5.656l3-3a4 4 0 0 0-.225-5.865Z\"})]})})})}),\"Deploy\"]}),(0,e.jsxs)(a.p,{children:[(0,e.jsx)(a.strong,{children:\"Vercel\"}),(0,e.jsx)(a.br,{}),\"The easiest way to deploy the template is to use the \",(0,e.jsx)(a.a,{href:\"https://vercel.com\",children:\"Vercel Platform\"}),\" from the creators of Next.js. Check out the \",(0,e.jsx)(a.a,{href:\"https://nextjs.org/docs/deployment\",children:\"Next.js deployment documentation\"}),\" for more details.\"]}),(0,e.jsxs)(a.p,{children:[(0,e.jsx)(a.strong,{children:\"Netlify / GitHub Pages / Firebase etc.\"}),(0,e.jsx)(a.br,{}),\"As the template uses \",(0,e.jsx)(a.code,{children:\"next/image\"}),\" for image optimization, additional configurations have to be made to deploy on other popular static hosting websites like \",(0,e.jsx)(a.a,{href:\"https://www.netlify.com/\",children:\"Netlify\"}),\" or \",(0,e.jsx)(a.a,{href:\"https://pages.github.com/\",children:\"GitHub Pages\"}),\". An alternative image optimization provider such as Imgix, Cloudinary or Akamai has to be used. Alternatively, replace the \",(0,e.jsx)(a.code,{children:\"next/image\"}),\" component with a standard \",(0,e.jsx)(a.code,{children:\"<img>\"}),\" tag. See \",(0,e.jsxs)(a.a,{href:\"https://nextjs.org/docs/basic-features/image-optimization\",children:[(0,e.jsx)(a.code,{children:\"next/image\"}),\" documentation\"]}),\" for more details.\"]}),(0,e.jsx)(a.p,{children:\"The API routes used in the newsletter component cannot be used in a static site export. You will need to use a form API endpoint provider and substitute the route in the newsletter component accordingly. Other hosting platforms such as Netlify also offer alternative solutions - please refer to their docs for more information.\"}),(0,e.jsxs)(a.h2,{className:\"content-header\",id:\"support\",children:[(0,e.jsx)(a.a,{href:\"#support\",\"aria-hidden\":\"true\",tabIndex:\"-1\",children:(0,e.jsx)(e.Fragment,{children:(0,e.jsx)(a.span,{className:\"content-header-link\",children:(0,e.jsxs)(a.svg,{viewBox:\"0 0 20 20\",className:\"h-5 linkicon w-5\",fill:\"currentColor\",xmlns:\"http://www.w3.org/2000/svg\",children:[(0,e.jsx)(a.path,{d:\"M12.232 4.232a2.5 2.5 0 0 1 3.536 3.536l-1.225 1.224a.75.75 0 0 0 1.061 1.06l1.224-1.224a4 4 0 0 0-5.656-5.656l-3 3a4 4 0 0 0 .225 5.865.75.75 0 0 0 .977-1.138 2.5 2.5 0 0 1-.142-3.667l3-3Z\"}),(0,e.jsx)(a.path,{d:\"M11.603 7.963a.75.75 0 0 0-.977 1.138 2.5 2.5 0 0 1 .142 3.667l-3 3a2.5 2.5 0 0 1-3.536-3.536l1.225-1.224a.75.75 0 0 0-1.061-1.06l-1.224 1.224a4 4 0 1 0 5.656 5.656l3-3a4 4 0 0 0-.225-5.865Z\"})]})})})}),\"Support\"]}),(0,e.jsxs)(a.p,{children:[\"Using the template? Support this effort by giving a star on GitHub, sharing your own blog and giving a shoutout on Twitter or be a project \",(0,e.jsx)(a.a,{href:\"https://github.com/sponsors/timlrx\",children:\"sponsor\"}),\".\"]}),(0,e.jsxs)(a.h2,{className:\"content-header\",id:\"licence\",children:[(0,e.jsx)(a.a,{href:\"#licence\",\"aria-hidden\":\"true\",tabIndex:\"-1\",children:(0,e.jsx)(e.Fragment,{children:(0,e.jsx)(a.span,{className:\"content-header-link\",children:(0,e.jsxs)(a.svg,{viewBox:\"0 0 20 20\",className:\"h-5 linkicon w-5\",fill:\"currentColor\",xmlns:\"http://www.w3.org/2000/svg\",children:[(0,e.jsx)(a.path,{d:\"M12.232 4.232a2.5 2.5 0 0 1 3.536 3.536l-1.225 1.224a.75.75 0 0 0 1.061 1.06l1.224-1.224a4 4 0 0 0-5.656-5.656l-3 3a4 4 0 0 0 .225 5.865.75.75 0 0 0 .977-1.138 2.5 2.5 0 0 1-.142-3.667l3-3Z\"}),(0,e.jsx)(a.path,{d:\"M11.603 7.963a.75.75 0 0 0-.977 1.138 2.5 2.5 0 0 1 .142 3.667l-3 3a2.5 2.5 0 0 1-3.536-3.536l1.225-1.224a.75.75 0 0 0-1.061-1.06l-1.224 1.224a4 4 0 1 0 5.656 5.656l3-3a4 4 0 0 0-.225-5.865Z\"})]})})})}),\"Licence\"]}),(0,e.jsxs)(a.p,{children:[(0,e.jsx)(a.a,{href:\"https://github.com/timlrx/tailwind-nextjs-starter-blog/blob/main/LICENSE\",children:\"MIT\"}),\" \\xA9 \",(0,e.jsx)(a.a,{href:\"https://www.timrlx.com\",children:\"Timothy Lin\"})]})]})}function h(n={}){let{wrapper:a}=n.components||{};return a?(0,e.jsx)(a,{...n,children:(0,e.jsx)(d,{...n})}):d(n)}function y(n,a){throw new Error(\"Expected \"+(a?\"component\":\"object\")+\" `\"+n+\"` to be defined: you likely forgot to import, pass, or provide it.\")}return b(v);})();\n;return Component;"
  },
  "_id": "blog/introducing-tailwind-nextjs-starter-blog.mdx",
  "_raw": {
    "sourceFilePath": "blog/introducing-tailwind-nextjs-starter-blog.mdx",
    "sourceFileName": "introducing-tailwind-nextjs-starter-blog.mdx",
    "sourceFileDir": "blog",
    "contentType": "mdx",
    "flattenedPath": "blog/introducing-tailwind-nextjs-starter-blog"
  },
  "type": "Blog",
  "readingTime": {
    "text": "7 min read",
    "minutes": 6.055,
    "time": 363300,
    "words": 1211
  },
  "slug": "introducing-tailwind-nextjs-starter-blog",
  "path": "blog/introducing-tailwind-nextjs-starter-blog",
  "filePath": "blog/introducing-tailwind-nextjs-starter-blog.mdx",
  "toc": [
    {
      "value": "Tailwind Nextjs Starter Blog",
      "url": "#tailwind-nextjs-starter-blog",
      "depth": 1
    },
    {
      "value": "Examples",
      "url": "#examples",
      "depth": 2
    },
    {
      "value": "Motivation",
      "url": "#motivation",
      "depth": 2
    },
    {
      "value": "Features",
      "url": "#features",
      "depth": 2
    },
    {
      "value": "Sample posts",
      "url": "#sample-posts",
      "depth": 2
    },
    {
      "value": "Quick Start Guide",
      "url": "#quick-start-guide",
      "depth": 2
    },
    {
      "value": "Development",
      "url": "#development",
      "depth": 2
    },
    {
      "value": "Extend / Customize",
      "url": "#extend--customize",
      "depth": 2
    },
    {
      "value": "Post",
      "url": "#post",
      "depth": 2
    },
    {
      "value": "Frontmatter",
      "url": "#frontmatter",
      "depth": 3
    },
    {
      "value": "Compose",
      "url": "#compose",
      "depth": 3
    },
    {
      "value": "Deploy",
      "url": "#deploy",
      "depth": 2
    },
    {
      "value": "Support",
      "url": "#support",
      "depth": 2
    },
    {
      "value": "Licence",
      "url": "#licence",
      "depth": 2
    }
  ],
  "structuredData": {
    "@context": "https://schema.org",
    "@type": "BlogPosting",
    "headline": "Introducing Tailwind Nextjs Starter Blog",
    "datePublished": "2021-01-12T00:00:00.000Z",
    "dateModified": "2024-08-16T00:00:00.000Z",
    "description": "Looking for a performant, out of the box template, with all the best in web technology to support your blogging needs? Checkout the Tailwind Nextjs Starter Blog template.",
    "image": "/static/images/canada/mountains.jpg",
    "url": "https://tailwind-nextjs-starter-blog.vercel.app/blog/introducing-tailwind-nextjs-starter-blog"
  }
}