{
  "title": "How SEO Can Boost Your Business Sales",
  "date": "2024-01-15T00:00:00.000Z",
  "tags": [
    "seo",
    "business",
    "marketing",
    "digital-strategy"
  ],
  "draft": false,
  "slug": "seo-business-sales",
  "summary": "Discover how implementing effective SEO strategies can significantly increase your business visibility and drive more sales through organic traffic.",
  "authors": [
    "default"
  ],
  "body": {
    "raw": "\n# How SEO Can Boost Your Business Sales\n\nIn today's digital marketplace, visibility is everything. Search Engine Optimization (SEO) isn't just about ranking higher on Google—it's about connecting with potential customers at exactly the right moment they're looking for your products or services.\n\n## Why SEO Matters for Sales\n\nWhen your business appears at the top of search results, you're not just gaining visibility—you're gaining credibility. Studies show that 75% of users never scroll past the first page of search results, making top positions crucial for capturing potential customers.\n\n## Key SEO Strategies That Drive Sales\n\n### 1. Local SEO Optimization\n\nLocal searches with \"near me\" intent have grown by 900% in recent years. By optimizing for local search, businesses can capture customers ready to make immediate purchases in their area.\n\n### 2. Content That Converts\n\nCreating valuable content that addresses customer pain points doesn't just attract traffic—it builds trust. When potential customers find answers to their questions through your content, they're more likely to choose your business for their needs.\n\n### 3. Technical SEO Foundation\n\nA well-structured website that loads quickly and works seamlessly on mobile devices reduces bounce rates and increases the likelihood of converting visitors into customers.\n\n## Measuring SEO Success\n\nTrack these key metrics to measure your SEO's impact on sales:\n\n- Organic traffic growth\n- Conversion rates from organic searches\n- Local search visibility\n- Time spent on site\n- Pages per session\n\n## Long-term Benefits\n\nUnlike paid advertising, SEO provides sustainable, long-term results. While it requires initial investment and patience, the compound effect of good SEO practices creates a steady stream of qualified leads that can significantly boost your bottom line.\n\n## Taking Action\n\nStart by conducting a thorough SEO audit of your website. Identify quick wins and develop a strategic plan that aligns with your sales goals. Remember, SEO is not a one-time effort but a continuous process of optimization and improvement.\n\nBy implementing these SEO strategies, you're not just improving your search rankings—you're creating a powerful sales channel that works for your business 24/7.\n",
    "code": "var Component=(()=>{var u=Object.create;var s=Object.defineProperty;var m=Object.getOwnPropertyDescriptor;var p=Object.getOwnPropertyNames;var g=Object.getPrototypeOf,w=Object.prototype.hasOwnProperty;var f=(t,a)=>()=>(a||t((a={exports:{}}).exports,a),a.exports),v=(t,a)=>{for(var n in a)s(t,n,{get:a[n],enumerable:!0})},r=(t,a,n,l)=>{if(a&&typeof a==\"object\"||typeof a==\"function\")for(let i of p(a))!w.call(t,i)&&i!==n&&s(t,i,{get:()=>a[i],enumerable:!(l=m(a,i))||l.enumerable});return t};var y=(t,a,n)=>(n=t!=null?u(g(t)):{},r(a||!t||!t.__esModule?s(n,\"default\",{value:t,enumerable:!0}):n,t)),b=t=>r(s({},\"__esModule\",{value:!0}),t);var c=f((S,o)=>{o.exports=_jsx_runtime});var x={};v(x,{default:()=>d,frontmatter:()=>k});var e=y(c()),k={title:\"How SEO Can Boost Your Business Sales\",date:\"2024-01-15\",tags:[\"seo\",\"business\",\"marketing\",\"digital-strategy\"],draft:!1,summary:\"Discover how implementing effective SEO strategies can significantly increase your business visibility and drive more sales through organic traffic.\",authors:[\"default\"]};function h(t){let a={a:\"a\",h1:\"h1\",h2:\"h2\",h3:\"h3\",li:\"li\",p:\"p\",path:\"path\",span:\"span\",svg:\"svg\",ul:\"ul\",...t.components};return(0,e.jsxs)(e.Fragment,{children:[(0,e.jsxs)(a.h1,{className:\"content-header\",id:\"how-seo-can-boost-your-business-sales\",children:[(0,e.jsx)(a.a,{\"aria-hidden\":\"true\",href:\"#how-seo-can-boost-your-business-sales\",tabIndex:\"-1\",children:(0,e.jsx)(e.Fragment,{children:(0,e.jsx)(a.span,{className:\"content-header-link\",children:(0,e.jsxs)(a.svg,{className:\"h-5 linkicon w-5\",fill:\"currentColor\",viewBox:\"0 0 20 20\",xmlns:\"http://www.w3.org/2000/svg\",children:[(0,e.jsx)(a.path,{d:\"M12.232 4.232a2.5 2.5 0 0 1 3.536 3.536l-1.225 1.224a.75.75 0 0 0 1.061 1.06l1.224-1.224a4 4 0 0 0-5.656-5.656l-3 3a4 4 0 0 0 .225 5.865.75.75 0 0 0 .977-1.138 2.5 2.5 0 0 1-.142-3.667l3-3Z\"}),(0,e.jsx)(a.path,{d:\"M11.603 7.963a.75.75 0 0 0-.977 1.138 2.5 2.5 0 0 1 .142 3.667l-3 3a2.5 2.5 0 0 1-3.536-3.536l1.225-1.224a.75.75 0 0 0-1.061-1.06l-1.224 1.224a4 4 0 1 0 5.656 5.656l3-3a4 4 0 0 0-.225-5.865Z\"})]})})})}),\"How SEO Can Boost Your Business Sales\"]}),(0,e.jsx)(a.p,{children:\"In today's digital marketplace, visibility is everything. Search Engine Optimization (SEO) isn't just about ranking higher on Google\\u2014it's about connecting with potential customers at exactly the right moment they're looking for your products or services.\"}),(0,e.jsxs)(a.h2,{className:\"content-header\",id:\"why-seo-matters-for-sales\",children:[(0,e.jsx)(a.a,{\"aria-hidden\":\"true\",href:\"#why-seo-matters-for-sales\",tabIndex:\"-1\",children:(0,e.jsx)(e.Fragment,{children:(0,e.jsx)(a.span,{className:\"content-header-link\",children:(0,e.jsxs)(a.svg,{className:\"h-5 linkicon w-5\",fill:\"currentColor\",viewBox:\"0 0 20 20\",xmlns:\"http://www.w3.org/2000/svg\",children:[(0,e.jsx)(a.path,{d:\"M12.232 4.232a2.5 2.5 0 0 1 3.536 3.536l-1.225 1.224a.75.75 0 0 0 1.061 1.06l1.224-1.224a4 4 0 0 0-5.656-5.656l-3 3a4 4 0 0 0 .225 5.865.75.75 0 0 0 .977-1.138 2.5 2.5 0 0 1-.142-3.667l3-3Z\"}),(0,e.jsx)(a.path,{d:\"M11.603 7.963a.75.75 0 0 0-.977 1.138 2.5 2.5 0 0 1 .142 3.667l-3 3a2.5 2.5 0 0 1-3.536-3.536l1.225-1.224a.75.75 0 0 0-1.061-1.06l-1.224 1.224a4 4 0 1 0 5.656 5.656l3-3a4 4 0 0 0-.225-5.865Z\"})]})})})}),\"Why SEO Matters for Sales\"]}),(0,e.jsx)(a.p,{children:\"When your business appears at the top of search results, you're not just gaining visibility\\u2014you're gaining credibility. Studies show that 75% of users never scroll past the first page of search results, making top positions crucial for capturing potential customers.\"}),(0,e.jsxs)(a.h2,{className:\"content-header\",id:\"key-seo-strategies-that-drive-sales\",children:[(0,e.jsx)(a.a,{\"aria-hidden\":\"true\",href:\"#key-seo-strategies-that-drive-sales\",tabIndex:\"-1\",children:(0,e.jsx)(e.Fragment,{children:(0,e.jsx)(a.span,{className:\"content-header-link\",children:(0,e.jsxs)(a.svg,{className:\"h-5 linkicon w-5\",fill:\"currentColor\",viewBox:\"0 0 20 20\",xmlns:\"http://www.w3.org/2000/svg\",children:[(0,e.jsx)(a.path,{d:\"M12.232 4.232a2.5 2.5 0 0 1 3.536 3.536l-1.225 1.224a.75.75 0 0 0 1.061 1.06l1.224-1.224a4 4 0 0 0-5.656-5.656l-3 3a4 4 0 0 0 .225 5.865.75.75 0 0 0 .977-1.138 2.5 2.5 0 0 1-.142-3.667l3-3Z\"}),(0,e.jsx)(a.path,{d:\"M11.603 7.963a.75.75 0 0 0-.977 1.138 2.5 2.5 0 0 1 .142 3.667l-3 3a2.5 2.5 0 0 1-3.536-3.536l1.225-1.224a.75.75 0 0 0-1.061-1.06l-1.224 1.224a4 4 0 1 0 5.656 5.656l3-3a4 4 0 0 0-.225-5.865Z\"})]})})})}),\"Key SEO Strategies That Drive Sales\"]}),(0,e.jsxs)(a.h3,{className:\"content-header\",id:\"1-local-seo-optimization\",children:[(0,e.jsx)(a.a,{\"aria-hidden\":\"true\",href:\"#1-local-seo-optimization\",tabIndex:\"-1\",children:(0,e.jsx)(e.Fragment,{children:(0,e.jsx)(a.span,{className:\"content-header-link\",children:(0,e.jsxs)(a.svg,{className:\"h-5 linkicon w-5\",fill:\"currentColor\",viewBox:\"0 0 20 20\",xmlns:\"http://www.w3.org/2000/svg\",children:[(0,e.jsx)(a.path,{d:\"M12.232 4.232a2.5 2.5 0 0 1 3.536 3.536l-1.225 1.224a.75.75 0 0 0 1.061 1.06l1.224-1.224a4 4 0 0 0-5.656-5.656l-3 3a4 4 0 0 0 .225 5.865.75.75 0 0 0 .977-1.138 2.5 2.5 0 0 1-.142-3.667l3-3Z\"}),(0,e.jsx)(a.path,{d:\"M11.603 7.963a.75.75 0 0 0-.977 1.138 2.5 2.5 0 0 1 .142 3.667l-3 3a2.5 2.5 0 0 1-3.536-3.536l1.225-1.224a.75.75 0 0 0-1.061-1.06l-1.224 1.224a4 4 0 1 0 5.656 5.656l3-3a4 4 0 0 0-.225-5.865Z\"})]})})})}),\"1. Local SEO Optimization\"]}),(0,e.jsx)(a.p,{children:'Local searches with \"near me\" intent have grown by 900% in recent years. By optimizing for local search, businesses can capture customers ready to make immediate purchases in their area.'}),(0,e.jsxs)(a.h3,{className:\"content-header\",id:\"2-content-that-converts\",children:[(0,e.jsx)(a.a,{\"aria-hidden\":\"true\",href:\"#2-content-that-converts\",tabIndex:\"-1\",children:(0,e.jsx)(e.Fragment,{children:(0,e.jsx)(a.span,{className:\"content-header-link\",children:(0,e.jsxs)(a.svg,{className:\"h-5 linkicon w-5\",fill:\"currentColor\",viewBox:\"0 0 20 20\",xmlns:\"http://www.w3.org/2000/svg\",children:[(0,e.jsx)(a.path,{d:\"M12.232 4.232a2.5 2.5 0 0 1 3.536 3.536l-1.225 1.224a.75.75 0 0 0 1.061 1.06l1.224-1.224a4 4 0 0 0-5.656-5.656l-3 3a4 4 0 0 0 .225 5.865.75.75 0 0 0 .977-1.138 2.5 2.5 0 0 1-.142-3.667l3-3Z\"}),(0,e.jsx)(a.path,{d:\"M11.603 7.963a.75.75 0 0 0-.977 1.138 2.5 2.5 0 0 1 .142 3.667l-3 3a2.5 2.5 0 0 1-3.536-3.536l1.225-1.224a.75.75 0 0 0-1.061-1.06l-1.224 1.224a4 4 0 1 0 5.656 5.656l3-3a4 4 0 0 0-.225-5.865Z\"})]})})})}),\"2. Content That Converts\"]}),(0,e.jsx)(a.p,{children:\"Creating valuable content that addresses customer pain points doesn't just attract traffic\\u2014it builds trust. When potential customers find answers to their questions through your content, they're more likely to choose your business for their needs.\"}),(0,e.jsxs)(a.h3,{className:\"content-header\",id:\"3-technical-seo-foundation\",children:[(0,e.jsx)(a.a,{\"aria-hidden\":\"true\",href:\"#3-technical-seo-foundation\",tabIndex:\"-1\",children:(0,e.jsx)(e.Fragment,{children:(0,e.jsx)(a.span,{className:\"content-header-link\",children:(0,e.jsxs)(a.svg,{className:\"h-5 linkicon w-5\",fill:\"currentColor\",viewBox:\"0 0 20 20\",xmlns:\"http://www.w3.org/2000/svg\",children:[(0,e.jsx)(a.path,{d:\"M12.232 4.232a2.5 2.5 0 0 1 3.536 3.536l-1.225 1.224a.75.75 0 0 0 1.061 1.06l1.224-1.224a4 4 0 0 0-5.656-5.656l-3 3a4 4 0 0 0 .225 5.865.75.75 0 0 0 .977-1.138 2.5 2.5 0 0 1-.142-3.667l3-3Z\"}),(0,e.jsx)(a.path,{d:\"M11.603 7.963a.75.75 0 0 0-.977 1.138 2.5 2.5 0 0 1 .142 3.667l-3 3a2.5 2.5 0 0 1-3.536-3.536l1.225-1.224a.75.75 0 0 0-1.061-1.06l-1.224 1.224a4 4 0 1 0 5.656 5.656l3-3a4 4 0 0 0-.225-5.865Z\"})]})})})}),\"3. Technical SEO Foundation\"]}),(0,e.jsx)(a.p,{children:\"A well-structured website that loads quickly and works seamlessly on mobile devices reduces bounce rates and increases the likelihood of converting visitors into customers.\"}),(0,e.jsxs)(a.h2,{className:\"content-header\",id:\"measuring-seo-success\",children:[(0,e.jsx)(a.a,{\"aria-hidden\":\"true\",href:\"#measuring-seo-success\",tabIndex:\"-1\",children:(0,e.jsx)(e.Fragment,{children:(0,e.jsx)(a.span,{className:\"content-header-link\",children:(0,e.jsxs)(a.svg,{className:\"h-5 linkicon w-5\",fill:\"currentColor\",viewBox:\"0 0 20 20\",xmlns:\"http://www.w3.org/2000/svg\",children:[(0,e.jsx)(a.path,{d:\"M12.232 4.232a2.5 2.5 0 0 1 3.536 3.536l-1.225 1.224a.75.75 0 0 0 1.061 1.06l1.224-1.224a4 4 0 0 0-5.656-5.656l-3 3a4 4 0 0 0 .225 5.865.75.75 0 0 0 .977-1.138 2.5 2.5 0 0 1-.142-3.667l3-3Z\"}),(0,e.jsx)(a.path,{d:\"M11.603 7.963a.75.75 0 0 0-.977 1.138 2.5 2.5 0 0 1 .142 3.667l-3 3a2.5 2.5 0 0 1-3.536-3.536l1.225-1.224a.75.75 0 0 0-1.061-1.06l-1.224 1.224a4 4 0 1 0 5.656 5.656l3-3a4 4 0 0 0-.225-5.865Z\"})]})})})}),\"Measuring SEO Success\"]}),(0,e.jsx)(a.p,{children:\"Track these key metrics to measure your SEO's impact on sales:\"}),(0,e.jsxs)(a.ul,{children:[(0,e.jsx)(a.li,{children:\"Organic traffic growth\"}),(0,e.jsx)(a.li,{children:\"Conversion rates from organic searches\"}),(0,e.jsx)(a.li,{children:\"Local search visibility\"}),(0,e.jsx)(a.li,{children:\"Time spent on site\"}),(0,e.jsx)(a.li,{children:\"Pages per session\"})]}),(0,e.jsxs)(a.h2,{className:\"content-header\",id:\"long-term-benefits\",children:[(0,e.jsx)(a.a,{\"aria-hidden\":\"true\",href:\"#long-term-benefits\",tabIndex:\"-1\",children:(0,e.jsx)(e.Fragment,{children:(0,e.jsx)(a.span,{className:\"content-header-link\",children:(0,e.jsxs)(a.svg,{className:\"h-5 linkicon w-5\",fill:\"currentColor\",viewBox:\"0 0 20 20\",xmlns:\"http://www.w3.org/2000/svg\",children:[(0,e.jsx)(a.path,{d:\"M12.232 4.232a2.5 2.5 0 0 1 3.536 3.536l-1.225 1.224a.75.75 0 0 0 1.061 1.06l1.224-1.224a4 4 0 0 0-5.656-5.656l-3 3a4 4 0 0 0 .225 5.865.75.75 0 0 0 .977-1.138 2.5 2.5 0 0 1-.142-3.667l3-3Z\"}),(0,e.jsx)(a.path,{d:\"M11.603 7.963a.75.75 0 0 0-.977 1.138 2.5 2.5 0 0 1 .142 3.667l-3 3a2.5 2.5 0 0 1-3.536-3.536l1.225-1.224a.75.75 0 0 0-1.061-1.06l-1.224 1.224a4 4 0 1 0 5.656 5.656l3-3a4 4 0 0 0-.225-5.865Z\"})]})})})}),\"Long-term Benefits\"]}),(0,e.jsx)(a.p,{children:\"Unlike paid advertising, SEO provides sustainable, long-term results. While it requires initial investment and patience, the compound effect of good SEO practices creates a steady stream of qualified leads that can significantly boost your bottom line.\"}),(0,e.jsxs)(a.h2,{className:\"content-header\",id:\"taking-action\",children:[(0,e.jsx)(a.a,{\"aria-hidden\":\"true\",href:\"#taking-action\",tabIndex:\"-1\",children:(0,e.jsx)(e.Fragment,{children:(0,e.jsx)(a.span,{className:\"content-header-link\",children:(0,e.jsxs)(a.svg,{className:\"h-5 linkicon w-5\",fill:\"currentColor\",viewBox:\"0 0 20 20\",xmlns:\"http://www.w3.org/2000/svg\",children:[(0,e.jsx)(a.path,{d:\"M12.232 4.232a2.5 2.5 0 0 1 3.536 3.536l-1.225 1.224a.75.75 0 0 0 1.061 1.06l1.224-1.224a4 4 0 0 0-5.656-5.656l-3 3a4 4 0 0 0 .225 5.865.75.75 0 0 0 .977-1.138 2.5 2.5 0 0 1-.142-3.667l3-3Z\"}),(0,e.jsx)(a.path,{d:\"M11.603 7.963a.75.75 0 0 0-.977 1.138 2.5 2.5 0 0 1 .142 3.667l-3 3a2.5 2.5 0 0 1-3.536-3.536l1.225-1.224a.75.75 0 0 0-1.061-1.06l-1.224 1.224a4 4 0 1 0 5.656 5.656l3-3a4 4 0 0 0-.225-5.865Z\"})]})})})}),\"Taking Action\"]}),(0,e.jsx)(a.p,{children:\"Start by conducting a thorough SEO audit of your website. Identify quick wins and develop a strategic plan that aligns with your sales goals. Remember, SEO is not a one-time effort but a continuous process of optimization and improvement.\"}),(0,e.jsx)(a.p,{children:\"By implementing these SEO strategies, you're not just improving your search rankings\\u2014you're creating a powerful sales channel that works for your business 24/7.\"})]})}function d(t={}){let{wrapper:a}=t.components||{};return a?(0,e.jsx)(a,{...t,children:(0,e.jsx)(h,{...t})}):h(t)}return b(x);})();\n;return Component;"
  },
  "_id": "blog/seo-business-sales.mdx",
  "_raw": {
    "sourceFilePath": "blog/seo-business-sales.mdx",
    "sourceFileName": "seo-business-sales.mdx",
    "sourceFileDir": "blog",
    "contentType": "mdx",
    "flattenedPath": "blog/seo-business-sales"
  },
  "type": "Blog",
  "readingTime": {
    "text": "2 min read",
    "minutes": 1.71,
    "time": 102600,
    "words": 342
  },
  "path": "blog/seo-business-sales",
  "filePath": "blog/seo-business-sales.mdx",
  "toc": [
    {
      "value": "How SEO Can Boost Your Business Sales",
      "url": "#how-seo-can-boost-your-business-sales",
      "depth": 1
    },
    {
      "value": "Why SEO Matters for Sales",
      "url": "#why-seo-matters-for-sales",
      "depth": 2
    },
    {
      "value": "Key SEO Strategies That Drive Sales",
      "url": "#key-seo-strategies-that-drive-sales",
      "depth": 2
    },
    {
      "value": "1. Local SEO Optimization",
      "url": "#1-local-seo-optimization",
      "depth": 3
    },
    {
      "value": "2. Content That Converts",
      "url": "#2-content-that-converts",
      "depth": 3
    },
    {
      "value": "3. Technical SEO Foundation",
      "url": "#3-technical-seo-foundation",
      "depth": 3
    },
    {
      "value": "Measuring SEO Success",
      "url": "#measuring-seo-success",
      "depth": 2
    },
    {
      "value": "Long-term Benefits",
      "url": "#long-term-benefits",
      "depth": 2
    },
    {
      "value": "Taking Action",
      "url": "#taking-action",
      "depth": 2
    }
  ],
  "structuredData": {
    "@context": "https://schema.org",
    "@type": "BlogPosting",
    "headline": "How SEO Can Boost Your Business Sales",
    "datePublished": "2024-01-15T00:00:00.000Z",
    "dateModified": "2024-01-15T00:00:00.000Z",
    "description": "Discover how implementing effective SEO strategies can significantly increase your business visibility and drive more sales through organic traffic.",
    "image": "/static/images/twitter-card.jpg",
    "url": "https://allset-template.vercel.app/blog/seo-business-sales"
  }
}