{
  "title": "Iste nobis eu quis n",
  "date": "1992-01-04T00:00:00.000Z",
  "tags": [
    "Enim dolorum duis si"
  ],
  "draft": true,
  "slug": "Inventore-est-suscip",
  "summary": "Reprehenderit et ut",
  "authors": [
    "Molestias laborum eu"
  ],
  "body": {
    "raw": "Exercitation et odit",
    "code": "var Component=(()=>{var l=Object.create;var r=Object.defineProperty;var p=Object.getOwnPropertyDescriptor;var x=Object.getOwnPropertyNames;var f=Object.getPrototypeOf,_=Object.prototype.hasOwnProperty;var h=(t,e)=>()=>(e||t((e={exports:{}}).exports,e),e.exports),M=(t,e)=>{for(var n in e)r(t,n,{get:e[n],enumerable:!0})},i=(t,e,n,u)=>{if(e&&typeof e==\"object\"||typeof e==\"function\")for(let o of x(e))!_.call(t,o)&&o!==n&&r(t,o,{get:()=>e[o],enumerable:!(u=p(e,o))||u.enumerable});return t};var j=(t,e,n)=>(n=t!=null?l(f(t)):{},i(e||!t||!t.__esModule?r(n,\"default\",{value:t,enumerable:!0}):n,t)),b=t=>i(r({},\"__esModule\",{value:!0}),t);var c=h((D,a)=>{a.exports=_jsx_runtime});var y={};M(y,{default:()=>d,frontmatter:()=>g});var s=j(c()),g={title:\"Iste nobis eu quis n\",date:\"1992-01-04\",slug:\"Inventore est suscip\",tags:[\"Enim dolorum duis si\"],authors:[\"Molestias laborum eu\"],draft:!0,summary:\"Reprehenderit et ut\"};function m(t){let e={p:\"p\",...t.components};return(0,s.jsx)(e.p,{children:\"Exercitation et odit\"})}function d(t={}){let{wrapper:e}=t.components||{};return e?(0,s.jsx)(e,{...t,children:(0,s.jsx)(m,{...t})}):m(t)}return b(y);})();\n;return Component;"
  },
  "_id": "blog/Inventore-est-suscip.mdx",
  "_raw": {
    "sourceFilePath": "blog/Inventore-est-suscip.mdx",
    "sourceFileName": "Inventore-est-suscip.mdx",
    "sourceFileDir": "blog",
    "contentType": "mdx",
    "flattenedPath": "blog/Inventore-est-suscip"
  },
  "type": "Blog",
  "readingTime": {
    "text": "1 min read",
    "minutes": 0.015,
    "time": 900,
    "words": 3
  },
  "path": "blog/Inventore-est-suscip",
  "filePath": "blog/Inventore-est-suscip.mdx",
  "toc": [],
  "structuredData": {
    "@context": "https://schema.org",
    "@type": "BlogPosting",
    "headline": "Iste nobis eu quis n",
    "datePublished": "1992-01-04T00:00:00.000Z",
    "dateModified": "1992-01-04T00:00:00.000Z",
    "description": "Reprehenderit et ut",
    "image": "/static/images/twitter-card.jpg",
    "url": "https://tailwind-nextjs-starter-blog.vercel.app/blog/Inventore-est-suscip"
  }
}