{
  "title": "Lost Dog? 5 Steps to Take Immediately (and How EncuentraPerros Can Help)",
  "date": "2025-05-14T00:00:00.000Z",
  "tags": [
    "lost dog",
    "pet safety",
    "dog search",
    "EncuentraPerros",
    "lost pet"
  ],
  "draft": false,
  "slug": "lost-dog-5-steps-to-take-immediately-and-how-encuentraperros-can-help",
  "summary": "Discover the crucial first steps to take when your dog goes missing and how EncuentraPerros' features like real-time tracking and community alerts can significantly improve your chances of a happy reunion.\n",
  "body": {
    "raw": "\n# Lost Dog? 5 Steps to Take Immediately (and How EncuentraPerros Can Help)\n\\Losing a beloved dog is a nightmare scenario for any pet owner. The panic, the worry, and the feeling of helplessness can be overwhelming. Time is of the essence, and the first few hours after your dog goes missing are crucial for a successful recovery. This blog post will guide you through the five most important steps to take immediately when your dog goes missing, and how EncuentraPerros, with its real-time tracking and community alert features, can be your greatest ally in bringing your furry friend home.\n\n## 1. Immediate Search of the Area\n\nYour immediate reaction should be to start searching the area where you last saw your dog. Dogs often don't go far initially, especially if they're disoriented or scared. \n\n*   **Call Their Name:** Use an upbeat, excited tone, as if you're about to give them a treat. Avoid sounding panicked, as this might scare them further.\n*   **Whistle:** If your dog is trained to respond to a whistle, use it frequently.\n*   **Check Familiar Spots:** Visit places your dog loves, such as the park, a neighbor's yard, or a favorite walking route.\n*   **Ask Around:** Talk to neighbors, walkers, and anyone else in the area. They may have seen your dog.\n\n## 2. Spread the Word: Alert Your Community\n\nOnce you've thoroughly searched the immediate area, it's time to expand your search by alerting your community. This is where EncuentraPerros can be a game-changer.\n\n*   **EncuentraPerros Community Alerts:** Instantly send out alerts to other EncuentraPerros users in your area, providing them with your dog's description, last known location, and your contact information. This creates a network of eyes and ears actively searching for your dog.\n*   **Social Media:** Post on local Facebook groups, Nextdoor, and other social media platforms. Include a clear photo of your dog, the date and time they went missing, the location, and your contact information.\n*   **Lost Pet Posters:** Create eye-catching posters with a large photo of your dog, their name, breed, color, and your contact information. Place these posters in high-traffic areas, such as intersections, community centers, and veterinary clinics.\n\n## 3. Contact Local Shelters and Veterinary Clinics\n\nAnimal shelters and veterinary clinics are often the first places people take found animals. Contact all the shelters and clinics within a reasonable radius of where your dog went missing. Provide them with a description of your dog and your contact information. Visit them in person if possible, as it's easier to identify your dog from a photo than over the phone.\n\n## 4. Leverage Technology: EncuentraPerros' Real-Time Tracking\n\nOne of the most powerful features of EncuentraPerros is its real-time tracking capability. If your dog is wearing an EncuentraPerros tracking device, you can use the app to pinpoint their exact location. This can save valuable time and significantly increase your chances of finding them quickly.\n\n*   **Activate Tracking:** Open the EncuentraPerros app and activate the tracking feature for your dog's device.\n*   **Follow the Signal:** Use the map to follow your dog's movements in real-time.\n*   **Share Location:** If you have friends or family helping with the search, you can share your dog's location with them through the app.\n\nEncuentraPerros' real-time tracking can be especially helpful in situations where your dog is lost in a large or unfamiliar area. It allows you to focus your search efforts and avoid wasting time searching in areas where your dog isn't located.\n\n## 5. Don't Give Up: Persistence is Key\n\nFinding a lost dog can be a challenging and emotional process. It's important to stay positive and persistent. Don't give up hope, even if days or weeks go by without any news.\n\n*   **Continue Searching:** Keep searching the area, especially at dawn and dusk, when dogs are often more active.\n*   **Revisit Shelters and Clinics:** Check in with local shelters and veterinary clinics regularly, as new animals are brought in every day.\n*   **Refresh Your Posts:** Keep your social media posts and posters updated with the latest information.\n*   **Consider a Reward:** Offering a reward can incentivize people to actively search for your dog.\n\n## EncuentraPerros: More Than Just a Tracker\n\nEncuentraPerros offers a suite of features designed to help you find your lost dog quickly and efficiently. Here's a breakdown of some of the key benefits:\n\n| Feature             | Description                                                                                                                               |\n| ------------------- | ----------------------------------------------------------------------------------------------------------------------------------------- |\n| Real-Time Tracking  | Pinpoint your dog's exact location in real-time using GPS technology.                                                                   |\n| Community Alerts     | Instantly notify other EncuentraPerros users in your area about your missing dog.                                                        |\n| Geofencing          | Set up virtual boundaries and receive alerts when your dog leaves a designated area.                                                  |\n| Activity Monitoring | Track your dog's daily activity levels to ensure they're getting enough exercise.                                                        |\n| Lost Pet Database    | Access a database of lost and found pets in your area.                                                                                   |\n\nEncuentraPerros isn't just a tracking device; it's a comprehensive solution for pet safety and peace of mind. Think of it as a digital leash, always keeping you connected to your furry companion.\n\n## Beyond the Basics: Proactive Measures\n\nWhile knowing what to do when your dog goes missing is crucial, taking proactive measures to prevent it from happening in the first place is even better.\n\n*   **Microchipping:** Ensure your dog is microchipped and that your contact information is up-to-date with the microchip registry. This is often the first thing shelters and vets check when they find a lost dog.\n*   **Collar and ID Tag:** Always have your dog wear a collar with an ID tag that includes your name, phone number, and address.\n*   **Training:** Teach your dog basic commands like \"stay,\" \"come,\" and \"leave it.\" A well-trained dog is less likely to wander off.\n*   **Secure Your Yard:** Make sure your fence is secure and that there are no gaps or holes that your dog could escape through.\n*   **Leash Training:** Always use a leash when walking your dog in public areas, especially in unfamiliar environments.\n\n## Internal Linking Opportunities\n\nConsider checking out these other helpful articles on our site:\n\n*   For tips on finding the best hiking trails for you and your dog, see \\\"[How to Find the Best Hiking Trails Near You: A Beginner's Guide](how-to-find-the-best-hiking-trails-near-you-a-beginners-guide).\\\" It explores leveraging AI for personalized recommendations, which is especially useful if your dog goes missing on a hike.\n*   If you're a business owner, you might be interested in \\\"[How SEO Can Boost Your Business Sales](seo-business-sales).\\\" It explains how increased visibility can not only help your business but also increase the chances of someone finding your lost dog.\n\n## External Resources\n\n*   **The American Society for the Prevention of Cruelty to Animals (ASPCA):** [https://www.aspca.org/](https://www.aspca.org/)\n*   **Pet FBI (Found Bureau, Inc.):** [https://petfbi.org/](https://petfbi.org/)\n*   **Lost Dogs of America:** [https://www.lostdogsofamerica.org/](https://www.lostdogsofamerica.org/)\n\n## Conclusion: Reunite with Your Furry Friend\n\nLosing a dog is a traumatic experience, but by taking swift action and utilizing the resources available to you, you can significantly increase your chances of a happy reunion. Remember to search the area immediately, alert your community, contact local shelters and veterinary clinics, leverage technology like EncuentraPerros, and never give up hope. With persistence and the right tools, you can bring your furry friend back home. Download the EncuentraPerros app today and give yourself the best chance of finding your lost dog. Don't wait until it's too late – be prepared!",
    "code": "var Component=(()=>{var u=Object.create;var t=Object.defineProperty;var g=Object.getOwnPropertyDescriptor;var p=Object.getOwnPropertyNames;var m=Object.getPrototypeOf,y=Object.prototype.hasOwnProperty;var f=(n,a)=>()=>(a||n((a={exports:{}}).exports,a),a.exports),w=(n,a)=>{for(var r in a)t(n,r,{get:a[r],enumerable:!0})},l=(n,a,r,o)=>{if(a&&typeof a==\"object\"||typeof a==\"function\")for(let i of p(a))!y.call(n,i)&&i!==r&&t(n,i,{get:()=>a[i],enumerable:!(o=g(a,i))||o.enumerable});return n};var v=(n,a,r)=>(r=n!=null?u(m(n)):{},l(a||!n||!n.__esModule?t(r,\"default\",{value:n,enumerable:!0}):r,n)),k=n=>l(t({},\"__esModule\",{value:!0}),n);var c=f((C,s)=>{s.exports=_jsx_runtime});var x={};w(x,{default:()=>d,frontmatter:()=>b});var e=v(c()),b={title:\"Lost Dog? 5 Steps to Take Immediately (and How EncuentraPerros Can Help)\",date:\"2025-05-14\",slug:\"lost-dog-5-steps-to-take-immediately-and-how-encuentraperros-can-help\",tags:[\"lost dog\",\"pet safety\",\"dog search\",\"EncuentraPerros\",\"lost pet\"],draft:!1,summary:`Discover the crucial first steps to take when your dog goes missing and how EncuentraPerros' features like real-time tracking and community alerts can significantly improve your chances of a happy reunion.\n`};function h(n){let a={a:\"a\",h1:\"h1\",h2:\"h2\",li:\"li\",p:\"p\",path:\"path\",span:\"span\",strong:\"strong\",svg:\"svg\",table:\"table\",tbody:\"tbody\",td:\"td\",th:\"th\",thead:\"thead\",tr:\"tr\",ul:\"ul\",...n.components};return(0,e.jsxs)(e.Fragment,{children:[(0,e.jsxs)(a.h1,{className:\"content-header\",id:\"lost-dog-5-steps-to-take-immediately-and-how-encuentraperros-can-help\",children:[(0,e.jsx)(a.a,{href:\"#lost-dog-5-steps-to-take-immediately-and-how-encuentraperros-can-help\",\"aria-hidden\":\"true\",tabIndex:\"-1\",children:(0,e.jsx)(e.Fragment,{children:(0,e.jsx)(a.span,{className:\"content-header-link\",children:(0,e.jsxs)(a.svg,{className:\"h-5 linkicon w-5\",fill:\"currentColor\",viewBox:\"0 0 20 20\",xmlns:\"http://www.w3.org/2000/svg\",children:[(0,e.jsx)(a.path,{d:\"M12.232 4.232a2.5 2.5 0 0 1 3.536 3.536l-1.225 1.224a.75.75 0 0 0 1.061 1.06l1.224-1.224a4 4 0 0 0-5.656-5.656l-3 3a4 4 0 0 0 .225 5.865.75.75 0 0 0 .977-1.138 2.5 2.5 0 0 1-.142-3.667l3-3Z\"}),(0,e.jsx)(a.path,{d:\"M11.603 7.963a.75.75 0 0 0-.977 1.138 2.5 2.5 0 0 1 .142 3.667l-3 3a2.5 2.5 0 0 1-3.536-3.536l1.225-1.224a.75.75 0 0 0-1.061-1.06l-1.224 1.224a4 4 0 1 0 5.656 5.656l3-3a4 4 0 0 0-.225-5.865Z\"})]})})})}),\"Lost Dog? 5 Steps to Take Immediately (and How EncuentraPerros Can Help)\"]}),(0,e.jsx)(a.p,{children:\"\\\\Losing a beloved dog is a nightmare scenario for any pet owner. The panic, the worry, and the feeling of helplessness can be overwhelming. Time is of the essence, and the first few hours after your dog goes missing are crucial for a successful recovery. This blog post will guide you through the five most important steps to take immediately when your dog goes missing, and how EncuentraPerros, with its real-time tracking and community alert features, can be your greatest ally in bringing your furry friend home.\"}),(0,e.jsxs)(a.h2,{className:\"content-header\",id:\"1-immediate-search-of-the-area\",children:[(0,e.jsx)(a.a,{href:\"#1-immediate-search-of-the-area\",\"aria-hidden\":\"true\",tabIndex:\"-1\",children:(0,e.jsx)(e.Fragment,{children:(0,e.jsx)(a.span,{className:\"content-header-link\",children:(0,e.jsxs)(a.svg,{className:\"h-5 linkicon w-5\",fill:\"currentColor\",viewBox:\"0 0 20 20\",xmlns:\"http://www.w3.org/2000/svg\",children:[(0,e.jsx)(a.path,{d:\"M12.232 4.232a2.5 2.5 0 0 1 3.536 3.536l-1.225 1.224a.75.75 0 0 0 1.061 1.06l1.224-1.224a4 4 0 0 0-5.656-5.656l-3 3a4 4 0 0 0 .225 5.865.75.75 0 0 0 .977-1.138 2.5 2.5 0 0 1-.142-3.667l3-3Z\"}),(0,e.jsx)(a.path,{d:\"M11.603 7.963a.75.75 0 0 0-.977 1.138 2.5 2.5 0 0 1 .142 3.667l-3 3a2.5 2.5 0 0 1-3.536-3.536l1.225-1.224a.75.75 0 0 0-1.061-1.06l-1.224 1.224a4 4 0 1 0 5.656 5.656l3-3a4 4 0 0 0-.225-5.865Z\"})]})})})}),\"1. Immediate Search of the Area\"]}),(0,e.jsx)(a.p,{children:\"Your immediate reaction should be to start searching the area where you last saw your dog. Dogs often don't go far initially, especially if they're disoriented or scared.\"}),(0,e.jsxs)(a.ul,{children:[(0,e.jsxs)(a.li,{children:[(0,e.jsx)(a.strong,{children:\"Call Their Name:\"}),\" Use an upbeat, excited tone, as if you're about to give them a treat. Avoid sounding panicked, as this might scare them further.\"]}),(0,e.jsxs)(a.li,{children:[(0,e.jsx)(a.strong,{children:\"Whistle:\"}),\" If your dog is trained to respond to a whistle, use it frequently.\"]}),(0,e.jsxs)(a.li,{children:[(0,e.jsx)(a.strong,{children:\"Check Familiar Spots:\"}),\" Visit places your dog loves, such as the park, a neighbor's yard, or a favorite walking route.\"]}),(0,e.jsxs)(a.li,{children:[(0,e.jsx)(a.strong,{children:\"Ask Around:\"}),\" Talk to neighbors, walkers, and anyone else in the area. They may have seen your dog.\"]})]}),(0,e.jsxs)(a.h2,{className:\"content-header\",id:\"2-spread-the-word-alert-your-community\",children:[(0,e.jsx)(a.a,{href:\"#2-spread-the-word-alert-your-community\",\"aria-hidden\":\"true\",tabIndex:\"-1\",children:(0,e.jsx)(e.Fragment,{children:(0,e.jsx)(a.span,{className:\"content-header-link\",children:(0,e.jsxs)(a.svg,{className:\"h-5 linkicon w-5\",fill:\"currentColor\",viewBox:\"0 0 20 20\",xmlns:\"http://www.w3.org/2000/svg\",children:[(0,e.jsx)(a.path,{d:\"M12.232 4.232a2.5 2.5 0 0 1 3.536 3.536l-1.225 1.224a.75.75 0 0 0 1.061 1.06l1.224-1.224a4 4 0 0 0-5.656-5.656l-3 3a4 4 0 0 0 .225 5.865.75.75 0 0 0 .977-1.138 2.5 2.5 0 0 1-.142-3.667l3-3Z\"}),(0,e.jsx)(a.path,{d:\"M11.603 7.963a.75.75 0 0 0-.977 1.138 2.5 2.5 0 0 1 .142 3.667l-3 3a2.5 2.5 0 0 1-3.536-3.536l1.225-1.224a.75.75 0 0 0-1.061-1.06l-1.224 1.224a4 4 0 1 0 5.656 5.656l3-3a4 4 0 0 0-.225-5.865Z\"})]})})})}),\"2. Spread the Word: Alert Your Community\"]}),(0,e.jsx)(a.p,{children:\"Once you've thoroughly searched the immediate area, it's time to expand your search by alerting your community. This is where EncuentraPerros can be a game-changer.\"}),(0,e.jsxs)(a.ul,{children:[(0,e.jsxs)(a.li,{children:[(0,e.jsx)(a.strong,{children:\"EncuentraPerros Community Alerts:\"}),\" Instantly send out alerts to other EncuentraPerros users in your area, providing them with your dog's description, last known location, and your contact information. This creates a network of eyes and ears actively searching for your dog.\"]}),(0,e.jsxs)(a.li,{children:[(0,e.jsx)(a.strong,{children:\"Social Media:\"}),\" Post on local Facebook groups, Nextdoor, and other social media platforms. Include a clear photo of your dog, the date and time they went missing, the location, and your contact information.\"]}),(0,e.jsxs)(a.li,{children:[(0,e.jsx)(a.strong,{children:\"Lost Pet Posters:\"}),\" Create eye-catching posters with a large photo of your dog, their name, breed, color, and your contact information. Place these posters in high-traffic areas, such as intersections, community centers, and veterinary clinics.\"]})]}),(0,e.jsxs)(a.h2,{className:\"content-header\",id:\"3-contact-local-shelters-and-veterinary-clinics\",children:[(0,e.jsx)(a.a,{href:\"#3-contact-local-shelters-and-veterinary-clinics\",\"aria-hidden\":\"true\",tabIndex:\"-1\",children:(0,e.jsx)(e.Fragment,{children:(0,e.jsx)(a.span,{className:\"content-header-link\",children:(0,e.jsxs)(a.svg,{className:\"h-5 linkicon w-5\",fill:\"currentColor\",viewBox:\"0 0 20 20\",xmlns:\"http://www.w3.org/2000/svg\",children:[(0,e.jsx)(a.path,{d:\"M12.232 4.232a2.5 2.5 0 0 1 3.536 3.536l-1.225 1.224a.75.75 0 0 0 1.061 1.06l1.224-1.224a4 4 0 0 0-5.656-5.656l-3 3a4 4 0 0 0 .225 5.865.75.75 0 0 0 .977-1.138 2.5 2.5 0 0 1-.142-3.667l3-3Z\"}),(0,e.jsx)(a.path,{d:\"M11.603 7.963a.75.75 0 0 0-.977 1.138 2.5 2.5 0 0 1 .142 3.667l-3 3a2.5 2.5 0 0 1-3.536-3.536l1.225-1.224a.75.75 0 0 0-1.061-1.06l-1.224 1.224a4 4 0 1 0 5.656 5.656l3-3a4 4 0 0 0-.225-5.865Z\"})]})})})}),\"3. Contact Local Shelters and Veterinary Clinics\"]}),(0,e.jsx)(a.p,{children:\"Animal shelters and veterinary clinics are often the first places people take found animals. Contact all the shelters and clinics within a reasonable radius of where your dog went missing. Provide them with a description of your dog and your contact information. Visit them in person if possible, as it's easier to identify your dog from a photo than over the phone.\"}),(0,e.jsxs)(a.h2,{className:\"content-header\",id:\"4-leverage-technology-encuentraperros-real-time-tracking\",children:[(0,e.jsx)(a.a,{href:\"#4-leverage-technology-encuentraperros-real-time-tracking\",\"aria-hidden\":\"true\",tabIndex:\"-1\",children:(0,e.jsx)(e.Fragment,{children:(0,e.jsx)(a.span,{className:\"content-header-link\",children:(0,e.jsxs)(a.svg,{className:\"h-5 linkicon w-5\",fill:\"currentColor\",viewBox:\"0 0 20 20\",xmlns:\"http://www.w3.org/2000/svg\",children:[(0,e.jsx)(a.path,{d:\"M12.232 4.232a2.5 2.5 0 0 1 3.536 3.536l-1.225 1.224a.75.75 0 0 0 1.061 1.06l1.224-1.224a4 4 0 0 0-5.656-5.656l-3 3a4 4 0 0 0 .225 5.865.75.75 0 0 0 .977-1.138 2.5 2.5 0 0 1-.142-3.667l3-3Z\"}),(0,e.jsx)(a.path,{d:\"M11.603 7.963a.75.75 0 0 0-.977 1.138 2.5 2.5 0 0 1 .142 3.667l-3 3a2.5 2.5 0 0 1-3.536-3.536l1.225-1.224a.75.75 0 0 0-1.061-1.06l-1.224 1.224a4 4 0 1 0 5.656 5.656l3-3a4 4 0 0 0-.225-5.865Z\"})]})})})}),\"4. Leverage Technology: EncuentraPerros' Real-Time Tracking\"]}),(0,e.jsx)(a.p,{children:\"One of the most powerful features of EncuentraPerros is its real-time tracking capability. If your dog is wearing an EncuentraPerros tracking device, you can use the app to pinpoint their exact location. This can save valuable time and significantly increase your chances of finding them quickly.\"}),(0,e.jsxs)(a.ul,{children:[(0,e.jsxs)(a.li,{children:[(0,e.jsx)(a.strong,{children:\"Activate Tracking:\"}),\" Open the EncuentraPerros app and activate the tracking feature for your dog's device.\"]}),(0,e.jsxs)(a.li,{children:[(0,e.jsx)(a.strong,{children:\"Follow the Signal:\"}),\" Use the map to follow your dog's movements in real-time.\"]}),(0,e.jsxs)(a.li,{children:[(0,e.jsx)(a.strong,{children:\"Share Location:\"}),\" If you have friends or family helping with the search, you can share your dog's location with them through the app.\"]})]}),(0,e.jsx)(a.p,{children:\"EncuentraPerros' real-time tracking can be especially helpful in situations where your dog is lost in a large or unfamiliar area. It allows you to focus your search efforts and avoid wasting time searching in areas where your dog isn't located.\"}),(0,e.jsxs)(a.h2,{className:\"content-header\",id:\"5-dont-give-up-persistence-is-key\",children:[(0,e.jsx)(a.a,{href:\"#5-dont-give-up-persistence-is-key\",\"aria-hidden\":\"true\",tabIndex:\"-1\",children:(0,e.jsx)(e.Fragment,{children:(0,e.jsx)(a.span,{className:\"content-header-link\",children:(0,e.jsxs)(a.svg,{className:\"h-5 linkicon w-5\",fill:\"currentColor\",viewBox:\"0 0 20 20\",xmlns:\"http://www.w3.org/2000/svg\",children:[(0,e.jsx)(a.path,{d:\"M12.232 4.232a2.5 2.5 0 0 1 3.536 3.536l-1.225 1.224a.75.75 0 0 0 1.061 1.06l1.224-1.224a4 4 0 0 0-5.656-5.656l-3 3a4 4 0 0 0 .225 5.865.75.75 0 0 0 .977-1.138 2.5 2.5 0 0 1-.142-3.667l3-3Z\"}),(0,e.jsx)(a.path,{d:\"M11.603 7.963a.75.75 0 0 0-.977 1.138 2.5 2.5 0 0 1 .142 3.667l-3 3a2.5 2.5 0 0 1-3.536-3.536l1.225-1.224a.75.75 0 0 0-1.061-1.06l-1.224 1.224a4 4 0 1 0 5.656 5.656l3-3a4 4 0 0 0-.225-5.865Z\"})]})})})}),\"5. Don't Give Up: Persistence is Key\"]}),(0,e.jsx)(a.p,{children:\"Finding a lost dog can be a challenging and emotional process. It's important to stay positive and persistent. Don't give up hope, even if days or weeks go by without any news.\"}),(0,e.jsxs)(a.ul,{children:[(0,e.jsxs)(a.li,{children:[(0,e.jsx)(a.strong,{children:\"Continue Searching:\"}),\" Keep searching the area, especially at dawn and dusk, when dogs are often more active.\"]}),(0,e.jsxs)(a.li,{children:[(0,e.jsx)(a.strong,{children:\"Revisit Shelters and Clinics:\"}),\" Check in with local shelters and veterinary clinics regularly, as new animals are brought in every day.\"]}),(0,e.jsxs)(a.li,{children:[(0,e.jsx)(a.strong,{children:\"Refresh Your Posts:\"}),\" Keep your social media posts and posters updated with the latest information.\"]}),(0,e.jsxs)(a.li,{children:[(0,e.jsx)(a.strong,{children:\"Consider a Reward:\"}),\" Offering a reward can incentivize people to actively search for your dog.\"]})]}),(0,e.jsxs)(a.h2,{className:\"content-header\",id:\"encuentraperros-more-than-just-a-tracker\",children:[(0,e.jsx)(a.a,{href:\"#encuentraperros-more-than-just-a-tracker\",\"aria-hidden\":\"true\",tabIndex:\"-1\",children:(0,e.jsx)(e.Fragment,{children:(0,e.jsx)(a.span,{className:\"content-header-link\",children:(0,e.jsxs)(a.svg,{className:\"h-5 linkicon w-5\",fill:\"currentColor\",viewBox:\"0 0 20 20\",xmlns:\"http://www.w3.org/2000/svg\",children:[(0,e.jsx)(a.path,{d:\"M12.232 4.232a2.5 2.5 0 0 1 3.536 3.536l-1.225 1.224a.75.75 0 0 0 1.061 1.06l1.224-1.224a4 4 0 0 0-5.656-5.656l-3 3a4 4 0 0 0 .225 5.865.75.75 0 0 0 .977-1.138 2.5 2.5 0 0 1-.142-3.667l3-3Z\"}),(0,e.jsx)(a.path,{d:\"M11.603 7.963a.75.75 0 0 0-.977 1.138 2.5 2.5 0 0 1 .142 3.667l-3 3a2.5 2.5 0 0 1-3.536-3.536l1.225-1.224a.75.75 0 0 0-1.061-1.06l-1.224 1.224a4 4 0 1 0 5.656 5.656l3-3a4 4 0 0 0-.225-5.865Z\"})]})})})}),\"EncuentraPerros: More Than Just a Tracker\"]}),(0,e.jsx)(a.p,{children:\"EncuentraPerros offers a suite of features designed to help you find your lost dog quickly and efficiently. Here's a breakdown of some of the key benefits:\"}),(0,e.jsxs)(a.table,{children:[(0,e.jsx)(a.thead,{children:(0,e.jsxs)(a.tr,{children:[(0,e.jsx)(a.th,{children:\"Feature\"}),(0,e.jsx)(a.th,{children:\"Description\"})]})}),(0,e.jsxs)(a.tbody,{children:[(0,e.jsxs)(a.tr,{children:[(0,e.jsx)(a.td,{children:\"Real-Time Tracking\"}),(0,e.jsx)(a.td,{children:\"Pinpoint your dog's exact location in real-time using GPS technology.\"})]}),(0,e.jsxs)(a.tr,{children:[(0,e.jsx)(a.td,{children:\"Community Alerts\"}),(0,e.jsx)(a.td,{children:\"Instantly notify other EncuentraPerros users in your area about your missing dog.\"})]}),(0,e.jsxs)(a.tr,{children:[(0,e.jsx)(a.td,{children:\"Geofencing\"}),(0,e.jsx)(a.td,{children:\"Set up virtual boundaries and receive alerts when your dog leaves a designated area.\"})]}),(0,e.jsxs)(a.tr,{children:[(0,e.jsx)(a.td,{children:\"Activity Monitoring\"}),(0,e.jsx)(a.td,{children:\"Track your dog's daily activity levels to ensure they're getting enough exercise.\"})]}),(0,e.jsxs)(a.tr,{children:[(0,e.jsx)(a.td,{children:\"Lost Pet Database\"}),(0,e.jsx)(a.td,{children:\"Access a database of lost and found pets in your area.\"})]})]})]}),(0,e.jsx)(a.p,{children:\"EncuentraPerros isn't just a tracking device; it's a comprehensive solution for pet safety and peace of mind. Think of it as a digital leash, always keeping you connected to your furry companion.\"}),(0,e.jsxs)(a.h2,{className:\"content-header\",id:\"beyond-the-basics-proactive-measures\",children:[(0,e.jsx)(a.a,{href:\"#beyond-the-basics-proactive-measures\",\"aria-hidden\":\"true\",tabIndex:\"-1\",children:(0,e.jsx)(e.Fragment,{children:(0,e.jsx)(a.span,{className:\"content-header-link\",children:(0,e.jsxs)(a.svg,{className:\"h-5 linkicon w-5\",fill:\"currentColor\",viewBox:\"0 0 20 20\",xmlns:\"http://www.w3.org/2000/svg\",children:[(0,e.jsx)(a.path,{d:\"M12.232 4.232a2.5 2.5 0 0 1 3.536 3.536l-1.225 1.224a.75.75 0 0 0 1.061 1.06l1.224-1.224a4 4 0 0 0-5.656-5.656l-3 3a4 4 0 0 0 .225 5.865.75.75 0 0 0 .977-1.138 2.5 2.5 0 0 1-.142-3.667l3-3Z\"}),(0,e.jsx)(a.path,{d:\"M11.603 7.963a.75.75 0 0 0-.977 1.138 2.5 2.5 0 0 1 .142 3.667l-3 3a2.5 2.5 0 0 1-3.536-3.536l1.225-1.224a.75.75 0 0 0-1.061-1.06l-1.224 1.224a4 4 0 1 0 5.656 5.656l3-3a4 4 0 0 0-.225-5.865Z\"})]})})})}),\"Beyond the Basics: Proactive Measures\"]}),(0,e.jsx)(a.p,{children:\"While knowing what to do when your dog goes missing is crucial, taking proactive measures to prevent it from happening in the first place is even better.\"}),(0,e.jsxs)(a.ul,{children:[(0,e.jsxs)(a.li,{children:[(0,e.jsx)(a.strong,{children:\"Microchipping:\"}),\" Ensure your dog is microchipped and that your contact information is up-to-date with the microchip registry. This is often the first thing shelters and vets check when they find a lost dog.\"]}),(0,e.jsxs)(a.li,{children:[(0,e.jsx)(a.strong,{children:\"Collar and ID Tag:\"}),\" Always have your dog wear a collar with an ID tag that includes your name, phone number, and address.\"]}),(0,e.jsxs)(a.li,{children:[(0,e.jsx)(a.strong,{children:\"Training:\"}),' Teach your dog basic commands like \"stay,\" \"come,\" and \"leave it.\" A well-trained dog is less likely to wander off.']}),(0,e.jsxs)(a.li,{children:[(0,e.jsx)(a.strong,{children:\"Secure Your Yard:\"}),\" Make sure your fence is secure and that there are no gaps or holes that your dog could escape through.\"]}),(0,e.jsxs)(a.li,{children:[(0,e.jsx)(a.strong,{children:\"Leash Training:\"}),\" Always use a leash when walking your dog in public areas, especially in unfamiliar environments.\"]})]}),(0,e.jsxs)(a.h2,{className:\"content-header\",id:\"internal-linking-opportunities\",children:[(0,e.jsx)(a.a,{href:\"#internal-linking-opportunities\",\"aria-hidden\":\"true\",tabIndex:\"-1\",children:(0,e.jsx)(e.Fragment,{children:(0,e.jsx)(a.span,{className:\"content-header-link\",children:(0,e.jsxs)(a.svg,{className:\"h-5 linkicon w-5\",fill:\"currentColor\",viewBox:\"0 0 20 20\",xmlns:\"http://www.w3.org/2000/svg\",children:[(0,e.jsx)(a.path,{d:\"M12.232 4.232a2.5 2.5 0 0 1 3.536 3.536l-1.225 1.224a.75.75 0 0 0 1.061 1.06l1.224-1.224a4 4 0 0 0-5.656-5.656l-3 3a4 4 0 0 0 .225 5.865.75.75 0 0 0 .977-1.138 2.5 2.5 0 0 1-.142-3.667l3-3Z\"}),(0,e.jsx)(a.path,{d:\"M11.603 7.963a.75.75 0 0 0-.977 1.138 2.5 2.5 0 0 1 .142 3.667l-3 3a2.5 2.5 0 0 1-3.536-3.536l1.225-1.224a.75.75 0 0 0-1.061-1.06l-1.224 1.224a4 4 0 1 0 5.656 5.656l3-3a4 4 0 0 0-.225-5.865Z\"})]})})})}),\"Internal Linking Opportunities\"]}),(0,e.jsx)(a.p,{children:\"Consider checking out these other helpful articles on our site:\"}),(0,e.jsxs)(a.ul,{children:[(0,e.jsxs)(a.li,{children:['For tips on finding the best hiking trails for you and your dog, see \"',(0,e.jsx)(a.a,{href:\"how-to-find-the-best-hiking-trails-near-you-a-beginners-guide\",children:\"How to Find the Best Hiking Trails Near You: A Beginner's Guide\"}),'.\" It explores leveraging AI for personalized recommendations, which is especially useful if your dog goes missing on a hike.']}),(0,e.jsxs)(a.li,{children:[`If you're a business owner, you might be interested in \"`,(0,e.jsx)(a.a,{href:\"seo-business-sales\",children:\"How SEO Can Boost Your Business Sales\"}),'.\" It explains how increased visibility can not only help your business but also increase the chances of someone finding your lost dog.']})]}),(0,e.jsxs)(a.h2,{className:\"content-header\",id:\"external-resources\",children:[(0,e.jsx)(a.a,{href:\"#external-resources\",\"aria-hidden\":\"true\",tabIndex:\"-1\",children:(0,e.jsx)(e.Fragment,{children:(0,e.jsx)(a.span,{className:\"content-header-link\",children:(0,e.jsxs)(a.svg,{className:\"h-5 linkicon w-5\",fill:\"currentColor\",viewBox:\"0 0 20 20\",xmlns:\"http://www.w3.org/2000/svg\",children:[(0,e.jsx)(a.path,{d:\"M12.232 4.232a2.5 2.5 0 0 1 3.536 3.536l-1.225 1.224a.75.75 0 0 0 1.061 1.06l1.224-1.224a4 4 0 0 0-5.656-5.656l-3 3a4 4 0 0 0 .225 5.865.75.75 0 0 0 .977-1.138 2.5 2.5 0 0 1-.142-3.667l3-3Z\"}),(0,e.jsx)(a.path,{d:\"M11.603 7.963a.75.75 0 0 0-.977 1.138 2.5 2.5 0 0 1 .142 3.667l-3 3a2.5 2.5 0 0 1-3.536-3.536l1.225-1.224a.75.75 0 0 0-1.061-1.06l-1.224 1.224a4 4 0 1 0 5.656 5.656l3-3a4 4 0 0 0-.225-5.865Z\"})]})})})}),\"External Resources\"]}),(0,e.jsxs)(a.ul,{children:[(0,e.jsxs)(a.li,{children:[(0,e.jsx)(a.strong,{children:\"The American Society for the Prevention of Cruelty to Animals (ASPCA):\"}),\" \",(0,e.jsx)(a.a,{href:\"https://www.aspca.org/\",children:\"https://www.aspca.org/\"})]}),(0,e.jsxs)(a.li,{children:[(0,e.jsx)(a.strong,{children:\"Pet FBI (Found Bureau, Inc.):\"}),\" \",(0,e.jsx)(a.a,{href:\"https://petfbi.org/\",children:\"https://petfbi.org/\"})]}),(0,e.jsxs)(a.li,{children:[(0,e.jsx)(a.strong,{children:\"Lost Dogs of America:\"}),\" \",(0,e.jsx)(a.a,{href:\"https://www.lostdogsofamerica.org/\",children:\"https://www.lostdogsofamerica.org/\"})]})]}),(0,e.jsxs)(a.h2,{className:\"content-header\",id:\"conclusion-reunite-with-your-furry-friend\",children:[(0,e.jsx)(a.a,{href:\"#conclusion-reunite-with-your-furry-friend\",\"aria-hidden\":\"true\",tabIndex:\"-1\",children:(0,e.jsx)(e.Fragment,{children:(0,e.jsx)(a.span,{className:\"content-header-link\",children:(0,e.jsxs)(a.svg,{className:\"h-5 linkicon w-5\",fill:\"currentColor\",viewBox:\"0 0 20 20\",xmlns:\"http://www.w3.org/2000/svg\",children:[(0,e.jsx)(a.path,{d:\"M12.232 4.232a2.5 2.5 0 0 1 3.536 3.536l-1.225 1.224a.75.75 0 0 0 1.061 1.06l1.224-1.224a4 4 0 0 0-5.656-5.656l-3 3a4 4 0 0 0 .225 5.865.75.75 0 0 0 .977-1.138 2.5 2.5 0 0 1-.142-3.667l3-3Z\"}),(0,e.jsx)(a.path,{d:\"M11.603 7.963a.75.75 0 0 0-.977 1.138 2.5 2.5 0 0 1 .142 3.667l-3 3a2.5 2.5 0 0 1-3.536-3.536l1.225-1.224a.75.75 0 0 0-1.061-1.06l-1.224 1.224a4 4 0 1 0 5.656 5.656l3-3a4 4 0 0 0-.225-5.865Z\"})]})})})}),\"Conclusion: Reunite with Your Furry Friend\"]}),(0,e.jsx)(a.p,{children:\"Losing a dog is a traumatic experience, but by taking swift action and utilizing the resources available to you, you can significantly increase your chances of a happy reunion. Remember to search the area immediately, alert your community, contact local shelters and veterinary clinics, leverage technology like EncuentraPerros, and never give up hope. With persistence and the right tools, you can bring your furry friend back home. Download the EncuentraPerros app today and give yourself the best chance of finding your lost dog. Don't wait until it's too late \\u2013 be prepared!\"})]})}function d(n={}){let{wrapper:a}=n.components||{};return a?(0,e.jsx)(a,{...n,children:(0,e.jsx)(h,{...n})}):h(n)}return k(x);})();\n;return Component;"
  },
  "_id": "blog/lost-dog-5-steps-to-take-immediately-and-how-encuentraperros-can-help.mdx",
  "_raw": {
    "sourceFilePath": "blog/lost-dog-5-steps-to-take-immediately-and-how-encuentraperros-can-help.mdx",
    "sourceFileName": "lost-dog-5-steps-to-take-immediately-and-how-encuentraperros-can-help.mdx",
    "sourceFileDir": "blog",
    "contentType": "mdx",
    "flattenedPath": "blog/lost-dog-5-steps-to-take-immediately-and-how-encuentraperros-can-help"
  },
  "type": "Blog",
  "readingTime": {
    "text": "7 min read",
    "minutes": 6.16,
    "time": 369600,
    "words": 1232
  },
  "path": "blog/lost-dog-5-steps-to-take-immediately-and-how-encuentraperros-can-help",
  "filePath": "blog/lost-dog-5-steps-to-take-immediately-and-how-encuentraperros-can-help.mdx",
  "toc": [
    {
      "value": "Lost Dog? 5 Steps to Take Immediately (and How EncuentraPerros Can Help)",
      "url": "#lost-dog-5-steps-to-take-immediately-and-how-encuentraperros-can-help",
      "depth": 1
    },
    {
      "value": "1. Immediate Search of the Area",
      "url": "#1-immediate-search-of-the-area",
      "depth": 2
    },
    {
      "value": "2. Spread the Word: Alert Your Community",
      "url": "#2-spread-the-word-alert-your-community",
      "depth": 2
    },
    {
      "value": "3. Contact Local Shelters and Veterinary Clinics",
      "url": "#3-contact-local-shelters-and-veterinary-clinics",
      "depth": 2
    },
    {
      "value": "4. Leverage Technology: EncuentraPerros' Real-Time Tracking",
      "url": "#4-leverage-technology-encuentraperros-real-time-tracking",
      "depth": 2
    },
    {
      "value": "5. Don't Give Up: Persistence is Key",
      "url": "#5-dont-give-up-persistence-is-key",
      "depth": 2
    },
    {
      "value": "EncuentraPerros: More Than Just a Tracker",
      "url": "#encuentraperros-more-than-just-a-tracker",
      "depth": 2
    },
    {
      "value": "Beyond the Basics: Proactive Measures",
      "url": "#beyond-the-basics-proactive-measures",
      "depth": 2
    },
    {
      "value": "Internal Linking Opportunities",
      "url": "#internal-linking-opportunities",
      "depth": 2
    },
    {
      "value": "External Resources",
      "url": "#external-resources",
      "depth": 2
    },
    {
      "value": "Conclusion: Reunite with Your Furry Friend",
      "url": "#conclusion-reunite-with-your-furry-friend",
      "depth": 2
    }
  ],
  "structuredData": {
    "@context": "https://schema.org",
    "@type": "BlogPosting",
    "headline": "Lost Dog? 5 Steps to Take Immediately (and How EncuentraPerros Can Help)",
    "datePublished": "2025-05-14T00:00:00.000Z",
    "dateModified": "2025-05-14T00:00:00.000Z",
    "description": "Discover the crucial first steps to take when your dog goes missing and how EncuentraPerros' features like real-time tracking and community alerts can significantly improve your chances of a happy reunion.\n",
    "image": "/static/images/twitter-card.jpg",
    "url": "https://allset-template.vercel.app/blog/lost-dog-5-steps-to-take-immediately-and-how-encuentraperros-can-help"
  }
}