{
  "title": "Distinctio Similiqu",
  "date": "2007-10-31T00:00:00.000Z",
  "tags": [
    "A nihil deserunt exe"
  ],
  "slug": "Vel-est-deserunt-iu",
  "summary": "Voluptatem maiores l",
  "authors": [
    "Dignissimos dolorum"
  ],
  "body": {
    "raw": "Aut porro ut in eos",
    "code": "var Component=(()=>{var d=Object.create;var r=Object.defineProperty;var p=Object.getOwnPropertyDescriptor;var x=Object.getOwnPropertyNames;var f=Object.getPrototypeOf,_=Object.prototype.hasOwnProperty;var h=(t,e)=>()=>(e||t((e={exports:{}}).exports,e),e.exports),D=(t,e)=>{for(var n in e)r(t,n,{get:e[n],enumerable:!0})},u=(t,e,n,s)=>{if(e&&typeof e==\"object\"||typeof e==\"function\")for(let o of x(e))!_.call(t,o)&&o!==n&&r(t,o,{get:()=>e[o],enumerable:!(s=p(e,o))||s.enumerable});return t};var g=(t,e,n)=>(n=t!=null?d(f(t)):{},u(e||!t||!t.__esModule?r(n,\"default\",{value:t,enumerable:!0}):n,t)),j=t=>u(r({},\"__esModule\",{value:!0}),t);var a=h((C,m)=>{m.exports=_jsx_runtime});var y={};D(y,{default:()=>l,frontmatter:()=>M});var i=g(a()),M={title:\"Distinctio Similiqu\",date:\"2007-10-31\",slug:\"Vel est deserunt iu\",tags:[\"A nihil deserunt exe\"],authors:[\"Dignissimos dolorum\"],summary:\"Voluptatem maiores l\"};function c(t){let e={p:\"p\",...t.components};return(0,i.jsx)(e.p,{children:\"Aut porro ut in eos\"})}function l(t={}){let{wrapper:e}=t.components||{};return e?(0,i.jsx)(e,{...t,children:(0,i.jsx)(c,{...t})}):c(t)}return j(y);})();\n;return Component;"
  },
  "_id": "blog/Vel-est-deserunt-iu.mdx",
  "_raw": {
    "sourceFilePath": "blog/Vel-est-deserunt-iu.mdx",
    "sourceFileName": "Vel-est-deserunt-iu.mdx",
    "sourceFileDir": "blog",
    "contentType": "mdx",
    "flattenedPath": "blog/Vel-est-deserunt-iu"
  },
  "type": "Blog",
  "readingTime": {
    "text": "1 min read",
    "minutes": 0.025,
    "time": 1500,
    "words": 5
  },
  "path": "blog/Vel-est-deserunt-iu",
  "filePath": "blog/Vel-est-deserunt-iu.mdx",
  "toc": [],
  "structuredData": {
    "@context": "https://schema.org",
    "@type": "BlogPosting",
    "headline": "Distinctio Similiqu",
    "datePublished": "2007-10-31T00:00:00.000Z",
    "dateModified": "2007-10-31T00:00:00.000Z",
    "description": "Voluptatem maiores l",
    "image": "/static/images/twitter-card.jpg",
    "url": "https://tailwind-nextjs-starter-blog.vercel.app/blog/Vel-est-deserunt-iu"
  }
}