{
  "title": "Hiking on a Budget: How to Score Exclusive Deals and Discounts with Dinamount",
  "date": "2025-04-13T00:00:00.000Z",
  "tags": [],
  "slug": "hiking-on-a-budget-how-to-score-exclusive-deals-and-discounts-with-dinamount",
  "summary": "Learn how to save money on hiking gear, accommodations, and guided tours by leveraging Dinamount's exclusive deals and discounts from trusted partners.",
  "body": {
    "raw": "\n# Hiking on a Budget: How to Score Exclusive Deals and Discounts with Dinamount\n\nAre you passionate about hiking but worried about the cost? You're not alone! Many outdoor enthusiasts find it challenging to balance their love for the trails with their budget. But what if I told you that you could explore breathtaking landscapes without breaking the bank? With Dinamount, your dream of affordable hiking adventures can become a reality. This guide will show you how to leverage Dinamount's exclusive deals and discounts to save money on gear, accommodations, guided tours, and more.\n\n## Why Hiking Doesn't Have to Be Expensive\n\nHiking is often perceived as an expensive hobby. Gear, travel, permits, and guided tours can quickly add up. However, with some smart planning and the right resources, you can significantly reduce your expenses. Dinamount helps you find those resources, connecting you with trusted partners offering exclusive discounts.\n\n## Dinamount: Your Gateway to Affordable Hiking\n\nDinamount isn't just another hiking app; it's your personal hiking concierge. Beyond finding trails and tracking your progress, Dinamount partners with leading outdoor retailers, accommodation providers, and tour operators to offer exclusive deals to its users. Think of it as unlocking a treasure chest of savings for your next adventure.\n\n### How Dinamount Helps You Save\n\n*   **Gear Discounts:** Get exclusive discounts on hiking boots, backpacks, clothing, and other essential gear from trusted brands.\n*   **Accommodation Deals:** Find budget-friendly campsites, hostels, and hotels near your favorite trails.\n*   **Guided Tour Savings:** Explore challenging or remote areas with experienced guides at discounted rates.\n*   **Transportation Savings:** Access deals on car rentals and shuttle services to trailheads.\n*   **Park Pass Discounts:** Discover ways to save on park entrance fees and annual passes.\n\n## Scoring Exclusive Deals: A Step-by-Step Guide\n\nReady to start saving? Here's how to maximize your savings with Dinamount:\n\n1.  **Download and Install Dinamount:** If you haven't already, download Dinamount from your app store (iOS and Android). It's free to download and explore.\n2.  **Create an Account:** Sign up for a free account to unlock access to exclusive deals and discounts. You can also personalize your profile with your hiking preferences.\n3.  **Explore the \\\"Deals\\\" Section:** Navigate to the \\\"Deals\\\" section within the app. This is where you'll find all the latest offers from Dinamount's partners.\n4.  **Filter and Sort:** Use the filter and sort options to find deals that match your specific needs. For example, you can filter by gear type, location, or discount percentage.\n5.  **Read the Fine Print:** Before claiming a deal, carefully read the terms and conditions. Pay attention to expiration dates, usage restrictions, and any other relevant details.\n6.  **Redeem Your Deal:** Follow the instructions provided to redeem your deal. This may involve copying a discount code, clicking a special link, or presenting your Dinamount app at a participating location.\n7.  **Enjoy Your Savings!** Use your savings to enhance your hiking experience or put them towards your next adventure.\n\n## Maximizing Your Hiking Budget: Beyond Dinamount\n\nWhile Dinamount offers fantastic savings, there are other ways to keep your hiking costs down:\n\n*   **Plan Your Trip in the Off-Season:** Hiking during the shoulder seasons (spring and fall) often means lower prices on accommodations and fewer crowds on the trails.\n*   **Cook Your Own Meals:** Pack your own food and cook your meals at the campsite instead of eating out at restaurants.\n*   **Borrow or Rent Gear:** If you're new to hiking, consider borrowing gear from friends or renting it from outdoor stores before investing in your own equipment. Many outdoor stores offer affordable rental programs.\n*   **Camp Instead of Staying in Hotels:** Camping is generally much cheaper than staying in hotels or cabins. Look for affordable campsites near your chosen trails.\n*   **Hike Locally:** Explore trails closer to home to save on transportation costs. Refer to our previous article, [How to Find the Best Hiking Trails Near You: A Beginner's Guide](how-to-find-the-best-hiking-trails-near-you-a-beginners-guide), for tips on discovering hidden gems in your area.\n\n## Sample Savings with Dinamount\n\nTo illustrate the potential savings, here's a hypothetical example:\n\n| Item                  | Retail Price | Dinamount Discount | Price with Discount | Savings |\n| --------------------- | ------------ | ------------------ | ------------------- | ------- |\n| Hiking Boots          | $150         | 20%                | $120                | $30     |\n| Backpack              | $100         | 15%                | $85                 | $15     |\n| 2-Night Campsite      | $50          | 10%                | $45                 | $5      |\n| Guided Day Hike       | $75          | 25%                | $56.25              | $18.75  |\n| **Total**             | **$375**     |                    | **$306.25**         | **$68.75** |\n\nAs you can see, Dinamount can help you save a significant amount of money on a single hiking trip.\n\n## The Environmental Benefits of Budget-Friendly Hiking\n\nChoosing budget-friendly options often aligns with environmentally conscious practices. For example, opting for local trails reduces your carbon footprint from travel. Repairing or repurposing gear instead of buying new items minimizes waste. By being mindful of your spending, you're often also being mindful of your impact on the planet.\n\n## Essential Gear on a Budget\n\nFocus on the essentials first. A good pair of hiking boots is crucial for comfort and safety. A reliable backpack is necessary for carrying water, food, and other supplies. Invest in these items, and then gradually add other gear as your budget allows. Check out used gear stores or online marketplaces for discounted options. Remember, you don't need the most expensive equipment to enjoy a great hike.\n\n## Hiking Safety on a Budget\n\nSafety should always be your top priority, regardless of your budget. Inform someone of your hiking plans, carry a map and compass, and pack a first-aid kit. Check the weather forecast before you go, and be prepared for changing conditions. While you're saving money, don't skimp on essentials like a water filter or purification tablets. Consider a personal locator beacon (PLB) for remote hikes where cell service is unreliable. See our article [How SEO Can Boost Your Business Sales](seo-business-sales) and how you can use your new savings to start your own hiking gear business, or a trail guiding business!\n\n## External Resources for Affordable Hiking\n\n*   **REI Used Gear:** REI offers a wide selection of used gear at discounted prices. [https://www.rei.com/used](https://www.rei.com/used)\n*   **Local Outdoor Clubs:** Many local outdoor clubs offer affordable guided hikes and workshops. Search online for clubs in your area.\n*   **AllTrails:** AllTrails provides user-submitted trail reviews and information, helping you find free and accessible trails. [https://www.alltrails.com/](https://www.alltrails.com/)\n\n## Conclusion: Start Your Affordable Hiking Adventure Today!\n\nHiking doesn't have to be an expensive hobby. With Dinamount and some smart planning, you can explore the world's most beautiful trails without breaking the bank. Download Dinamount today and start scoring exclusive deals and discounts on gear, accommodations, and guided tours. Don't let budget constraints hold you back from experiencing the joy of hiking. Your next adventure awaits! And while you're planning, don't forget to check out [The Legend of Zelda: Breath of the Wild - A Revolution in Open-World Gaming](zelda-botw) for some inspiration on open-world exploration – you might even find some parallels between the game's sense of adventure and the real-world trails you'll be exploring!\n\nWhat are you waiting for? Download Dinamount and hit the trails!",
    "code": "var Component=(()=>{var u=Object.create;var t=Object.defineProperty;var g=Object.getOwnPropertyDescriptor;var p=Object.getOwnPropertyNames;var m=Object.getPrototypeOf,f=Object.prototype.hasOwnProperty;var w=(a,n)=>()=>(n||a((n={exports:{}}).exports,n),n.exports),y=(a,n)=>{for(var i in n)t(a,i,{get:n[i],enumerable:!0})},l=(a,n,i,o)=>{if(n&&typeof n==\"object\"||typeof n==\"function\")for(let r of p(n))!f.call(a,r)&&r!==i&&t(a,r,{get:()=>n[r],enumerable:!(o=g(n,r))||o.enumerable});return a};var v=(a,n,i)=>(i=a!=null?u(m(a)):{},l(n||!a||!a.__esModule?t(i,\"default\",{value:a,enumerable:!0}):i,a)),k=a=>l(t({},\"__esModule\",{value:!0}),a);var d=w((N,s)=>{s.exports=_jsx_runtime});var x={};y(x,{default:()=>c,frontmatter:()=>b});var e=v(d()),b={title:\"Hiking on a Budget: How to Score Exclusive Deals and Discounts with Dinamount\",date:\"2025-04-13\",slug:\"hiking-on-a-budget-how-to-score-exclusive-deals-and-discounts-with-dinamount\",summary:\"Learn how to save money on hiking gear, accommodations, and guided tours by leveraging Dinamount's exclusive deals and discounts from trusted partners.\"};function h(a){let n={a:\"a\",h1:\"h1\",h2:\"h2\",h3:\"h3\",li:\"li\",ol:\"ol\",p:\"p\",path:\"path\",span:\"span\",strong:\"strong\",svg:\"svg\",table:\"table\",tbody:\"tbody\",td:\"td\",th:\"th\",thead:\"thead\",tr:\"tr\",ul:\"ul\",...a.components};return(0,e.jsxs)(e.Fragment,{children:[(0,e.jsxs)(n.h1,{className:\"content-header\",id:\"hiking-on-a-budget-how-to-score-exclusive-deals-and-discounts-with-dinamount\",children:[(0,e.jsx)(n.a,{href:\"#hiking-on-a-budget-how-to-score-exclusive-deals-and-discounts-with-dinamount\",\"aria-hidden\":\"true\",tabIndex:\"-1\",children:(0,e.jsx)(e.Fragment,{children:(0,e.jsx)(n.span,{className:\"content-header-link\",children:(0,e.jsxs)(n.svg,{className:\"h-5 linkicon w-5\",fill:\"currentColor\",viewBox:\"0 0 20 20\",xmlns:\"http://www.w3.org/2000/svg\",children:[(0,e.jsx)(n.path,{d:\"M12.232 4.232a2.5 2.5 0 0 1 3.536 3.536l-1.225 1.224a.75.75 0 0 0 1.061 1.06l1.224-1.224a4 4 0 0 0-5.656-5.656l-3 3a4 4 0 0 0 .225 5.865.75.75 0 0 0 .977-1.138 2.5 2.5 0 0 1-.142-3.667l3-3Z\"}),(0,e.jsx)(n.path,{d:\"M11.603 7.963a.75.75 0 0 0-.977 1.138 2.5 2.5 0 0 1 .142 3.667l-3 3a2.5 2.5 0 0 1-3.536-3.536l1.225-1.224a.75.75 0 0 0-1.061-1.06l-1.224 1.224a4 4 0 1 0 5.656 5.656l3-3a4 4 0 0 0-.225-5.865Z\"})]})})})}),\"Hiking on a Budget: How to Score Exclusive Deals and Discounts with Dinamount\"]}),(0,e.jsx)(n.p,{children:\"Are you passionate about hiking but worried about the cost? You're not alone! Many outdoor enthusiasts find it challenging to balance their love for the trails with their budget. But what if I told you that you could explore breathtaking landscapes without breaking the bank? With Dinamount, your dream of affordable hiking adventures can become a reality. This guide will show you how to leverage Dinamount's exclusive deals and discounts to save money on gear, accommodations, guided tours, and more.\"}),(0,e.jsxs)(n.h2,{className:\"content-header\",id:\"why-hiking-doesnt-have-to-be-expensive\",children:[(0,e.jsx)(n.a,{href:\"#why-hiking-doesnt-have-to-be-expensive\",\"aria-hidden\":\"true\",tabIndex:\"-1\",children:(0,e.jsx)(e.Fragment,{children:(0,e.jsx)(n.span,{className:\"content-header-link\",children:(0,e.jsxs)(n.svg,{className:\"h-5 linkicon w-5\",fill:\"currentColor\",viewBox:\"0 0 20 20\",xmlns:\"http://www.w3.org/2000/svg\",children:[(0,e.jsx)(n.path,{d:\"M12.232 4.232a2.5 2.5 0 0 1 3.536 3.536l-1.225 1.224a.75.75 0 0 0 1.061 1.06l1.224-1.224a4 4 0 0 0-5.656-5.656l-3 3a4 4 0 0 0 .225 5.865.75.75 0 0 0 .977-1.138 2.5 2.5 0 0 1-.142-3.667l3-3Z\"}),(0,e.jsx)(n.path,{d:\"M11.603 7.963a.75.75 0 0 0-.977 1.138 2.5 2.5 0 0 1 .142 3.667l-3 3a2.5 2.5 0 0 1-3.536-3.536l1.225-1.224a.75.75 0 0 0-1.061-1.06l-1.224 1.224a4 4 0 1 0 5.656 5.656l3-3a4 4 0 0 0-.225-5.865Z\"})]})})})}),\"Why Hiking Doesn't Have to Be Expensive\"]}),(0,e.jsx)(n.p,{children:\"Hiking is often perceived as an expensive hobby. Gear, travel, permits, and guided tours can quickly add up. However, with some smart planning and the right resources, you can significantly reduce your expenses. Dinamount helps you find those resources, connecting you with trusted partners offering exclusive discounts.\"}),(0,e.jsxs)(n.h2,{className:\"content-header\",id:\"dinamount-your-gateway-to-affordable-hiking\",children:[(0,e.jsx)(n.a,{href:\"#dinamount-your-gateway-to-affordable-hiking\",\"aria-hidden\":\"true\",tabIndex:\"-1\",children:(0,e.jsx)(e.Fragment,{children:(0,e.jsx)(n.span,{className:\"content-header-link\",children:(0,e.jsxs)(n.svg,{className:\"h-5 linkicon w-5\",fill:\"currentColor\",viewBox:\"0 0 20 20\",xmlns:\"http://www.w3.org/2000/svg\",children:[(0,e.jsx)(n.path,{d:\"M12.232 4.232a2.5 2.5 0 0 1 3.536 3.536l-1.225 1.224a.75.75 0 0 0 1.061 1.06l1.224-1.224a4 4 0 0 0-5.656-5.656l-3 3a4 4 0 0 0 .225 5.865.75.75 0 0 0 .977-1.138 2.5 2.5 0 0 1-.142-3.667l3-3Z\"}),(0,e.jsx)(n.path,{d:\"M11.603 7.963a.75.75 0 0 0-.977 1.138 2.5 2.5 0 0 1 .142 3.667l-3 3a2.5 2.5 0 0 1-3.536-3.536l1.225-1.224a.75.75 0 0 0-1.061-1.06l-1.224 1.224a4 4 0 1 0 5.656 5.656l3-3a4 4 0 0 0-.225-5.865Z\"})]})})})}),\"Dinamount: Your Gateway to Affordable Hiking\"]}),(0,e.jsx)(n.p,{children:\"Dinamount isn't just another hiking app; it's your personal hiking concierge. Beyond finding trails and tracking your progress, Dinamount partners with leading outdoor retailers, accommodation providers, and tour operators to offer exclusive deals to its users. Think of it as unlocking a treasure chest of savings for your next adventure.\"}),(0,e.jsxs)(n.h3,{className:\"content-header\",id:\"how-dinamount-helps-you-save\",children:[(0,e.jsx)(n.a,{href:\"#how-dinamount-helps-you-save\",\"aria-hidden\":\"true\",tabIndex:\"-1\",children:(0,e.jsx)(e.Fragment,{children:(0,e.jsx)(n.span,{className:\"content-header-link\",children:(0,e.jsxs)(n.svg,{className:\"h-5 linkicon w-5\",fill:\"currentColor\",viewBox:\"0 0 20 20\",xmlns:\"http://www.w3.org/2000/svg\",children:[(0,e.jsx)(n.path,{d:\"M12.232 4.232a2.5 2.5 0 0 1 3.536 3.536l-1.225 1.224a.75.75 0 0 0 1.061 1.06l1.224-1.224a4 4 0 0 0-5.656-5.656l-3 3a4 4 0 0 0 .225 5.865.75.75 0 0 0 .977-1.138 2.5 2.5 0 0 1-.142-3.667l3-3Z\"}),(0,e.jsx)(n.path,{d:\"M11.603 7.963a.75.75 0 0 0-.977 1.138 2.5 2.5 0 0 1 .142 3.667l-3 3a2.5 2.5 0 0 1-3.536-3.536l1.225-1.224a.75.75 0 0 0-1.061-1.06l-1.224 1.224a4 4 0 1 0 5.656 5.656l3-3a4 4 0 0 0-.225-5.865Z\"})]})})})}),\"How Dinamount Helps You Save\"]}),(0,e.jsxs)(n.ul,{children:[(0,e.jsxs)(n.li,{children:[(0,e.jsx)(n.strong,{children:\"Gear Discounts:\"}),\" Get exclusive discounts on hiking boots, backpacks, clothing, and other essential gear from trusted brands.\"]}),(0,e.jsxs)(n.li,{children:[(0,e.jsx)(n.strong,{children:\"Accommodation Deals:\"}),\" Find budget-friendly campsites, hostels, and hotels near your favorite trails.\"]}),(0,e.jsxs)(n.li,{children:[(0,e.jsx)(n.strong,{children:\"Guided Tour Savings:\"}),\" Explore challenging or remote areas with experienced guides at discounted rates.\"]}),(0,e.jsxs)(n.li,{children:[(0,e.jsx)(n.strong,{children:\"Transportation Savings:\"}),\" Access deals on car rentals and shuttle services to trailheads.\"]}),(0,e.jsxs)(n.li,{children:[(0,e.jsx)(n.strong,{children:\"Park Pass Discounts:\"}),\" Discover ways to save on park entrance fees and annual passes.\"]})]}),(0,e.jsxs)(n.h2,{className:\"content-header\",id:\"scoring-exclusive-deals-a-step-by-step-guide\",children:[(0,e.jsx)(n.a,{href:\"#scoring-exclusive-deals-a-step-by-step-guide\",\"aria-hidden\":\"true\",tabIndex:\"-1\",children:(0,e.jsx)(e.Fragment,{children:(0,e.jsx)(n.span,{className:\"content-header-link\",children:(0,e.jsxs)(n.svg,{className:\"h-5 linkicon w-5\",fill:\"currentColor\",viewBox:\"0 0 20 20\",xmlns:\"http://www.w3.org/2000/svg\",children:[(0,e.jsx)(n.path,{d:\"M12.232 4.232a2.5 2.5 0 0 1 3.536 3.536l-1.225 1.224a.75.75 0 0 0 1.061 1.06l1.224-1.224a4 4 0 0 0-5.656-5.656l-3 3a4 4 0 0 0 .225 5.865.75.75 0 0 0 .977-1.138 2.5 2.5 0 0 1-.142-3.667l3-3Z\"}),(0,e.jsx)(n.path,{d:\"M11.603 7.963a.75.75 0 0 0-.977 1.138 2.5 2.5 0 0 1 .142 3.667l-3 3a2.5 2.5 0 0 1-3.536-3.536l1.225-1.224a.75.75 0 0 0-1.061-1.06l-1.224 1.224a4 4 0 1 0 5.656 5.656l3-3a4 4 0 0 0-.225-5.865Z\"})]})})})}),\"Scoring Exclusive Deals: A Step-by-Step Guide\"]}),(0,e.jsx)(n.p,{children:\"Ready to start saving? Here's how to maximize your savings with Dinamount:\"}),(0,e.jsxs)(n.ol,{children:[(0,e.jsxs)(n.li,{children:[(0,e.jsx)(n.strong,{children:\"Download and Install Dinamount:\"}),\" If you haven't already, download Dinamount from your app store (iOS and Android). It's free to download and explore.\"]}),(0,e.jsxs)(n.li,{children:[(0,e.jsx)(n.strong,{children:\"Create an Account:\"}),\" Sign up for a free account to unlock access to exclusive deals and discounts. You can also personalize your profile with your hiking preferences.\"]}),(0,e.jsxs)(n.li,{children:[(0,e.jsx)(n.strong,{children:'Explore the \"Deals\" Section:'}),` Navigate to the \"Deals\" section within the app. This is where you'll find all the latest offers from Dinamount's partners.`]}),(0,e.jsxs)(n.li,{children:[(0,e.jsx)(n.strong,{children:\"Filter and Sort:\"}),\" Use the filter and sort options to find deals that match your specific needs. For example, you can filter by gear type, location, or discount percentage.\"]}),(0,e.jsxs)(n.li,{children:[(0,e.jsx)(n.strong,{children:\"Read the Fine Print:\"}),\" Before claiming a deal, carefully read the terms and conditions. Pay attention to expiration dates, usage restrictions, and any other relevant details.\"]}),(0,e.jsxs)(n.li,{children:[(0,e.jsx)(n.strong,{children:\"Redeem Your Deal:\"}),\" Follow the instructions provided to redeem your deal. This may involve copying a discount code, clicking a special link, or presenting your Dinamount app at a participating location.\"]}),(0,e.jsxs)(n.li,{children:[(0,e.jsx)(n.strong,{children:\"Enjoy Your Savings!\"}),\" Use your savings to enhance your hiking experience or put them towards your next adventure.\"]})]}),(0,e.jsxs)(n.h2,{className:\"content-header\",id:\"maximizing-your-hiking-budget-beyond-dinamount\",children:[(0,e.jsx)(n.a,{href:\"#maximizing-your-hiking-budget-beyond-dinamount\",\"aria-hidden\":\"true\",tabIndex:\"-1\",children:(0,e.jsx)(e.Fragment,{children:(0,e.jsx)(n.span,{className:\"content-header-link\",children:(0,e.jsxs)(n.svg,{className:\"h-5 linkicon w-5\",fill:\"currentColor\",viewBox:\"0 0 20 20\",xmlns:\"http://www.w3.org/2000/svg\",children:[(0,e.jsx)(n.path,{d:\"M12.232 4.232a2.5 2.5 0 0 1 3.536 3.536l-1.225 1.224a.75.75 0 0 0 1.061 1.06l1.224-1.224a4 4 0 0 0-5.656-5.656l-3 3a4 4 0 0 0 .225 5.865.75.75 0 0 0 .977-1.138 2.5 2.5 0 0 1-.142-3.667l3-3Z\"}),(0,e.jsx)(n.path,{d:\"M11.603 7.963a.75.75 0 0 0-.977 1.138 2.5 2.5 0 0 1 .142 3.667l-3 3a2.5 2.5 0 0 1-3.536-3.536l1.225-1.224a.75.75 0 0 0-1.061-1.06l-1.224 1.224a4 4 0 1 0 5.656 5.656l3-3a4 4 0 0 0-.225-5.865Z\"})]})})})}),\"Maximizing Your Hiking Budget: Beyond Dinamount\"]}),(0,e.jsx)(n.p,{children:\"While Dinamount offers fantastic savings, there are other ways to keep your hiking costs down:\"}),(0,e.jsxs)(n.ul,{children:[(0,e.jsxs)(n.li,{children:[(0,e.jsx)(n.strong,{children:\"Plan Your Trip in the Off-Season:\"}),\" Hiking during the shoulder seasons (spring and fall) often means lower prices on accommodations and fewer crowds on the trails.\"]}),(0,e.jsxs)(n.li,{children:[(0,e.jsx)(n.strong,{children:\"Cook Your Own Meals:\"}),\" Pack your own food and cook your meals at the campsite instead of eating out at restaurants.\"]}),(0,e.jsxs)(n.li,{children:[(0,e.jsx)(n.strong,{children:\"Borrow or Rent Gear:\"}),\" If you're new to hiking, consider borrowing gear from friends or renting it from outdoor stores before investing in your own equipment. Many outdoor stores offer affordable rental programs.\"]}),(0,e.jsxs)(n.li,{children:[(0,e.jsx)(n.strong,{children:\"Camp Instead of Staying in Hotels:\"}),\" Camping is generally much cheaper than staying in hotels or cabins. Look for affordable campsites near your chosen trails.\"]}),(0,e.jsxs)(n.li,{children:[(0,e.jsx)(n.strong,{children:\"Hike Locally:\"}),\" Explore trails closer to home to save on transportation costs. Refer to our previous article, \",(0,e.jsx)(n.a,{href:\"how-to-find-the-best-hiking-trails-near-you-a-beginners-guide\",children:\"How to Find the Best Hiking Trails Near You: A Beginner's Guide\"}),\", for tips on discovering hidden gems in your area.\"]})]}),(0,e.jsxs)(n.h2,{className:\"content-header\",id:\"sample-savings-with-dinamount\",children:[(0,e.jsx)(n.a,{href:\"#sample-savings-with-dinamount\",\"aria-hidden\":\"true\",tabIndex:\"-1\",children:(0,e.jsx)(e.Fragment,{children:(0,e.jsx)(n.span,{className:\"content-header-link\",children:(0,e.jsxs)(n.svg,{className:\"h-5 linkicon w-5\",fill:\"currentColor\",viewBox:\"0 0 20 20\",xmlns:\"http://www.w3.org/2000/svg\",children:[(0,e.jsx)(n.path,{d:\"M12.232 4.232a2.5 2.5 0 0 1 3.536 3.536l-1.225 1.224a.75.75 0 0 0 1.061 1.06l1.224-1.224a4 4 0 0 0-5.656-5.656l-3 3a4 4 0 0 0 .225 5.865.75.75 0 0 0 .977-1.138 2.5 2.5 0 0 1-.142-3.667l3-3Z\"}),(0,e.jsx)(n.path,{d:\"M11.603 7.963a.75.75 0 0 0-.977 1.138 2.5 2.5 0 0 1 .142 3.667l-3 3a2.5 2.5 0 0 1-3.536-3.536l1.225-1.224a.75.75 0 0 0-1.061-1.06l-1.224 1.224a4 4 0 1 0 5.656 5.656l3-3a4 4 0 0 0-.225-5.865Z\"})]})})})}),\"Sample Savings with Dinamount\"]}),(0,e.jsx)(n.p,{children:\"To illustrate the potential savings, here's a hypothetical example:\"}),(0,e.jsxs)(n.table,{children:[(0,e.jsx)(n.thead,{children:(0,e.jsxs)(n.tr,{children:[(0,e.jsx)(n.th,{children:\"Item\"}),(0,e.jsx)(n.th,{children:\"Retail Price\"}),(0,e.jsx)(n.th,{children:\"Dinamount Discount\"}),(0,e.jsx)(n.th,{children:\"Price with Discount\"}),(0,e.jsx)(n.th,{children:\"Savings\"})]})}),(0,e.jsxs)(n.tbody,{children:[(0,e.jsxs)(n.tr,{children:[(0,e.jsx)(n.td,{children:\"Hiking Boots\"}),(0,e.jsx)(n.td,{children:\"$150\"}),(0,e.jsx)(n.td,{children:\"20%\"}),(0,e.jsx)(n.td,{children:\"$120\"}),(0,e.jsx)(n.td,{children:\"$30\"})]}),(0,e.jsxs)(n.tr,{children:[(0,e.jsx)(n.td,{children:\"Backpack\"}),(0,e.jsx)(n.td,{children:\"$100\"}),(0,e.jsx)(n.td,{children:\"15%\"}),(0,e.jsx)(n.td,{children:\"$85\"}),(0,e.jsx)(n.td,{children:\"$15\"})]}),(0,e.jsxs)(n.tr,{children:[(0,e.jsx)(n.td,{children:\"2-Night Campsite\"}),(0,e.jsx)(n.td,{children:\"$50\"}),(0,e.jsx)(n.td,{children:\"10%\"}),(0,e.jsx)(n.td,{children:\"$45\"}),(0,e.jsx)(n.td,{children:\"$5\"})]}),(0,e.jsxs)(n.tr,{children:[(0,e.jsx)(n.td,{children:\"Guided Day Hike\"}),(0,e.jsx)(n.td,{children:\"$75\"}),(0,e.jsx)(n.td,{children:\"25%\"}),(0,e.jsx)(n.td,{children:\"$56.25\"}),(0,e.jsx)(n.td,{children:\"$18.75\"})]}),(0,e.jsxs)(n.tr,{children:[(0,e.jsx)(n.td,{children:(0,e.jsx)(n.strong,{children:\"Total\"})}),(0,e.jsx)(n.td,{children:(0,e.jsx)(n.strong,{children:\"$375\"})}),(0,e.jsx)(n.td,{}),(0,e.jsx)(n.td,{children:(0,e.jsx)(n.strong,{children:\"$306.25\"})}),(0,e.jsx)(n.td,{children:(0,e.jsx)(n.strong,{children:\"$68.75\"})})]})]})]}),(0,e.jsx)(n.p,{children:\"As you can see, Dinamount can help you save a significant amount of money on a single hiking trip.\"}),(0,e.jsxs)(n.h2,{className:\"content-header\",id:\"the-environmental-benefits-of-budget-friendly-hiking\",children:[(0,e.jsx)(n.a,{href:\"#the-environmental-benefits-of-budget-friendly-hiking\",\"aria-hidden\":\"true\",tabIndex:\"-1\",children:(0,e.jsx)(e.Fragment,{children:(0,e.jsx)(n.span,{className:\"content-header-link\",children:(0,e.jsxs)(n.svg,{className:\"h-5 linkicon w-5\",fill:\"currentColor\",viewBox:\"0 0 20 20\",xmlns:\"http://www.w3.org/2000/svg\",children:[(0,e.jsx)(n.path,{d:\"M12.232 4.232a2.5 2.5 0 0 1 3.536 3.536l-1.225 1.224a.75.75 0 0 0 1.061 1.06l1.224-1.224a4 4 0 0 0-5.656-5.656l-3 3a4 4 0 0 0 .225 5.865.75.75 0 0 0 .977-1.138 2.5 2.5 0 0 1-.142-3.667l3-3Z\"}),(0,e.jsx)(n.path,{d:\"M11.603 7.963a.75.75 0 0 0-.977 1.138 2.5 2.5 0 0 1 .142 3.667l-3 3a2.5 2.5 0 0 1-3.536-3.536l1.225-1.224a.75.75 0 0 0-1.061-1.06l-1.224 1.224a4 4 0 1 0 5.656 5.656l3-3a4 4 0 0 0-.225-5.865Z\"})]})})})}),\"The Environmental Benefits of Budget-Friendly Hiking\"]}),(0,e.jsx)(n.p,{children:\"Choosing budget-friendly options often aligns with environmentally conscious practices. For example, opting for local trails reduces your carbon footprint from travel. Repairing or repurposing gear instead of buying new items minimizes waste. By being mindful of your spending, you're often also being mindful of your impact on the planet.\"}),(0,e.jsxs)(n.h2,{className:\"content-header\",id:\"essential-gear-on-a-budget\",children:[(0,e.jsx)(n.a,{href:\"#essential-gear-on-a-budget\",\"aria-hidden\":\"true\",tabIndex:\"-1\",children:(0,e.jsx)(e.Fragment,{children:(0,e.jsx)(n.span,{className:\"content-header-link\",children:(0,e.jsxs)(n.svg,{className:\"h-5 linkicon w-5\",fill:\"currentColor\",viewBox:\"0 0 20 20\",xmlns:\"http://www.w3.org/2000/svg\",children:[(0,e.jsx)(n.path,{d:\"M12.232 4.232a2.5 2.5 0 0 1 3.536 3.536l-1.225 1.224a.75.75 0 0 0 1.061 1.06l1.224-1.224a4 4 0 0 0-5.656-5.656l-3 3a4 4 0 0 0 .225 5.865.75.75 0 0 0 .977-1.138 2.5 2.5 0 0 1-.142-3.667l3-3Z\"}),(0,e.jsx)(n.path,{d:\"M11.603 7.963a.75.75 0 0 0-.977 1.138 2.5 2.5 0 0 1 .142 3.667l-3 3a2.5 2.5 0 0 1-3.536-3.536l1.225-1.224a.75.75 0 0 0-1.061-1.06l-1.224 1.224a4 4 0 1 0 5.656 5.656l3-3a4 4 0 0 0-.225-5.865Z\"})]})})})}),\"Essential Gear on a Budget\"]}),(0,e.jsx)(n.p,{children:\"Focus on the essentials first. A good pair of hiking boots is crucial for comfort and safety. A reliable backpack is necessary for carrying water, food, and other supplies. Invest in these items, and then gradually add other gear as your budget allows. Check out used gear stores or online marketplaces for discounted options. Remember, you don't need the most expensive equipment to enjoy a great hike.\"}),(0,e.jsxs)(n.h2,{className:\"content-header\",id:\"hiking-safety-on-a-budget\",children:[(0,e.jsx)(n.a,{href:\"#hiking-safety-on-a-budget\",\"aria-hidden\":\"true\",tabIndex:\"-1\",children:(0,e.jsx)(e.Fragment,{children:(0,e.jsx)(n.span,{className:\"content-header-link\",children:(0,e.jsxs)(n.svg,{className:\"h-5 linkicon w-5\",fill:\"currentColor\",viewBox:\"0 0 20 20\",xmlns:\"http://www.w3.org/2000/svg\",children:[(0,e.jsx)(n.path,{d:\"M12.232 4.232a2.5 2.5 0 0 1 3.536 3.536l-1.225 1.224a.75.75 0 0 0 1.061 1.06l1.224-1.224a4 4 0 0 0-5.656-5.656l-3 3a4 4 0 0 0 .225 5.865.75.75 0 0 0 .977-1.138 2.5 2.5 0 0 1-.142-3.667l3-3Z\"}),(0,e.jsx)(n.path,{d:\"M11.603 7.963a.75.75 0 0 0-.977 1.138 2.5 2.5 0 0 1 .142 3.667l-3 3a2.5 2.5 0 0 1-3.536-3.536l1.225-1.224a.75.75 0 0 0-1.061-1.06l-1.224 1.224a4 4 0 1 0 5.656 5.656l3-3a4 4 0 0 0-.225-5.865Z\"})]})})})}),\"Hiking Safety on a Budget\"]}),(0,e.jsxs)(n.p,{children:[\"Safety should always be your top priority, regardless of your budget. Inform someone of your hiking plans, carry a map and compass, and pack a first-aid kit. Check the weather forecast before you go, and be prepared for changing conditions. While you're saving money, don't skimp on essentials like a water filter or purification tablets. Consider a personal locator beacon (PLB) for remote hikes where cell service is unreliable. See our article \",(0,e.jsx)(n.a,{href:\"seo-business-sales\",children:\"How SEO Can Boost Your Business Sales\"}),\" and how you can use your new savings to start your own hiking gear business, or a trail guiding business!\"]}),(0,e.jsxs)(n.h2,{className:\"content-header\",id:\"external-resources-for-affordable-hiking\",children:[(0,e.jsx)(n.a,{href:\"#external-resources-for-affordable-hiking\",\"aria-hidden\":\"true\",tabIndex:\"-1\",children:(0,e.jsx)(e.Fragment,{children:(0,e.jsx)(n.span,{className:\"content-header-link\",children:(0,e.jsxs)(n.svg,{className:\"h-5 linkicon w-5\",fill:\"currentColor\",viewBox:\"0 0 20 20\",xmlns:\"http://www.w3.org/2000/svg\",children:[(0,e.jsx)(n.path,{d:\"M12.232 4.232a2.5 2.5 0 0 1 3.536 3.536l-1.225 1.224a.75.75 0 0 0 1.061 1.06l1.224-1.224a4 4 0 0 0-5.656-5.656l-3 3a4 4 0 0 0 .225 5.865.75.75 0 0 0 .977-1.138 2.5 2.5 0 0 1-.142-3.667l3-3Z\"}),(0,e.jsx)(n.path,{d:\"M11.603 7.963a.75.75 0 0 0-.977 1.138 2.5 2.5 0 0 1 .142 3.667l-3 3a2.5 2.5 0 0 1-3.536-3.536l1.225-1.224a.75.75 0 0 0-1.061-1.06l-1.224 1.224a4 4 0 1 0 5.656 5.656l3-3a4 4 0 0 0-.225-5.865Z\"})]})})})}),\"External Resources for Affordable Hiking\"]}),(0,e.jsxs)(n.ul,{children:[(0,e.jsxs)(n.li,{children:[(0,e.jsx)(n.strong,{children:\"REI Used Gear:\"}),\" REI offers a wide selection of used gear at discounted prices. \",(0,e.jsx)(n.a,{href:\"https://www.rei.com/used\",children:\"https://www.rei.com/used\"})]}),(0,e.jsxs)(n.li,{children:[(0,e.jsx)(n.strong,{children:\"Local Outdoor Clubs:\"}),\" Many local outdoor clubs offer affordable guided hikes and workshops. Search online for clubs in your area.\"]}),(0,e.jsxs)(n.li,{children:[(0,e.jsx)(n.strong,{children:\"AllTrails:\"}),\" AllTrails provides user-submitted trail reviews and information, helping you find free and accessible trails. \",(0,e.jsx)(n.a,{href:\"https://www.alltrails.com/\",children:\"https://www.alltrails.com/\"})]})]}),(0,e.jsxs)(n.h2,{className:\"content-header\",id:\"conclusion-start-your-affordable-hiking-adventure-today\",children:[(0,e.jsx)(n.a,{href:\"#conclusion-start-your-affordable-hiking-adventure-today\",\"aria-hidden\":\"true\",tabIndex:\"-1\",children:(0,e.jsx)(e.Fragment,{children:(0,e.jsx)(n.span,{className:\"content-header-link\",children:(0,e.jsxs)(n.svg,{className:\"h-5 linkicon w-5\",fill:\"currentColor\",viewBox:\"0 0 20 20\",xmlns:\"http://www.w3.org/2000/svg\",children:[(0,e.jsx)(n.path,{d:\"M12.232 4.232a2.5 2.5 0 0 1 3.536 3.536l-1.225 1.224a.75.75 0 0 0 1.061 1.06l1.224-1.224a4 4 0 0 0-5.656-5.656l-3 3a4 4 0 0 0 .225 5.865.75.75 0 0 0 .977-1.138 2.5 2.5 0 0 1-.142-3.667l3-3Z\"}),(0,e.jsx)(n.path,{d:\"M11.603 7.963a.75.75 0 0 0-.977 1.138 2.5 2.5 0 0 1 .142 3.667l-3 3a2.5 2.5 0 0 1-3.536-3.536l1.225-1.224a.75.75 0 0 0-1.061-1.06l-1.224 1.224a4 4 0 1 0 5.656 5.656l3-3a4 4 0 0 0-.225-5.865Z\"})]})})})}),\"Conclusion: Start Your Affordable Hiking Adventure Today!\"]}),(0,e.jsxs)(n.p,{children:[\"Hiking doesn't have to be an expensive hobby. With Dinamount and some smart planning, you can explore the world's most beautiful trails without breaking the bank. Download Dinamount today and start scoring exclusive deals and discounts on gear, accommodations, and guided tours. Don't let budget constraints hold you back from experiencing the joy of hiking. Your next adventure awaits! And while you're planning, don't forget to check out \",(0,e.jsx)(n.a,{href:\"zelda-botw\",children:\"The Legend of Zelda: Breath of the Wild - A Revolution in Open-World Gaming\"}),\" for some inspiration on open-world exploration \\u2013 you might even find some parallels between the game's sense of adventure and the real-world trails you'll be exploring!\"]}),(0,e.jsx)(n.p,{children:\"What are you waiting for? Download Dinamount and hit the trails!\"})]})}function c(a={}){let{wrapper:n}=a.components||{};return n?(0,e.jsx)(n,{...a,children:(0,e.jsx)(h,{...a})}):h(a)}return k(x);})();\n;return Component;"
  },
  "_id": "blog/hiking-on-a-budget-how-to-score-exclusive-deals-and-discounts-with-dinamount.mdx",
  "_raw": {
    "sourceFilePath": "blog/hiking-on-a-budget-how-to-score-exclusive-deals-and-discounts-with-dinamount.mdx",
    "sourceFileName": "hiking-on-a-budget-how-to-score-exclusive-deals-and-discounts-with-dinamount.mdx",
    "sourceFileDir": "blog",
    "contentType": "mdx",
    "flattenedPath": "blog/hiking-on-a-budget-how-to-score-exclusive-deals-and-discounts-with-dinamount"
  },
  "type": "Blog",
  "readingTime": {
    "text": "6 min read",
    "minutes": 5.99,
    "time": 359400,
    "words": 1198
  },
  "path": "blog/hiking-on-a-budget-how-to-score-exclusive-deals-and-discounts-with-dinamount",
  "filePath": "blog/hiking-on-a-budget-how-to-score-exclusive-deals-and-discounts-with-dinamount.mdx",
  "toc": [
    {
      "value": "Hiking on a Budget: How to Score Exclusive Deals and Discounts with Dinamount",
      "url": "#hiking-on-a-budget-how-to-score-exclusive-deals-and-discounts-with-dinamount",
      "depth": 1
    },
    {
      "value": "Why Hiking Doesn't Have to Be Expensive",
      "url": "#why-hiking-doesnt-have-to-be-expensive",
      "depth": 2
    },
    {
      "value": "Dinamount: Your Gateway to Affordable Hiking",
      "url": "#dinamount-your-gateway-to-affordable-hiking",
      "depth": 2
    },
    {
      "value": "How Dinamount Helps You Save",
      "url": "#how-dinamount-helps-you-save",
      "depth": 3
    },
    {
      "value": "Scoring Exclusive Deals: A Step-by-Step Guide",
      "url": "#scoring-exclusive-deals-a-step-by-step-guide",
      "depth": 2
    },
    {
      "value": "Maximizing Your Hiking Budget: Beyond Dinamount",
      "url": "#maximizing-your-hiking-budget-beyond-dinamount",
      "depth": 2
    },
    {
      "value": "Sample Savings with Dinamount",
      "url": "#sample-savings-with-dinamount",
      "depth": 2
    },
    {
      "value": "The Environmental Benefits of Budget-Friendly Hiking",
      "url": "#the-environmental-benefits-of-budget-friendly-hiking",
      "depth": 2
    },
    {
      "value": "Essential Gear on a Budget",
      "url": "#essential-gear-on-a-budget",
      "depth": 2
    },
    {
      "value": "Hiking Safety on a Budget",
      "url": "#hiking-safety-on-a-budget",
      "depth": 2
    },
    {
      "value": "External Resources for Affordable Hiking",
      "url": "#external-resources-for-affordable-hiking",
      "depth": 2
    },
    {
      "value": "Conclusion: Start Your Affordable Hiking Adventure Today!",
      "url": "#conclusion-start-your-affordable-hiking-adventure-today",
      "depth": 2
    }
  ],
  "structuredData": {
    "@context": "https://schema.org",
    "@type": "BlogPosting",
    "headline": "Hiking on a Budget: How to Score Exclusive Deals and Discounts with Dinamount",
    "datePublished": "2025-04-13T00:00:00.000Z",
    "dateModified": "2025-04-13T00:00:00.000Z",
    "description": "Learn how to save money on hiking gear, accommodations, and guided tours by leveraging Dinamount's exclusive deals and discounts from trusted partners.",
    "image": "/static/images/twitter-card.jpg",
    "url": "https://tailwind-nextjs-starter-blog.vercel.app/blog/hiking-on-a-budget-how-to-score-exclusive-deals-and-discounts-with-dinamount"
  }
}