{
  "title": "5 Ways AI-Pro LEAD Generator Can Supercharge Your Sales Team",
  "date": "2025-05-14T00:00:00.000Z",
  "tags": [
    "sales",
    "lead generation",
    "AI",
    "productivity",
    "automation"
  ],
  "draft": false,
  "slug": "5-ways-ai-pro-lead-generator-can-supercharge-your-sales-team",
  "summary": "Explore five key benefits of using AI-Pro LEAD Generator, including targeted lead scraping, data enrichment, and time-saving automation, to empower your sales team and drive revenue growth.",
  "body": {
    "raw": "\n# 5 Ways AI-Pro LEAD Generator Can Supercharge Your Sales Team\n\nAre your sales team's efforts feeling like a shot in the dark? Are they spending too much time sifting through unqualified leads and not enough time closing deals? In today's competitive market, efficiency and precision are key. That's where AI-Pro LEAD Generator comes in. This isn't just another lead generation tool; it's a strategic weapon that can transform your sales process and dramatically boost your bottom line. Let's dive into five ways AI-Pro LEAD Generator can supercharge your sales team.\n\n## 1. Laser-Targeted Lead Scraping: Finding the Right Prospects\n\nTraditional lead generation often involves casting a wide net and hoping to catch a few relevant fish. This approach is time-consuming and inefficient. AI-Pro LEAD Generator changes the game by using sophisticated AI algorithms to scrape the web for leads that precisely match your ideal customer profile.\n\nThink about it: instead of your team manually searching LinkedIn, industry directories, and other online sources, the AI does it for them, 24/7. You define your target audience based on criteria like industry, company size, job title, location, and more. The AI then tirelessly searches for leads that meet those criteria, ensuring that your sales team focuses only on the most promising prospects.\n\nThis targeted approach saves valuable time and resources, allowing your sales team to focus on what they do best: building relationships and closing deals. It's like having a dedicated research team working around the clock to identify your next big customer.\n\n## 2. Data Enrichment: Unlocking Deeper Insights\n\nSimply having a name and email address isn't enough to build a meaningful connection with a prospect. Your sales team needs context. AI-Pro LEAD Generator automatically enriches lead data by adding valuable information such as:\n\n*   **Company Information:** Revenue, employee count, industry, location, and website.\n*   **Social Media Profiles:** Links to LinkedIn, Twitter, Facebook, and other relevant social media accounts.\n*   **Technology Stack:** Insights into the technologies the company uses, providing valuable talking points for your sales team.\n*   **News Mentions:** Recent news articles or press releases that mention the company or its key executives.\n\nThis enriched data gives your sales team a comprehensive understanding of each prospect, enabling them to personalize their outreach and tailor their messaging to address specific needs and pain points. Imagine how much more effective your sales pitches will be when you can speak directly to a prospect's challenges and offer solutions that are relevant to their business.\n\n## 3. Time-Saving Automation: Freeing Up Your Sales Team\n\nOne of the biggest benefits of AI-Pro LEAD Generator is its ability to automate many of the tedious and time-consuming tasks associated with lead generation. This includes:\n\n*   **Lead Scraping:** Automatically searching for and collecting leads based on your defined criteria.\n*   **Data Enrichment:** Automatically adding valuable information to each lead profile.\n*   **Lead Scoring:** Automatically ranking leads based on their likelihood to convert, allowing your sales team to prioritize their efforts.\n*   **CRM Integration:** Seamlessly integrating with your existing CRM system, ensuring that all lead data is automatically synced and updated.\n\nBy automating these tasks, AI-Pro LEAD Generator frees up your sales team to focus on higher-value activities such as building relationships, conducting demos, and closing deals. This increased efficiency can lead to a significant boost in sales productivity and revenue growth. Think of all the extra calls, emails, and follow-ups your team can manage when they're not bogged down in manual data entry.\n\n## 4. Predictive Lead Scoring: Prioritizing High-Potential Prospects\n\nNot all leads are created equal. Some are more likely to convert than others. AI-Pro LEAD Generator uses predictive lead scoring to identify the leads that have the highest potential to become customers.\n\nThe AI analyzes various factors, such as demographics, firmographics, and engagement data, to assign each lead a score. Leads with higher scores are considered more qualified and should be prioritized by your sales team. This allows your team to focus their efforts on the prospects that are most likely to close, maximizing their efficiency and conversion rates.\n\nHere's a simple example:\n\n| Lead Name      | Company Size | Industry    | Engagement Score | Lead Score |\n|----------------|--------------|-------------|------------------|------------|\n| John Smith     | 50-200        | Technology  | 8                | 92         |\n| Jane Doe       | 10-50         | Healthcare  | 5                | 65         |\n| Robert Jones   | 200-500       | Manufacturing| 2                | 40         |\n\nIn this example, John Smith would be the highest priority lead because of his high lead score. Your sales team should focus on him first.\n\nThis feature is particularly useful for businesses that generate a large volume of leads. It helps them to quickly identify the most promising prospects and avoid wasting time on unqualified leads. Remember to check out our other article, \"How SEO Can Boost Your Business Sales\" (slug: seo-business-sales), for more strategies to improve your sales pipeline.\n\n## 5. Improved Sales Intelligence: Making Data-Driven Decisions\n\nAI-Pro LEAD Generator provides valuable insights into your sales process, allowing you to make data-driven decisions that improve your team's performance. The tool tracks key metrics such as:\n\n*   **Lead Generation Rate:** The number of leads generated per month or week.\n*   **Conversion Rate:** The percentage of leads that convert into customers.\n*   **Cost Per Lead:** The cost of generating each lead.\n*   **Sales Cycle Length:** The average time it takes to close a deal.\n\nBy monitoring these metrics, you can identify areas where your sales process can be improved. For example, if you notice that your conversion rate is low, you can investigate the reasons why and take steps to address the issue. Perhaps your messaging needs to be refined, or your sales team needs additional training.\n\nFurthermore, AI-Pro LEAD Generator can help you identify your most successful sales strategies and replicate them across your team. By analyzing the data, you can determine which types of leads are most likely to convert and which sales tactics are most effective.\n\nConsider the insights from our other post, \"How to Find the Best Hiking Trails Near You: A Beginner's Guide\" (slug: how-to-find-the-best-hiking-trails-near-you-a-beginners-guide). Just as hikers need data on trail difficulty and conditions, sales teams need data to navigate the sales landscape effectively.\n\n## External Resources\n\nFor further reading on AI in sales and lead generation, consider these resources:\n\n1.  **Salesforce Research:** Offers numerous reports and articles on the impact of AI on sales.\n2.  **HubSpot:** Provides a wealth of information on inbound marketing and sales strategies, including how to leverage AI.\n3.  **Gartner:** Offers research and insights on technology trends, including AI and its applications in business.\n\n## Conclusion: Empower Your Sales Team with AI-Pro LEAD Generator\n\nIn today's fast-paced business environment, having the right tools is essential for success. AI-Pro LEAD Generator is a powerful tool that can help your sales team to work smarter, not harder. By automating tedious tasks, providing valuable data insights, and prioritizing high-potential prospects, AI-Pro LEAD Generator can supercharge your sales team and drive revenue growth.\n\nReady to unlock the full potential of your sales team? Contact us today for a demo of AI-Pro LEAD Generator and discover how it can transform your sales process. Don't forget to check out \"The Legend of Zelda: Breath of the Wild - A Revolution in Open-World Gaming\" (slug: zelda-botw), while it's a different topic, it illustrates the power of innovation and thinking outside the box, principles that also apply to sales and lead generation.",
    "code": "var Component=(()=>{var u=Object.create;var r=Object.defineProperty;var g=Object.getOwnPropertyDescriptor;var m=Object.getOwnPropertyNames;var p=Object.getPrototypeOf,f=Object.prototype.hasOwnProperty;var y=(n,a)=>()=>(a||n((a={exports:{}}).exports,a),a.exports),w=(n,a)=>{for(var t in a)r(n,t,{get:a[t],enumerable:!0})},o=(n,a,t,s)=>{if(a&&typeof a==\"object\"||typeof a==\"function\")for(let i of m(a))!f.call(n,i)&&i!==t&&r(n,i,{get:()=>a[i],enumerable:!(s=g(a,i))||s.enumerable});return n};var v=(n,a,t)=>(t=n!=null?u(p(n)):{},o(a||!n||!n.__esModule?r(t,\"default\",{value:n,enumerable:!0}):t,n)),b=n=>o(r({},\"__esModule\",{value:!0}),n);var d=y((x,l)=>{l.exports=_jsx_runtime});var A={};w(A,{default:()=>c,frontmatter:()=>k});var e=v(d()),k={title:\"5 Ways AI-Pro LEAD Generator Can Supercharge Your Sales Team\",date:\"2025-05-14\",slug:\"5-ways-ai-pro-lead-generator-can-supercharge-your-sales-team\",tags:[\"sales\",\"lead generation\",\"AI\",\"productivity\",\"automation\"],draft:!1,summary:\"Explore five key benefits of using AI-Pro LEAD Generator, including targeted lead scraping, data enrichment, and time-saving automation, to empower your sales team and drive revenue growth.\"};function h(n){let a={a:\"a\",h1:\"h1\",h2:\"h2\",li:\"li\",ol:\"ol\",p:\"p\",path:\"path\",span:\"span\",strong:\"strong\",svg:\"svg\",table:\"table\",tbody:\"tbody\",td:\"td\",th:\"th\",thead:\"thead\",tr:\"tr\",ul:\"ul\",...n.components};return(0,e.jsxs)(e.Fragment,{children:[(0,e.jsxs)(a.h1,{className:\"content-header\",id:\"5-ways-ai-pro-lead-generator-can-supercharge-your-sales-team\",children:[(0,e.jsx)(a.a,{\"aria-hidden\":\"true\",href:\"#5-ways-ai-pro-lead-generator-can-supercharge-your-sales-team\",tabIndex:\"-1\",children:(0,e.jsx)(e.Fragment,{children:(0,e.jsx)(a.span,{className:\"content-header-link\",children:(0,e.jsxs)(a.svg,{className:\"h-5 linkicon w-5\",fill:\"currentColor\",viewBox:\"0 0 20 20\",xmlns:\"http://www.w3.org/2000/svg\",children:[(0,e.jsx)(a.path,{d:\"M12.232 4.232a2.5 2.5 0 0 1 3.536 3.536l-1.225 1.224a.75.75 0 0 0 1.061 1.06l1.224-1.224a4 4 0 0 0-5.656-5.656l-3 3a4 4 0 0 0 .225 5.865.75.75 0 0 0 .977-1.138 2.5 2.5 0 0 1-.142-3.667l3-3Z\"}),(0,e.jsx)(a.path,{d:\"M11.603 7.963a.75.75 0 0 0-.977 1.138 2.5 2.5 0 0 1 .142 3.667l-3 3a2.5 2.5 0 0 1-3.536-3.536l1.225-1.224a.75.75 0 0 0-1.061-1.06l-1.224 1.224a4 4 0 1 0 5.656 5.656l3-3a4 4 0 0 0-.225-5.865Z\"})]})})})}),\"5 Ways AI-Pro LEAD Generator Can Supercharge Your Sales Team\"]}),(0,e.jsx)(a.p,{children:\"Are your sales team's efforts feeling like a shot in the dark? Are they spending too much time sifting through unqualified leads and not enough time closing deals? In today's competitive market, efficiency and precision are key. That's where AI-Pro LEAD Generator comes in. This isn't just another lead generation tool; it's a strategic weapon that can transform your sales process and dramatically boost your bottom line. Let's dive into five ways AI-Pro LEAD Generator can supercharge your sales team.\"}),(0,e.jsxs)(a.h2,{className:\"content-header\",id:\"1-laser-targeted-lead-scraping-finding-the-right-prospects\",children:[(0,e.jsx)(a.a,{\"aria-hidden\":\"true\",href:\"#1-laser-targeted-lead-scraping-finding-the-right-prospects\",tabIndex:\"-1\",children:(0,e.jsx)(e.Fragment,{children:(0,e.jsx)(a.span,{className:\"content-header-link\",children:(0,e.jsxs)(a.svg,{className:\"h-5 linkicon w-5\",fill:\"currentColor\",viewBox:\"0 0 20 20\",xmlns:\"http://www.w3.org/2000/svg\",children:[(0,e.jsx)(a.path,{d:\"M12.232 4.232a2.5 2.5 0 0 1 3.536 3.536l-1.225 1.224a.75.75 0 0 0 1.061 1.06l1.224-1.224a4 4 0 0 0-5.656-5.656l-3 3a4 4 0 0 0 .225 5.865.75.75 0 0 0 .977-1.138 2.5 2.5 0 0 1-.142-3.667l3-3Z\"}),(0,e.jsx)(a.path,{d:\"M11.603 7.963a.75.75 0 0 0-.977 1.138 2.5 2.5 0 0 1 .142 3.667l-3 3a2.5 2.5 0 0 1-3.536-3.536l1.225-1.224a.75.75 0 0 0-1.061-1.06l-1.224 1.224a4 4 0 1 0 5.656 5.656l3-3a4 4 0 0 0-.225-5.865Z\"})]})})})}),\"1. Laser-Targeted Lead Scraping: Finding the Right Prospects\"]}),(0,e.jsx)(a.p,{children:\"Traditional lead generation often involves casting a wide net and hoping to catch a few relevant fish. This approach is time-consuming and inefficient. AI-Pro LEAD Generator changes the game by using sophisticated AI algorithms to scrape the web for leads that precisely match your ideal customer profile.\"}),(0,e.jsx)(a.p,{children:\"Think about it: instead of your team manually searching LinkedIn, industry directories, and other online sources, the AI does it for them, 24/7. You define your target audience based on criteria like industry, company size, job title, location, and more. The AI then tirelessly searches for leads that meet those criteria, ensuring that your sales team focuses only on the most promising prospects.\"}),(0,e.jsx)(a.p,{children:\"This targeted approach saves valuable time and resources, allowing your sales team to focus on what they do best: building relationships and closing deals. It's like having a dedicated research team working around the clock to identify your next big customer.\"}),(0,e.jsxs)(a.h2,{className:\"content-header\",id:\"2-data-enrichment-unlocking-deeper-insights\",children:[(0,e.jsx)(a.a,{\"aria-hidden\":\"true\",href:\"#2-data-enrichment-unlocking-deeper-insights\",tabIndex:\"-1\",children:(0,e.jsx)(e.Fragment,{children:(0,e.jsx)(a.span,{className:\"content-header-link\",children:(0,e.jsxs)(a.svg,{className:\"h-5 linkicon w-5\",fill:\"currentColor\",viewBox:\"0 0 20 20\",xmlns:\"http://www.w3.org/2000/svg\",children:[(0,e.jsx)(a.path,{d:\"M12.232 4.232a2.5 2.5 0 0 1 3.536 3.536l-1.225 1.224a.75.75 0 0 0 1.061 1.06l1.224-1.224a4 4 0 0 0-5.656-5.656l-3 3a4 4 0 0 0 .225 5.865.75.75 0 0 0 .977-1.138 2.5 2.5 0 0 1-.142-3.667l3-3Z\"}),(0,e.jsx)(a.path,{d:\"M11.603 7.963a.75.75 0 0 0-.977 1.138 2.5 2.5 0 0 1 .142 3.667l-3 3a2.5 2.5 0 0 1-3.536-3.536l1.225-1.224a.75.75 0 0 0-1.061-1.06l-1.224 1.224a4 4 0 1 0 5.656 5.656l3-3a4 4 0 0 0-.225-5.865Z\"})]})})})}),\"2. Data Enrichment: Unlocking Deeper Insights\"]}),(0,e.jsx)(a.p,{children:\"Simply having a name and email address isn't enough to build a meaningful connection with a prospect. Your sales team needs context. AI-Pro LEAD Generator automatically enriches lead data by adding valuable information such as:\"}),(0,e.jsxs)(a.ul,{children:[(0,e.jsxs)(a.li,{children:[(0,e.jsx)(a.strong,{children:\"Company Information:\"}),\" Revenue, employee count, industry, location, and website.\"]}),(0,e.jsxs)(a.li,{children:[(0,e.jsx)(a.strong,{children:\"Social Media Profiles:\"}),\" Links to LinkedIn, Twitter, Facebook, and other relevant social media accounts.\"]}),(0,e.jsxs)(a.li,{children:[(0,e.jsx)(a.strong,{children:\"Technology Stack:\"}),\" Insights into the technologies the company uses, providing valuable talking points for your sales team.\"]}),(0,e.jsxs)(a.li,{children:[(0,e.jsx)(a.strong,{children:\"News Mentions:\"}),\" Recent news articles or press releases that mention the company or its key executives.\"]})]}),(0,e.jsx)(a.p,{children:\"This enriched data gives your sales team a comprehensive understanding of each prospect, enabling them to personalize their outreach and tailor their messaging to address specific needs and pain points. Imagine how much more effective your sales pitches will be when you can speak directly to a prospect's challenges and offer solutions that are relevant to their business.\"}),(0,e.jsxs)(a.h2,{className:\"content-header\",id:\"3-time-saving-automation-freeing-up-your-sales-team\",children:[(0,e.jsx)(a.a,{\"aria-hidden\":\"true\",href:\"#3-time-saving-automation-freeing-up-your-sales-team\",tabIndex:\"-1\",children:(0,e.jsx)(e.Fragment,{children:(0,e.jsx)(a.span,{className:\"content-header-link\",children:(0,e.jsxs)(a.svg,{className:\"h-5 linkicon w-5\",fill:\"currentColor\",viewBox:\"0 0 20 20\",xmlns:\"http://www.w3.org/2000/svg\",children:[(0,e.jsx)(a.path,{d:\"M12.232 4.232a2.5 2.5 0 0 1 3.536 3.536l-1.225 1.224a.75.75 0 0 0 1.061 1.06l1.224-1.224a4 4 0 0 0-5.656-5.656l-3 3a4 4 0 0 0 .225 5.865.75.75 0 0 0 .977-1.138 2.5 2.5 0 0 1-.142-3.667l3-3Z\"}),(0,e.jsx)(a.path,{d:\"M11.603 7.963a.75.75 0 0 0-.977 1.138 2.5 2.5 0 0 1 .142 3.667l-3 3a2.5 2.5 0 0 1-3.536-3.536l1.225-1.224a.75.75 0 0 0-1.061-1.06l-1.224 1.224a4 4 0 1 0 5.656 5.656l3-3a4 4 0 0 0-.225-5.865Z\"})]})})})}),\"3. Time-Saving Automation: Freeing Up Your Sales Team\"]}),(0,e.jsx)(a.p,{children:\"One of the biggest benefits of AI-Pro LEAD Generator is its ability to automate many of the tedious and time-consuming tasks associated with lead generation. This includes:\"}),(0,e.jsxs)(a.ul,{children:[(0,e.jsxs)(a.li,{children:[(0,e.jsx)(a.strong,{children:\"Lead Scraping:\"}),\" Automatically searching for and collecting leads based on your defined criteria.\"]}),(0,e.jsxs)(a.li,{children:[(0,e.jsx)(a.strong,{children:\"Data Enrichment:\"}),\" Automatically adding valuable information to each lead profile.\"]}),(0,e.jsxs)(a.li,{children:[(0,e.jsx)(a.strong,{children:\"Lead Scoring:\"}),\" Automatically ranking leads based on their likelihood to convert, allowing your sales team to prioritize their efforts.\"]}),(0,e.jsxs)(a.li,{children:[(0,e.jsx)(a.strong,{children:\"CRM Integration:\"}),\" Seamlessly integrating with your existing CRM system, ensuring that all lead data is automatically synced and updated.\"]})]}),(0,e.jsx)(a.p,{children:\"By automating these tasks, AI-Pro LEAD Generator frees up your sales team to focus on higher-value activities such as building relationships, conducting demos, and closing deals. This increased efficiency can lead to a significant boost in sales productivity and revenue growth. Think of all the extra calls, emails, and follow-ups your team can manage when they're not bogged down in manual data entry.\"}),(0,e.jsxs)(a.h2,{className:\"content-header\",id:\"4-predictive-lead-scoring-prioritizing-high-potential-prospects\",children:[(0,e.jsx)(a.a,{\"aria-hidden\":\"true\",href:\"#4-predictive-lead-scoring-prioritizing-high-potential-prospects\",tabIndex:\"-1\",children:(0,e.jsx)(e.Fragment,{children:(0,e.jsx)(a.span,{className:\"content-header-link\",children:(0,e.jsxs)(a.svg,{className:\"h-5 linkicon w-5\",fill:\"currentColor\",viewBox:\"0 0 20 20\",xmlns:\"http://www.w3.org/2000/svg\",children:[(0,e.jsx)(a.path,{d:\"M12.232 4.232a2.5 2.5 0 0 1 3.536 3.536l-1.225 1.224a.75.75 0 0 0 1.061 1.06l1.224-1.224a4 4 0 0 0-5.656-5.656l-3 3a4 4 0 0 0 .225 5.865.75.75 0 0 0 .977-1.138 2.5 2.5 0 0 1-.142-3.667l3-3Z\"}),(0,e.jsx)(a.path,{d:\"M11.603 7.963a.75.75 0 0 0-.977 1.138 2.5 2.5 0 0 1 .142 3.667l-3 3a2.5 2.5 0 0 1-3.536-3.536l1.225-1.224a.75.75 0 0 0-1.061-1.06l-1.224 1.224a4 4 0 1 0 5.656 5.656l3-3a4 4 0 0 0-.225-5.865Z\"})]})})})}),\"4. Predictive Lead Scoring: Prioritizing High-Potential Prospects\"]}),(0,e.jsx)(a.p,{children:\"Not all leads are created equal. Some are more likely to convert than others. AI-Pro LEAD Generator uses predictive lead scoring to identify the leads that have the highest potential to become customers.\"}),(0,e.jsx)(a.p,{children:\"The AI analyzes various factors, such as demographics, firmographics, and engagement data, to assign each lead a score. Leads with higher scores are considered more qualified and should be prioritized by your sales team. This allows your team to focus their efforts on the prospects that are most likely to close, maximizing their efficiency and conversion rates.\"}),(0,e.jsx)(a.p,{children:\"Here's a simple example:\"}),(0,e.jsxs)(a.table,{children:[(0,e.jsx)(a.thead,{children:(0,e.jsxs)(a.tr,{children:[(0,e.jsx)(a.th,{children:\"Lead Name\"}),(0,e.jsx)(a.th,{children:\"Company Size\"}),(0,e.jsx)(a.th,{children:\"Industry\"}),(0,e.jsx)(a.th,{children:\"Engagement Score\"}),(0,e.jsx)(a.th,{children:\"Lead Score\"})]})}),(0,e.jsxs)(a.tbody,{children:[(0,e.jsxs)(a.tr,{children:[(0,e.jsx)(a.td,{children:\"John Smith\"}),(0,e.jsx)(a.td,{children:\"50-200\"}),(0,e.jsx)(a.td,{children:\"Technology\"}),(0,e.jsx)(a.td,{children:\"8\"}),(0,e.jsx)(a.td,{children:\"92\"})]}),(0,e.jsxs)(a.tr,{children:[(0,e.jsx)(a.td,{children:\"Jane Doe\"}),(0,e.jsx)(a.td,{children:\"10-50\"}),(0,e.jsx)(a.td,{children:\"Healthcare\"}),(0,e.jsx)(a.td,{children:\"5\"}),(0,e.jsx)(a.td,{children:\"65\"})]}),(0,e.jsxs)(a.tr,{children:[(0,e.jsx)(a.td,{children:\"Robert Jones\"}),(0,e.jsx)(a.td,{children:\"200-500\"}),(0,e.jsx)(a.td,{children:\"Manufacturing\"}),(0,e.jsx)(a.td,{children:\"2\"}),(0,e.jsx)(a.td,{children:\"40\"})]})]})]}),(0,e.jsx)(a.p,{children:\"In this example, John Smith would be the highest priority lead because of his high lead score. Your sales team should focus on him first.\"}),(0,e.jsx)(a.p,{children:'This feature is particularly useful for businesses that generate a large volume of leads. It helps them to quickly identify the most promising prospects and avoid wasting time on unqualified leads. Remember to check out our other article, \"How SEO Can Boost Your Business Sales\" (slug: seo-business-sales), for more strategies to improve your sales pipeline.'}),(0,e.jsxs)(a.h2,{className:\"content-header\",id:\"5-improved-sales-intelligence-making-data-driven-decisions\",children:[(0,e.jsx)(a.a,{\"aria-hidden\":\"true\",href:\"#5-improved-sales-intelligence-making-data-driven-decisions\",tabIndex:\"-1\",children:(0,e.jsx)(e.Fragment,{children:(0,e.jsx)(a.span,{className:\"content-header-link\",children:(0,e.jsxs)(a.svg,{className:\"h-5 linkicon w-5\",fill:\"currentColor\",viewBox:\"0 0 20 20\",xmlns:\"http://www.w3.org/2000/svg\",children:[(0,e.jsx)(a.path,{d:\"M12.232 4.232a2.5 2.5 0 0 1 3.536 3.536l-1.225 1.224a.75.75 0 0 0 1.061 1.06l1.224-1.224a4 4 0 0 0-5.656-5.656l-3 3a4 4 0 0 0 .225 5.865.75.75 0 0 0 .977-1.138 2.5 2.5 0 0 1-.142-3.667l3-3Z\"}),(0,e.jsx)(a.path,{d:\"M11.603 7.963a.75.75 0 0 0-.977 1.138 2.5 2.5 0 0 1 .142 3.667l-3 3a2.5 2.5 0 0 1-3.536-3.536l1.225-1.224a.75.75 0 0 0-1.061-1.06l-1.224 1.224a4 4 0 1 0 5.656 5.656l3-3a4 4 0 0 0-.225-5.865Z\"})]})})})}),\"5. Improved Sales Intelligence: Making Data-Driven Decisions\"]}),(0,e.jsx)(a.p,{children:\"AI-Pro LEAD Generator provides valuable insights into your sales process, allowing you to make data-driven decisions that improve your team's performance. The tool tracks key metrics such as:\"}),(0,e.jsxs)(a.ul,{children:[(0,e.jsxs)(a.li,{children:[(0,e.jsx)(a.strong,{children:\"Lead Generation Rate:\"}),\" The number of leads generated per month or week.\"]}),(0,e.jsxs)(a.li,{children:[(0,e.jsx)(a.strong,{children:\"Conversion Rate:\"}),\" The percentage of leads that convert into customers.\"]}),(0,e.jsxs)(a.li,{children:[(0,e.jsx)(a.strong,{children:\"Cost Per Lead:\"}),\" The cost of generating each lead.\"]}),(0,e.jsxs)(a.li,{children:[(0,e.jsx)(a.strong,{children:\"Sales Cycle Length:\"}),\" The average time it takes to close a deal.\"]})]}),(0,e.jsx)(a.p,{children:\"By monitoring these metrics, you can identify areas where your sales process can be improved. For example, if you notice that your conversion rate is low, you can investigate the reasons why and take steps to address the issue. Perhaps your messaging needs to be refined, or your sales team needs additional training.\"}),(0,e.jsx)(a.p,{children:\"Furthermore, AI-Pro LEAD Generator can help you identify your most successful sales strategies and replicate them across your team. By analyzing the data, you can determine which types of leads are most likely to convert and which sales tactics are most effective.\"}),(0,e.jsx)(a.p,{children:`Consider the insights from our other post, \"How to Find the Best Hiking Trails Near You: A Beginner's Guide\" (slug: how-to-find-the-best-hiking-trails-near-you-a-beginners-guide). Just as hikers need data on trail difficulty and conditions, sales teams need data to navigate the sales landscape effectively.`}),(0,e.jsxs)(a.h2,{className:\"content-header\",id:\"external-resources\",children:[(0,e.jsx)(a.a,{\"aria-hidden\":\"true\",href:\"#external-resources\",tabIndex:\"-1\",children:(0,e.jsx)(e.Fragment,{children:(0,e.jsx)(a.span,{className:\"content-header-link\",children:(0,e.jsxs)(a.svg,{className:\"h-5 linkicon w-5\",fill:\"currentColor\",viewBox:\"0 0 20 20\",xmlns:\"http://www.w3.org/2000/svg\",children:[(0,e.jsx)(a.path,{d:\"M12.232 4.232a2.5 2.5 0 0 1 3.536 3.536l-1.225 1.224a.75.75 0 0 0 1.061 1.06l1.224-1.224a4 4 0 0 0-5.656-5.656l-3 3a4 4 0 0 0 .225 5.865.75.75 0 0 0 .977-1.138 2.5 2.5 0 0 1-.142-3.667l3-3Z\"}),(0,e.jsx)(a.path,{d:\"M11.603 7.963a.75.75 0 0 0-.977 1.138 2.5 2.5 0 0 1 .142 3.667l-3 3a2.5 2.5 0 0 1-3.536-3.536l1.225-1.224a.75.75 0 0 0-1.061-1.06l-1.224 1.224a4 4 0 1 0 5.656 5.656l3-3a4 4 0 0 0-.225-5.865Z\"})]})})})}),\"External Resources\"]}),(0,e.jsx)(a.p,{children:\"For further reading on AI in sales and lead generation, consider these resources:\"}),(0,e.jsxs)(a.ol,{children:[(0,e.jsxs)(a.li,{children:[(0,e.jsx)(a.strong,{children:\"Salesforce Research:\"}),\" Offers numerous reports and articles on the impact of AI on sales.\"]}),(0,e.jsxs)(a.li,{children:[(0,e.jsx)(a.strong,{children:\"HubSpot:\"}),\" Provides a wealth of information on inbound marketing and sales strategies, including how to leverage AI.\"]}),(0,e.jsxs)(a.li,{children:[(0,e.jsx)(a.strong,{children:\"Gartner:\"}),\" Offers research and insights on technology trends, including AI and its applications in business.\"]})]}),(0,e.jsxs)(a.h2,{className:\"content-header\",id:\"conclusion-empower-your-sales-team-with-ai-pro-lead-generator\",children:[(0,e.jsx)(a.a,{\"aria-hidden\":\"true\",href:\"#conclusion-empower-your-sales-team-with-ai-pro-lead-generator\",tabIndex:\"-1\",children:(0,e.jsx)(e.Fragment,{children:(0,e.jsx)(a.span,{className:\"content-header-link\",children:(0,e.jsxs)(a.svg,{className:\"h-5 linkicon w-5\",fill:\"currentColor\",viewBox:\"0 0 20 20\",xmlns:\"http://www.w3.org/2000/svg\",children:[(0,e.jsx)(a.path,{d:\"M12.232 4.232a2.5 2.5 0 0 1 3.536 3.536l-1.225 1.224a.75.75 0 0 0 1.061 1.06l1.224-1.224a4 4 0 0 0-5.656-5.656l-3 3a4 4 0 0 0 .225 5.865.75.75 0 0 0 .977-1.138 2.5 2.5 0 0 1-.142-3.667l3-3Z\"}),(0,e.jsx)(a.path,{d:\"M11.603 7.963a.75.75 0 0 0-.977 1.138 2.5 2.5 0 0 1 .142 3.667l-3 3a2.5 2.5 0 0 1-3.536-3.536l1.225-1.224a.75.75 0 0 0-1.061-1.06l-1.224 1.224a4 4 0 1 0 5.656 5.656l3-3a4 4 0 0 0-.225-5.865Z\"})]})})})}),\"Conclusion: Empower Your Sales Team with AI-Pro LEAD Generator\"]}),(0,e.jsx)(a.p,{children:\"In today's fast-paced business environment, having the right tools is essential for success. AI-Pro LEAD Generator is a powerful tool that can help your sales team to work smarter, not harder. By automating tedious tasks, providing valuable data insights, and prioritizing high-potential prospects, AI-Pro LEAD Generator can supercharge your sales team and drive revenue growth.\"}),(0,e.jsx)(a.p,{children:`Ready to unlock the full potential of your sales team? Contact us today for a demo of AI-Pro LEAD Generator and discover how it can transform your sales process. Don't forget to check out \"The Legend of Zelda: Breath of the Wild - A Revolution in Open-World Gaming\" (slug: zelda-botw), while it's a different topic, it illustrates the power of innovation and thinking outside the box, principles that also apply to sales and lead generation.`})]})}function c(n={}){let{wrapper:a}=n.components||{};return a?(0,e.jsx)(a,{...n,children:(0,e.jsx)(h,{...n})}):h(n)}return b(A);})();\n;return Component;"
  },
  "_id": "blog/5-ways-ai-pro-lead-generator-can-supercharge-your-sales-team.mdx",
  "_raw": {
    "sourceFilePath": "blog/5-ways-ai-pro-lead-generator-can-supercharge-your-sales-team.mdx",
    "sourceFileName": "5-ways-ai-pro-lead-generator-can-supercharge-your-sales-team.mdx",
    "sourceFileDir": "blog",
    "contentType": "mdx",
    "flattenedPath": "blog/5-ways-ai-pro-lead-generator-can-supercharge-your-sales-team"
  },
  "type": "Blog",
  "readingTime": {
    "text": "7 min read",
    "minutes": 6.16,
    "time": 369600,
    "words": 1232
  },
  "path": "blog/5-ways-ai-pro-lead-generator-can-supercharge-your-sales-team",
  "filePath": "blog/5-ways-ai-pro-lead-generator-can-supercharge-your-sales-team.mdx",
  "toc": [
    {
      "value": "5 Ways AI-Pro LEAD Generator Can Supercharge Your Sales Team",
      "url": "#5-ways-ai-pro-lead-generator-can-supercharge-your-sales-team",
      "depth": 1
    },
    {
      "value": "1. Laser-Targeted Lead Scraping: Finding the Right Prospects",
      "url": "#1-laser-targeted-lead-scraping-finding-the-right-prospects",
      "depth": 2
    },
    {
      "value": "2. Data Enrichment: Unlocking Deeper Insights",
      "url": "#2-data-enrichment-unlocking-deeper-insights",
      "depth": 2
    },
    {
      "value": "3. Time-Saving Automation: Freeing Up Your Sales Team",
      "url": "#3-time-saving-automation-freeing-up-your-sales-team",
      "depth": 2
    },
    {
      "value": "4. Predictive Lead Scoring: Prioritizing High-Potential Prospects",
      "url": "#4-predictive-lead-scoring-prioritizing-high-potential-prospects",
      "depth": 2
    },
    {
      "value": "5. Improved Sales Intelligence: Making Data-Driven Decisions",
      "url": "#5-improved-sales-intelligence-making-data-driven-decisions",
      "depth": 2
    },
    {
      "value": "External Resources",
      "url": "#external-resources",
      "depth": 2
    },
    {
      "value": "Conclusion: Empower Your Sales Team with AI-Pro LEAD Generator",
      "url": "#conclusion-empower-your-sales-team-with-ai-pro-lead-generator",
      "depth": 2
    }
  ],
  "structuredData": {
    "@context": "https://schema.org",
    "@type": "BlogPosting",
    "headline": "5 Ways AI-Pro LEAD Generator Can Supercharge Your Sales Team",
    "datePublished": "2025-05-14T00:00:00.000Z",
    "dateModified": "2025-05-14T00:00:00.000Z",
    "description": "Explore five key benefits of using AI-Pro LEAD Generator, including targeted lead scraping, data enrichment, and time-saving automation, to empower your sales team and drive revenue growth.",
    "image": "/static/images/twitter-card.jpg",
    "url": "https://allset-template.vercel.app/blog/5-ways-ai-pro-lead-generator-can-supercharge-your-sales-team"
  }
}