{
  "title": "Unde modi exercitati",
  "date": "1973-09-08T00:00:00.000Z",
  "tags": [
    "Reprehenderit dolor"
  ],
  "summary": "Commodi soluta delec",
  "authors": [
    "Autem aliquip anim q"
  ],
  "body": {
    "raw": "\nDolorum quos in rati\n",
    "code": "var Component=(()=>{var l=Object.create;var r=Object.defineProperty;var p=Object.getOwnPropertyDescriptor;var x=Object.getOwnPropertyNames;var f=Object.getPrototypeOf,_=Object.prototype.hasOwnProperty;var h=(t,e)=>()=>(e||t((e={exports:{}}).exports,e),e.exports),j=(t,e)=>{for(var o in e)r(t,o,{get:e[o],enumerable:!0})},u=(t,e,o,a)=>{if(e&&typeof e==\"object\"||typeof e==\"function\")for(let n of x(e))!_.call(t,n)&&n!==o&&r(t,n,{get:()=>e[n],enumerable:!(a=p(e,n))||a.enumerable});return t};var q=(t,e,o)=>(o=t!=null?l(f(t)):{},u(e||!t||!t.__esModule?r(o,\"default\",{value:t,enumerable:!0}):o,t)),C=t=>u(r({},\"__esModule\",{value:!0}),t);var s=h((y,m)=>{m.exports=_jsx_runtime});var M={};j(M,{default:()=>d,frontmatter:()=>D});var i=q(s()),D={title:\"Unde modi exercitati\",date:\"1973-09-08\",slug:\"Sed odio aspernatur\",tags:[\"Reprehenderit dolor\"],authors:[\"Autem aliquip anim q\"],summary:\"Commodi soluta delec\"};function c(t){let e={p:\"p\",...t.components};return(0,i.jsx)(e.p,{children:\"Dolorum quos in rati\"})}function d(t={}){let{wrapper:e}=t.components||{};return e?(0,i.jsx)(e,{...t,children:(0,i.jsx)(c,{...t})}):c(t)}return C(M);})();\n;return Component;"
  },
  "_id": "blog/Sed odio aspernatur .mdx",
  "_raw": {
    "sourceFilePath": "blog/Sed odio aspernatur .mdx",
    "sourceFileName": "Sed odio aspernatur .mdx",
    "sourceFileDir": "blog",
    "contentType": "mdx",
    "flattenedPath": "blog/Sed odio aspernatur "
  },
  "type": "Blog",
  "readingTime": {
    "text": "1 min read",
    "minutes": 0.02,
    "time": 1200,
    "words": 4
  },
  "slug": "Sed odio aspernatur ",
  "path": "blog/Sed odio aspernatur ",
  "filePath": "blog/Sed odio aspernatur .mdx",
  "toc": [],
  "structuredData": {
    "@context": "https://schema.org",
    "@type": "BlogPosting",
    "headline": "Unde modi exercitati",
    "datePublished": "1973-09-08T00:00:00.000Z",
    "dateModified": "1973-09-08T00:00:00.000Z",
    "description": "Commodi soluta delec",
    "image": "/static/images/twitter-card.jpg",
    "url": "https://tailwind-nextjs-starter-blog.vercel.app/blog/Sed odio aspernatur "
  }
}