{
  "title": "Inventore ex ut omni",
  "date": "1971-07-20T00:00:00.000Z",
  "tags": [
    "Consectetur ratione"
  ],
  "slug": "et-porro-impedit-vo",
  "summary": "Eaque provident dol",
  "authors": [
    "Cillum laboris enim"
  ],
  "body": {
    "raw": "\n# Inventore ex ut omni\n\nEligendi voluptas re. Lorem ipsum dolor sit amet, consectetur adipiscing elit. Sed do eiusmod tempor incididunt ut labore et dolore magna aliqua. Ut enim ad minim veniam, quis nostrud exercitation ullamco laboris nisi ut aliquip ex ea commodo consequat.\n\n## Key Points\n\n- Duis aute irure dolor in reprehenderit\n- Voluptate velit esse cillum dolore\n- Eu fugiat nulla pariatur\n- Excepteur sint occaecat cupidatat non proident\n\n## Further Details\n\nSunt in culpa qui officia deserunt mollit anim id est laborum. Sed ut perspiciatis unde omnis iste natus error sit voluptatem accusantium doloremque laudantium, totam rem aperiam, eaque ipsa quae ab illo inventore veritatis et quasi architecto beatae vitae dicta sunt explicabo.\n\n### Benefits\n\n1. Nemo enim ipsam voluptatem quia voluptas\n2. Sit aspernatur aut odit aut fugit\n3. Sed quia consequuntur magni dolores\n4. Eos qui ratione voluptatem sequi nesciunt\n\n## Conclusion\n\nNeque porro quisquam est, qui dolorem ipsum quia dolor sit amet, consectetur, adipisci velit, sed quia non numquam eius modi tempora incidunt ut labore et dolore magnam aliquam quaerat voluptatem.\n",
    "code": "var Component=(()=>{var h=Object.create;var l=Object.defineProperty;var m=Object.getOwnPropertyDescriptor;var p=Object.getOwnPropertyNames;var v=Object.getPrototypeOf,x=Object.prototype.hasOwnProperty;var w=(i,e)=>()=>(e||i((e={exports:{}}).exports,e),e.exports),g=(i,e)=>{for(var n in e)l(i,n,{get:e[n],enumerable:!0})},o=(i,e,n,r)=>{if(e&&typeof e==\"object\"||typeof e==\"function\")for(let t of p(e))!x.call(i,t)&&t!==n&&l(i,t,{get:()=>e[t],enumerable:!(r=m(e,t))||r.enumerable});return i};var f=(i,e,n)=>(n=i!=null?h(v(i)):{},o(e||!i||!i.__esModule?l(n,\"default\",{value:i,enumerable:!0}):n,i)),q=i=>o(l({},\"__esModule\",{value:!0}),i);var d=w((k,s)=>{s.exports=_jsx_runtime});var b={};g(b,{default:()=>u,frontmatter:()=>N});var a=f(d()),N={title:\"Inventore ex ut omni\",date:\"1971-07-20\",slug:\"et-porro-impedit-vo\",tags:[\"Consectetur ratione\"],authors:[\"Cillum laboris enim\"],summary:\"Eaque provident dol\"};function c(i){let e={a:\"a\",h1:\"h1\",h2:\"h2\",h3:\"h3\",li:\"li\",ol:\"ol\",p:\"p\",path:\"path\",span:\"span\",svg:\"svg\",ul:\"ul\",...i.components};return(0,a.jsxs)(a.Fragment,{children:[(0,a.jsxs)(e.h1,{className:\"content-header\",id:\"inventore-ex-ut-omni\",children:[(0,a.jsx)(e.a,{\"aria-hidden\":\"true\",href:\"#inventore-ex-ut-omni\",tabIndex:\"-1\",children:(0,a.jsx)(a.Fragment,{children:(0,a.jsx)(e.span,{className:\"content-header-link\",children:(0,a.jsxs)(e.svg,{className:\"h-5 linkicon w-5\",fill:\"currentColor\",viewBox:\"0 0 20 20\",xmlns:\"http://www.w3.org/2000/svg\",children:[(0,a.jsx)(e.path,{d:\"M12.232 4.232a2.5 2.5 0 0 1 3.536 3.536l-1.225 1.224a.75.75 0 0 0 1.061 1.06l1.224-1.224a4 4 0 0 0-5.656-5.656l-3 3a4 4 0 0 0 .225 5.865.75.75 0 0 0 .977-1.138 2.5 2.5 0 0 1-.142-3.667l3-3Z\"}),(0,a.jsx)(e.path,{d:\"M11.603 7.963a.75.75 0 0 0-.977 1.138 2.5 2.5 0 0 1 .142 3.667l-3 3a2.5 2.5 0 0 1-3.536-3.536l1.225-1.224a.75.75 0 0 0-1.061-1.06l-1.224 1.224a4 4 0 1 0 5.656 5.656l3-3a4 4 0 0 0-.225-5.865Z\"})]})})})}),\"Inventore ex ut omni\"]}),(0,a.jsx)(e.p,{children:\"Eligendi voluptas re. Lorem ipsum dolor sit amet, consectetur adipiscing elit. Sed do eiusmod tempor incididunt ut labore et dolore magna aliqua. Ut enim ad minim veniam, quis nostrud exercitation ullamco laboris nisi ut aliquip ex ea commodo consequat.\"}),(0,a.jsxs)(e.h2,{className:\"content-header\",id:\"key-points\",children:[(0,a.jsx)(e.a,{\"aria-hidden\":\"true\",href:\"#key-points\",tabIndex:\"-1\",children:(0,a.jsx)(a.Fragment,{children:(0,a.jsx)(e.span,{className:\"content-header-link\",children:(0,a.jsxs)(e.svg,{className:\"h-5 linkicon w-5\",fill:\"currentColor\",viewBox:\"0 0 20 20\",xmlns:\"http://www.w3.org/2000/svg\",children:[(0,a.jsx)(e.path,{d:\"M12.232 4.232a2.5 2.5 0 0 1 3.536 3.536l-1.225 1.224a.75.75 0 0 0 1.061 1.06l1.224-1.224a4 4 0 0 0-5.656-5.656l-3 3a4 4 0 0 0 .225 5.865.75.75 0 0 0 .977-1.138 2.5 2.5 0 0 1-.142-3.667l3-3Z\"}),(0,a.jsx)(e.path,{d:\"M11.603 7.963a.75.75 0 0 0-.977 1.138 2.5 2.5 0 0 1 .142 3.667l-3 3a2.5 2.5 0 0 1-3.536-3.536l1.225-1.224a.75.75 0 0 0-1.061-1.06l-1.224 1.224a4 4 0 1 0 5.656 5.656l3-3a4 4 0 0 0-.225-5.865Z\"})]})})})}),\"Key Points\"]}),(0,a.jsxs)(e.ul,{children:[(0,a.jsx)(e.li,{children:\"Duis aute irure dolor in reprehenderit\"}),(0,a.jsx)(e.li,{children:\"Voluptate velit esse cillum dolore\"}),(0,a.jsx)(e.li,{children:\"Eu fugiat nulla pariatur\"}),(0,a.jsx)(e.li,{children:\"Excepteur sint occaecat cupidatat non proident\"})]}),(0,a.jsxs)(e.h2,{className:\"content-header\",id:\"further-details\",children:[(0,a.jsx)(e.a,{\"aria-hidden\":\"true\",href:\"#further-details\",tabIndex:\"-1\",children:(0,a.jsx)(a.Fragment,{children:(0,a.jsx)(e.span,{className:\"content-header-link\",children:(0,a.jsxs)(e.svg,{className:\"h-5 linkicon w-5\",fill:\"currentColor\",viewBox:\"0 0 20 20\",xmlns:\"http://www.w3.org/2000/svg\",children:[(0,a.jsx)(e.path,{d:\"M12.232 4.232a2.5 2.5 0 0 1 3.536 3.536l-1.225 1.224a.75.75 0 0 0 1.061 1.06l1.224-1.224a4 4 0 0 0-5.656-5.656l-3 3a4 4 0 0 0 .225 5.865.75.75 0 0 0 .977-1.138 2.5 2.5 0 0 1-.142-3.667l3-3Z\"}),(0,a.jsx)(e.path,{d:\"M11.603 7.963a.75.75 0 0 0-.977 1.138 2.5 2.5 0 0 1 .142 3.667l-3 3a2.5 2.5 0 0 1-3.536-3.536l1.225-1.224a.75.75 0 0 0-1.061-1.06l-1.224 1.224a4 4 0 1 0 5.656 5.656l3-3a4 4 0 0 0-.225-5.865Z\"})]})})})}),\"Further Details\"]}),(0,a.jsx)(e.p,{children:\"Sunt in culpa qui officia deserunt mollit anim id est laborum. Sed ut perspiciatis unde omnis iste natus error sit voluptatem accusantium doloremque laudantium, totam rem aperiam, eaque ipsa quae ab illo inventore veritatis et quasi architecto beatae vitae dicta sunt explicabo.\"}),(0,a.jsxs)(e.h3,{className:\"content-header\",id:\"benefits\",children:[(0,a.jsx)(e.a,{\"aria-hidden\":\"true\",href:\"#benefits\",tabIndex:\"-1\",children:(0,a.jsx)(a.Fragment,{children:(0,a.jsx)(e.span,{className:\"content-header-link\",children:(0,a.jsxs)(e.svg,{className:\"h-5 linkicon w-5\",fill:\"currentColor\",viewBox:\"0 0 20 20\",xmlns:\"http://www.w3.org/2000/svg\",children:[(0,a.jsx)(e.path,{d:\"M12.232 4.232a2.5 2.5 0 0 1 3.536 3.536l-1.225 1.224a.75.75 0 0 0 1.061 1.06l1.224-1.224a4 4 0 0 0-5.656-5.656l-3 3a4 4 0 0 0 .225 5.865.75.75 0 0 0 .977-1.138 2.5 2.5 0 0 1-.142-3.667l3-3Z\"}),(0,a.jsx)(e.path,{d:\"M11.603 7.963a.75.75 0 0 0-.977 1.138 2.5 2.5 0 0 1 .142 3.667l-3 3a2.5 2.5 0 0 1-3.536-3.536l1.225-1.224a.75.75 0 0 0-1.061-1.06l-1.224 1.224a4 4 0 1 0 5.656 5.656l3-3a4 4 0 0 0-.225-5.865Z\"})]})})})}),\"Benefits\"]}),(0,a.jsxs)(e.ol,{children:[(0,a.jsx)(e.li,{children:\"Nemo enim ipsam voluptatem quia voluptas\"}),(0,a.jsx)(e.li,{children:\"Sit aspernatur aut odit aut fugit\"}),(0,a.jsx)(e.li,{children:\"Sed quia consequuntur magni dolores\"}),(0,a.jsx)(e.li,{children:\"Eos qui ratione voluptatem sequi nesciunt\"})]}),(0,a.jsxs)(e.h2,{className:\"content-header\",id:\"conclusion\",children:[(0,a.jsx)(e.a,{\"aria-hidden\":\"true\",href:\"#conclusion\",tabIndex:\"-1\",children:(0,a.jsx)(a.Fragment,{children:(0,a.jsx)(e.span,{className:\"content-header-link\",children:(0,a.jsxs)(e.svg,{className:\"h-5 linkicon w-5\",fill:\"currentColor\",viewBox:\"0 0 20 20\",xmlns:\"http://www.w3.org/2000/svg\",children:[(0,a.jsx)(e.path,{d:\"M12.232 4.232a2.5 2.5 0 0 1 3.536 3.536l-1.225 1.224a.75.75 0 0 0 1.061 1.06l1.224-1.224a4 4 0 0 0-5.656-5.656l-3 3a4 4 0 0 0 .225 5.865.75.75 0 0 0 .977-1.138 2.5 2.5 0 0 1-.142-3.667l3-3Z\"}),(0,a.jsx)(e.path,{d:\"M11.603 7.963a.75.75 0 0 0-.977 1.138 2.5 2.5 0 0 1 .142 3.667l-3 3a2.5 2.5 0 0 1-3.536-3.536l1.225-1.224a.75.75 0 0 0-1.061-1.06l-1.224 1.224a4 4 0 1 0 5.656 5.656l3-3a4 4 0 0 0-.225-5.865Z\"})]})})})}),\"Conclusion\"]}),(0,a.jsx)(e.p,{children:\"Neque porro quisquam est, qui dolorem ipsum quia dolor sit amet, consectetur, adipisci velit, sed quia non numquam eius modi tempora incidunt ut labore et dolore magnam aliquam quaerat voluptatem.\"})]})}function u(i={}){let{wrapper:e}=i.components||{};return e?(0,a.jsx)(e,{...i,children:(0,a.jsx)(c,{...i})}):c(i)}return q(b);})();\n;return Component;"
  },
  "_id": "blog/et-porro-impedit-vo.mdx",
  "_raw": {
    "sourceFilePath": "blog/et-porro-impedit-vo.mdx",
    "sourceFileName": "et-porro-impedit-vo.mdx",
    "sourceFileDir": "blog",
    "contentType": "mdx",
    "flattenedPath": "blog/et-porro-impedit-vo"
  },
  "type": "Blog",
  "readingTime": {
    "text": "1 min read",
    "minutes": 0.89,
    "time": 53400,
    "words": 178
  },
  "path": "blog/et-porro-impedit-vo",
  "filePath": "blog/et-porro-impedit-vo.mdx",
  "toc": [
    {
      "value": "Inventore ex ut omni",
      "url": "#inventore-ex-ut-omni",
      "depth": 1
    },
    {
      "value": "Key Points",
      "url": "#key-points",
      "depth": 2
    },
    {
      "value": "Further Details",
      "url": "#further-details",
      "depth": 2
    },
    {
      "value": "Benefits",
      "url": "#benefits",
      "depth": 3
    },
    {
      "value": "Conclusion",
      "url": "#conclusion",
      "depth": 2
    }
  ],
  "structuredData": {
    "@context": "https://schema.org",
    "@type": "BlogPosting",
    "headline": "Inventore ex ut omni",
    "datePublished": "1971-07-20T00:00:00.000Z",
    "dateModified": "1971-07-20T00:00:00.000Z",
    "description": "Eaque provident dol",
    "image": "/static/images/twitter-card.jpg",
    "url": "https://tailwind-nextjs-starter-blog.vercel.app/blog/et-porro-impedit-vo"
  }
}