{
  "title": "Introducing Multi-part Posts with Nested Routing",
  "date": "2021-05-02T00:00:00.000Z",
  "tags": [
    "multi-author",
    "next-js",
    "feature"
  ],
  "draft": false,
  "summary": "The blog template supports posts in nested sub-folders. This can be used to group posts of similar content e.g. a multi-part course. This post is itself an example of a nested route!",
  "body": {
    "raw": "\n# Nested Routes\n\nThe blog template supports posts in nested sub-folders. This helps in organisation and can be used to group posts of similar content e.g. a multi-part series. This post is itself an example of a nested route! It's located in the `/data/blog/nested-route` folder.\n\n## How\n\nSimplify create multiple folders inside the main `/data/blog` folder and add your `.md`/`.mdx` files to them. You can even create something like `/data/blog/nested-route/deeply-nested-route/my-post.md`\n\nWe use Next.js catch all routes to handle the routing and path creations.\n\n## Use Cases\n\nHere are some reasons to use nested routes\n\n- More logical content organisation (blogs will still be displayed based on the created date)\n- Multi-part posts\n- Different sub-routes for each author\n- Internationalization (though it would be recommended to use [Next.js built-in i8n routing](https://nextjs.org/docs/advanced-features/i18n-routing))\n\n## Note\n\n- The previous/next post links at bottom of the template are currently sorted by date. One could explore modifying the template to refer the reader to the previous/next post in the series, rather than by date.\n",
    "code": "var Component=(()=>{var u=Object.create;var s=Object.defineProperty;var p=Object.getOwnPropertyDescriptor;var m=Object.getOwnPropertyNames;var g=Object.getPrototypeOf,f=Object.prototype.hasOwnProperty;var w=(a,e)=>()=>(e||a((e={exports:{}}).exports,e),e.exports),x=(a,e)=>{for(var n in e)s(a,n,{get:e[n],enumerable:!0})},o=(a,e,n,r)=>{if(e&&typeof e==\"object\"||typeof e==\"function\")for(let l of m(e))!f.call(a,l)&&l!==n&&s(a,l,{get:()=>e[l],enumerable:!(r=p(e,l))||r.enumerable});return a};var b=(a,e,n)=>(n=a!=null?u(g(a)):{},o(e||!a||!a.__esModule?s(n,\"default\",{value:a,enumerable:!0}):n,a)),v=a=>o(s({},\"__esModule\",{value:!0}),a);var d=w((k,i)=>{i.exports=_jsx_runtime});var M={};x(M,{default:()=>c,frontmatter:()=>N});var t=b(d()),N={title:\"Introducing Multi-part Posts with Nested Routing\",date:\"2021-05-02\",tags:[\"multi-author\",\"next-js\",\"feature\"],draft:!1,summary:\"The blog template supports posts in nested sub-folders. This can be used to group posts of similar content e.g. a multi-part course. This post is itself an example of a nested route!\"};function h(a){let e={a:\"a\",code:\"code\",h1:\"h1\",h2:\"h2\",li:\"li\",p:\"p\",path:\"path\",span:\"span\",svg:\"svg\",ul:\"ul\",...a.components};return(0,t.jsxs)(t.Fragment,{children:[(0,t.jsxs)(e.h1,{className:\"content-header\",id:\"nested-routes\",children:[(0,t.jsx)(e.a,{href:\"#nested-routes\",\"aria-hidden\":\"true\",tabIndex:\"-1\",children:(0,t.jsx)(t.Fragment,{children:(0,t.jsx)(e.span,{className:\"content-header-link\",children:(0,t.jsxs)(e.svg,{className:\"h-5 linkicon w-5\",fill:\"currentColor\",viewBox:\"0 0 20 20\",xmlns:\"http://www.w3.org/2000/svg\",children:[(0,t.jsx)(e.path,{d:\"M12.232 4.232a2.5 2.5 0 0 1 3.536 3.536l-1.225 1.224a.75.75 0 0 0 1.061 1.06l1.224-1.224a4 4 0 0 0-5.656-5.656l-3 3a4 4 0 0 0 .225 5.865.75.75 0 0 0 .977-1.138 2.5 2.5 0 0 1-.142-3.667l3-3Z\"}),(0,t.jsx)(e.path,{d:\"M11.603 7.963a.75.75 0 0 0-.977 1.138 2.5 2.5 0 0 1 .142 3.667l-3 3a2.5 2.5 0 0 1-3.536-3.536l1.225-1.224a.75.75 0 0 0-1.061-1.06l-1.224 1.224a4 4 0 1 0 5.656 5.656l3-3a4 4 0 0 0-.225-5.865Z\"})]})})})}),\"Nested Routes\"]}),(0,t.jsxs)(e.p,{children:[\"The blog template supports posts in nested sub-folders. This helps in organisation and can be used to group posts of similar content e.g. a multi-part series. This post is itself an example of a nested route! It's located in the \",(0,t.jsx)(e.code,{children:\"/data/blog/nested-route\"}),\" folder.\"]}),(0,t.jsxs)(e.h2,{className:\"content-header\",id:\"how\",children:[(0,t.jsx)(e.a,{href:\"#how\",\"aria-hidden\":\"true\",tabIndex:\"-1\",children:(0,t.jsx)(t.Fragment,{children:(0,t.jsx)(e.span,{className:\"content-header-link\",children:(0,t.jsxs)(e.svg,{className:\"h-5 linkicon w-5\",fill:\"currentColor\",viewBox:\"0 0 20 20\",xmlns:\"http://www.w3.org/2000/svg\",children:[(0,t.jsx)(e.path,{d:\"M12.232 4.232a2.5 2.5 0 0 1 3.536 3.536l-1.225 1.224a.75.75 0 0 0 1.061 1.06l1.224-1.224a4 4 0 0 0-5.656-5.656l-3 3a4 4 0 0 0 .225 5.865.75.75 0 0 0 .977-1.138 2.5 2.5 0 0 1-.142-3.667l3-3Z\"}),(0,t.jsx)(e.path,{d:\"M11.603 7.963a.75.75 0 0 0-.977 1.138 2.5 2.5 0 0 1 .142 3.667l-3 3a2.5 2.5 0 0 1-3.536-3.536l1.225-1.224a.75.75 0 0 0-1.061-1.06l-1.224 1.224a4 4 0 1 0 5.656 5.656l3-3a4 4 0 0 0-.225-5.865Z\"})]})})})}),\"How\"]}),(0,t.jsxs)(e.p,{children:[\"Simplify create multiple folders inside the main \",(0,t.jsx)(e.code,{children:\"/data/blog\"}),\" folder and add your \",(0,t.jsx)(e.code,{children:\".md\"}),\"/\",(0,t.jsx)(e.code,{children:\".mdx\"}),\" files to them. You can even create something like \",(0,t.jsx)(e.code,{children:\"/data/blog/nested-route/deeply-nested-route/my-post.md\"})]}),(0,t.jsx)(e.p,{children:\"We use Next.js catch all routes to handle the routing and path creations.\"}),(0,t.jsxs)(e.h2,{className:\"content-header\",id:\"use-cases\",children:[(0,t.jsx)(e.a,{href:\"#use-cases\",\"aria-hidden\":\"true\",tabIndex:\"-1\",children:(0,t.jsx)(t.Fragment,{children:(0,t.jsx)(e.span,{className:\"content-header-link\",children:(0,t.jsxs)(e.svg,{className:\"h-5 linkicon w-5\",fill:\"currentColor\",viewBox:\"0 0 20 20\",xmlns:\"http://www.w3.org/2000/svg\",children:[(0,t.jsx)(e.path,{d:\"M12.232 4.232a2.5 2.5 0 0 1 3.536 3.536l-1.225 1.224a.75.75 0 0 0 1.061 1.06l1.224-1.224a4 4 0 0 0-5.656-5.656l-3 3a4 4 0 0 0 .225 5.865.75.75 0 0 0 .977-1.138 2.5 2.5 0 0 1-.142-3.667l3-3Z\"}),(0,t.jsx)(e.path,{d:\"M11.603 7.963a.75.75 0 0 0-.977 1.138 2.5 2.5 0 0 1 .142 3.667l-3 3a2.5 2.5 0 0 1-3.536-3.536l1.225-1.224a.75.75 0 0 0-1.061-1.06l-1.224 1.224a4 4 0 1 0 5.656 5.656l3-3a4 4 0 0 0-.225-5.865Z\"})]})})})}),\"Use Cases\"]}),(0,t.jsx)(e.p,{children:\"Here are some reasons to use nested routes\"}),(0,t.jsxs)(e.ul,{children:[(0,t.jsx)(e.li,{children:\"More logical content organisation (blogs will still be displayed based on the created date)\"}),(0,t.jsx)(e.li,{children:\"Multi-part posts\"}),(0,t.jsx)(e.li,{children:\"Different sub-routes for each author\"}),(0,t.jsxs)(e.li,{children:[\"Internationalization (though it would be recommended to use \",(0,t.jsx)(e.a,{href:\"https://nextjs.org/docs/advanced-features/i18n-routing\",children:\"Next.js built-in i8n routing\"}),\")\"]})]}),(0,t.jsxs)(e.h2,{className:\"content-header\",id:\"note\",children:[(0,t.jsx)(e.a,{href:\"#note\",\"aria-hidden\":\"true\",tabIndex:\"-1\",children:(0,t.jsx)(t.Fragment,{children:(0,t.jsx)(e.span,{className:\"content-header-link\",children:(0,t.jsxs)(e.svg,{className:\"h-5 linkicon w-5\",fill:\"currentColor\",viewBox:\"0 0 20 20\",xmlns:\"http://www.w3.org/2000/svg\",children:[(0,t.jsx)(e.path,{d:\"M12.232 4.232a2.5 2.5 0 0 1 3.536 3.536l-1.225 1.224a.75.75 0 0 0 1.061 1.06l1.224-1.224a4 4 0 0 0-5.656-5.656l-3 3a4 4 0 0 0 .225 5.865.75.75 0 0 0 .977-1.138 2.5 2.5 0 0 1-.142-3.667l3-3Z\"}),(0,t.jsx)(e.path,{d:\"M11.603 7.963a.75.75 0 0 0-.977 1.138 2.5 2.5 0 0 1 .142 3.667l-3 3a2.5 2.5 0 0 1-3.536-3.536l1.225-1.224a.75.75 0 0 0-1.061-1.06l-1.224 1.224a4 4 0 1 0 5.656 5.656l3-3a4 4 0 0 0-.225-5.865Z\"})]})})})}),\"Note\"]}),(0,t.jsx)(e.ul,{children:(0,t.jsx)(e.li,{children:\"The previous/next post links at bottom of the template are currently sorted by date. One could explore modifying the template to refer the reader to the previous/next post in the series, rather than by date.\"})})]})}function c(a={}){let{wrapper:e}=a.components||{};return e?(0,t.jsx)(e,{...a,children:(0,t.jsx)(h,{...a})}):h(a)}return v(M);})();\n;return Component;"
  },
  "_id": "blog/nested-route/introducing-multi-part-posts-with-nested-routing.mdx",
  "_raw": {
    "sourceFilePath": "blog/nested-route/introducing-multi-part-posts-with-nested-routing.mdx",
    "sourceFileName": "introducing-multi-part-posts-with-nested-routing.mdx",
    "sourceFileDir": "blog/nested-route",
    "contentType": "mdx",
    "flattenedPath": "blog/nested-route/introducing-multi-part-posts-with-nested-routing"
  },
  "type": "Blog",
  "readingTime": {
    "text": "1 min read",
    "minutes": 0.845,
    "time": 50700,
    "words": 169
  },
  "slug": "nested-route/introducing-multi-part-posts-with-nested-routing",
  "path": "blog/nested-route/introducing-multi-part-posts-with-nested-routing",
  "filePath": "blog/nested-route/introducing-multi-part-posts-with-nested-routing.mdx",
  "toc": [
    {
      "value": "Nested Routes",
      "url": "#nested-routes",
      "depth": 1
    },
    {
      "value": "How",
      "url": "#how",
      "depth": 2
    },
    {
      "value": "Use Cases",
      "url": "#use-cases",
      "depth": 2
    },
    {
      "value": "Note",
      "url": "#note",
      "depth": 2
    }
  ],
  "structuredData": {
    "@context": "https://schema.org",
    "@type": "BlogPosting",
    "headline": "Introducing Multi-part Posts with Nested Routing",
    "datePublished": "2021-05-02T00:00:00.000Z",
    "dateModified": "2021-05-02T00:00:00.000Z",
    "description": "The blog template supports posts in nested sub-folders. This can be used to group posts of similar content e.g. a multi-part course. This post is itself an example of a nested route!",
    "image": "/static/images/twitter-card.png",
    "url": "https://tailwind-nextjs-starter-blog.vercel.app/blog/nested-route/introducing-multi-part-posts-with-nested-routing"
  }
}