{
  "title": "My fancy title",
  "date": "2021-01-31T00:00:00.000Z",
  "tags": [
    "hello"
  ],
  "draft": true,
  "summary": "draft post",
  "images": [],
  "body": {
    "raw": "\nDraft post which should not display\n",
    "code": "var Component=(()=>{var f=Object.create;var r=Object.defineProperty;var l=Object.getOwnPropertyDescriptor;var p=Object.getOwnPropertyNames;var x=Object.getPrototypeOf,h=Object.prototype.hasOwnProperty;var y=(t,n)=>()=>(n||t((n={exports:{}}).exports,n),n.exports),_=(t,n)=>{for(var e in n)r(t,e,{get:n[e],enumerable:!0})},c=(t,n,e,s)=>{if(n&&typeof n==\"object\"||typeof n==\"function\")for(let o of p(n))!h.call(t,o)&&o!==e&&r(t,o,{get:()=>n[o],enumerable:!(s=l(n,o))||s.enumerable});return t};var M=(t,n,e)=>(e=t!=null?f(x(t)):{},c(n||!t||!t.__esModule?r(e,\"default\",{value:t,enumerable:!0}):e,t)),j=t=>c(r({},\"__esModule\",{value:!0}),t);var m=y((C,i)=>{i.exports=_jsx_runtime});var g={};_(g,{default:()=>d,frontmatter:()=>D});var a=M(m()),D={title:\"My fancy title\",date:\"2021-01-31\",tags:[\"hello\"],draft:!0,summary:\"draft post\",images:[]};function u(t){let n={p:\"p\",...t.components};return(0,a.jsx)(n.p,{children:\"Draft post which should not display\"})}function d(t={}){let{wrapper:n}=t.components||{};return n?(0,a.jsx)(n,{...t,children:(0,a.jsx)(u,{...t})}):u(t)}return j(g);})();\n;return Component;"
  },
  "_id": "blog/my-fancy-title.mdx",
  "_raw": {
    "sourceFilePath": "blog/my-fancy-title.mdx",
    "sourceFileName": "my-fancy-title.mdx",
    "sourceFileDir": "blog",
    "contentType": "mdx",
    "flattenedPath": "blog/my-fancy-title"
  },
  "type": "Blog",
  "readingTime": {
    "text": "1 min read",
    "minutes": 0.03,
    "time": 1800,
    "words": 6
  },
  "slug": "my-fancy-title",
  "path": "blog/my-fancy-title",
  "filePath": "blog/my-fancy-title.mdx",
  "toc": [],
  "structuredData": {
    "@context": "https://schema.org",
    "@type": "BlogPosting",
    "headline": "My fancy title",
    "datePublished": "2021-01-31T00:00:00.000Z",
    "dateModified": "2021-01-31T00:00:00.000Z",
    "description": "draft post",
    "url": "https://tailwind-nextjs-starter-blog.vercel.app/blog/my-fancy-title"
  }
}