{
  "title": "Markdown Guide",
  "date": "2019-10-11T00:00:00.000Z",
  "tags": [
    "github",
    "guide"
  ],
  "draft": false,
  "summary": "Markdown cheatsheet for all your blogging needs - headers, lists, images, tables and more! An illustrated guide based on GitHub Flavored Markdown.",
  "body": {
    "raw": "\n# Introduction\n\nMarkdown and Mdx parsing is supported via `unified`, and other remark and rehype packages. `next-mdx-remote` allows us to parse `.mdx` and `.md` files in a more flexible manner without touching webpack.\n\nGitHub flavored markdown is used. `mdx-prism` provides syntax highlighting capabilities for code blocks. Here's a demo of how everything looks.\n\nThe following markdown cheatsheet is adapted from: https://guides.github.com/features/mastering-markdown/\n\n# What is Markdown?\n\nMarkdown is a way to style text on the web. You control the display of the document; formatting words as bold or italic, adding images, and creating lists are just a few of the things we can do with Markdown. Mostly, Markdown is just regular text with a few non-alphabetic characters thrown in, like `#` or `*`.\n\n# Syntax guide\n\nHere’s an overview of Markdown syntax that you can use anywhere on GitHub.com or in your own text files.\n\n## Headers\n\n```\n# This is a h1 tag\n\n## This is a h2 tag\n\n#### This is a h4 tag\n```\n\n# This is a h1 tag\n\n## This is a h2 tag\n\n#### This is a h4 tag\n\n## Emphasis\n\n```\n_This text will be italic_\n\n**This text will be bold**\n\n_You **can** combine them_\n```\n\n_This text will be italic_\n\n**This text will be bold**\n\n_You **can** combine them_\n\n## Lists\n\n### Unordered\n\n```\n- Item 1\n- Item 2\n  - Item 2a\n  - Item 2b\n```\n\n- Item 1\n- Item 2\n  - Item 2a\n  - Item 2b\n\n### Ordered\n\n```\n1. Item 1\n1. Item 2\n1. Item 3\n   1. Item 3a\n   1. Item 3b\n```\n\n1. Item 1\n1. Item 2\n1. Item 3\n   1. Item 3a\n   1. Item 3b\n\n## Images\n\n```\n![GitHub Logo](https://github.githubassets.com/images/modules/logos_page/GitHub-Mark.png)\nFormat: ![Alt Text](url)\n```\n\n![GitHub Logo](https://github.githubassets.com/images/modules/logos_page/GitHub-Mark.png)\n\n## Links\n\n```\nhttp://github.com - automatic!\n[GitHub](http://github.com)\n```\n\nhttp://github.com - automatic!\n[GitHub](http://github.com)\n\n## Blockquotes\n\n```\nAs Kanye West said:\n\n> We're living the future so\n> the present is our past.\n```\n\nAs Kanye West said:\n\n> We're living the future so\n> the present is our past.\n\n## Inline code\n\n```\nI think you should use an\n`<addr>` element here instead.\n```\n\nI think you should use an\n`<addr>` element here instead.\n\n## Syntax highlighting\n\nHere’s an example of how you can use syntax highlighting with [GitHub Flavored Markdown](https://help.github.com/articles/basic-writing-and-formatting-syntax/):\n\n````\n```js:fancyAlert.js\nfunction fancyAlert(arg) {\n  if (arg) {\n    $.facebox({ div: '#foo' })\n  }\n}\n```\n````\n\nAnd here's how it looks - nicely colored with styled code titles!\n\n```js:fancyAlert.js\nfunction fancyAlert(arg) {\n  if (arg) {\n    $.facebox({ div: '#foo' })\n  }\n}\n```\n\n## Footnotes\n\n```\nHere is a simple footnote[^1]. With some additional text after it.\n\n[^1]: My reference.\n```\n\nHere is a simple footnote[^1]. With some additional text after it.\n\n[^1]: My reference.\n\n## Task Lists\n\n```\n- [x] list syntax required (any unordered or ordered list supported)\n- [x] this is a complete item\n- [ ] this is an incomplete item\n```\n\n- [x] list syntax required (any unordered or ordered list supported)\n- [x] this is a complete item\n- [ ] this is an incomplete item\n\n## Tables\n\nYou can create tables by assembling a list of words and dividing them with hyphens `-` (for the first row), and then separating each column with a pipe `|`:\n\n```\n| First Header                | Second Header                |\n| --------------------------- | ---------------------------- |\n| Content from cell 1         | Content from cell 2          |\n| Content in the first column | Content in the second column |\n```\n\n| First Header                | Second Header                |\n| --------------------------- | ---------------------------- |\n| Content from cell 1         | Content from cell 2          |\n| Content in the first column | Content in the second column |\n\n## Strikethrough\n\nAny word wrapped with two tildes (like `~~this~~`) will appear ~~crossed out~~.\n",
    "code": "var Component=(()=>{var p=Object.create;var c=Object.defineProperty;var m=Object.getOwnPropertyDescriptor;var N=Object.getOwnPropertyNames;var k=Object.getPrototypeOf,u=Object.prototype.hasOwnProperty;var g=(n,a)=>()=>(a||n((a={exports:{}}).exports,a),a.exports),w=(n,a)=>{for(var s in a)c(n,s,{get:a[s],enumerable:!0})},r=(n,a,s,t)=>{if(a&&typeof a==\"object\"||typeof a==\"function\")for(let l of N(a))!u.call(n,l)&&l!==s&&c(n,l,{get:()=>a[l],enumerable:!(t=m(a,l))||t.enumerable});return n};var b=(n,a,s)=>(s=n!=null?p(k(n)):{},r(a||!n||!n.__esModule?c(s,\"default\",{value:n,enumerable:!0}):s,n)),f=n=>r(c({},\"__esModule\",{value:!0}),n);var o=g((M,i)=>{i.exports=_jsx_runtime});var y={};w(y,{default:()=>h,frontmatter:()=>x});var e=b(o()),x={title:\"Markdown Guide\",date:\"2019-10-11\",tags:[\"github\",\"guide\"],draft:!1,summary:\"Markdown cheatsheet for all your blogging needs - headers, lists, images, tables and more! An illustrated guide based on GitHub Flavored Markdown.\"};function d(n){let a={a:\"a\",blockquote:\"blockquote\",code:\"code\",del:\"del\",div:\"div\",em:\"em\",h1:\"h1\",h2:\"h2\",h3:\"h3\",h4:\"h4\",img:\"img\",input:\"input\",li:\"li\",ol:\"ol\",p:\"p\",path:\"path\",pre:\"pre\",section:\"section\",span:\"span\",strong:\"strong\",sup:\"sup\",svg:\"svg\",table:\"table\",tbody:\"tbody\",td:\"td\",th:\"th\",thead:\"thead\",tr:\"tr\",ul:\"ul\",...n.components};return(0,e.jsxs)(e.Fragment,{children:[(0,e.jsxs)(a.h1,{className:\"content-header\",id:\"introduction\",children:[(0,e.jsx)(a.a,{href:\"#introduction\",\"aria-hidden\":\"true\",tabIndex:\"-1\",children:(0,e.jsx)(e.Fragment,{children:(0,e.jsx)(a.span,{className:\"content-header-link\",children:(0,e.jsxs)(a.svg,{className:\"h-5 linkicon w-5\",fill:\"currentColor\",viewBox:\"0 0 20 20\",xmlns:\"http://www.w3.org/2000/svg\",children:[(0,e.jsx)(a.path,{d:\"M12.232 4.232a2.5 2.5 0 0 1 3.536 3.536l-1.225 1.224a.75.75 0 0 0 1.061 1.06l1.224-1.224a4 4 0 0 0-5.656-5.656l-3 3a4 4 0 0 0 .225 5.865.75.75 0 0 0 .977-1.138 2.5 2.5 0 0 1-.142-3.667l3-3Z\"}),(0,e.jsx)(a.path,{d:\"M11.603 7.963a.75.75 0 0 0-.977 1.138 2.5 2.5 0 0 1 .142 3.667l-3 3a2.5 2.5 0 0 1-3.536-3.536l1.225-1.224a.75.75 0 0 0-1.061-1.06l-1.224 1.224a4 4 0 1 0 5.656 5.656l3-3a4 4 0 0 0-.225-5.865Z\"})]})})})}),\"Introduction\"]}),(0,e.jsxs)(a.p,{children:[\"Markdown and Mdx parsing is supported via \",(0,e.jsx)(a.code,{children:\"unified\"}),\", and other remark and rehype packages. \",(0,e.jsx)(a.code,{children:\"next-mdx-remote\"}),\" allows us to parse \",(0,e.jsx)(a.code,{children:\".mdx\"}),\" and \",(0,e.jsx)(a.code,{children:\".md\"}),\" files in a more flexible manner without touching webpack.\"]}),(0,e.jsxs)(a.p,{children:[\"GitHub flavored markdown is used. \",(0,e.jsx)(a.code,{children:\"mdx-prism\"}),\" provides syntax highlighting capabilities for code blocks. Here's a demo of how everything looks.\"]}),(0,e.jsxs)(a.p,{children:[\"The following markdown cheatsheet is adapted from: \",(0,e.jsx)(a.a,{href:\"https://guides.github.com/features/mastering-markdown/\",children:\"https://guides.github.com/features/mastering-markdown/\"})]}),(0,e.jsxs)(a.h1,{className:\"content-header\",id:\"what-is-markdown\",children:[(0,e.jsx)(a.a,{href:\"#what-is-markdown\",\"aria-hidden\":\"true\",tabIndex:\"-1\",children:(0,e.jsx)(e.Fragment,{children:(0,e.jsx)(a.span,{className:\"content-header-link\",children:(0,e.jsxs)(a.svg,{className:\"h-5 linkicon w-5\",fill:\"currentColor\",viewBox:\"0 0 20 20\",xmlns:\"http://www.w3.org/2000/svg\",children:[(0,e.jsx)(a.path,{d:\"M12.232 4.232a2.5 2.5 0 0 1 3.536 3.536l-1.225 1.224a.75.75 0 0 0 1.061 1.06l1.224-1.224a4 4 0 0 0-5.656-5.656l-3 3a4 4 0 0 0 .225 5.865.75.75 0 0 0 .977-1.138 2.5 2.5 0 0 1-.142-3.667l3-3Z\"}),(0,e.jsx)(a.path,{d:\"M11.603 7.963a.75.75 0 0 0-.977 1.138 2.5 2.5 0 0 1 .142 3.667l-3 3a2.5 2.5 0 0 1-3.536-3.536l1.225-1.224a.75.75 0 0 0-1.061-1.06l-1.224 1.224a4 4 0 1 0 5.656 5.656l3-3a4 4 0 0 0-.225-5.865Z\"})]})})})}),\"What is Markdown?\"]}),(0,e.jsxs)(a.p,{children:[\"Markdown is a way to style text on the web. You control the display of the document; formatting words as bold or italic, adding images, and creating lists are just a few of the things we can do with Markdown. Mostly, Markdown is just regular text with a few non-alphabetic characters thrown in, like \",(0,e.jsx)(a.code,{children:\"#\"}),\" or \",(0,e.jsx)(a.code,{children:\"*\"}),\".\"]}),(0,e.jsxs)(a.h1,{className:\"content-header\",id:\"syntax-guide\",children:[(0,e.jsx)(a.a,{href:\"#syntax-guide\",\"aria-hidden\":\"true\",tabIndex:\"-1\",children:(0,e.jsx)(e.Fragment,{children:(0,e.jsx)(a.span,{className:\"content-header-link\",children:(0,e.jsxs)(a.svg,{className:\"h-5 linkicon w-5\",fill:\"currentColor\",viewBox:\"0 0 20 20\",xmlns:\"http://www.w3.org/2000/svg\",children:[(0,e.jsx)(a.path,{d:\"M12.232 4.232a2.5 2.5 0 0 1 3.536 3.536l-1.225 1.224a.75.75 0 0 0 1.061 1.06l1.224-1.224a4 4 0 0 0-5.656-5.656l-3 3a4 4 0 0 0 .225 5.865.75.75 0 0 0 .977-1.138 2.5 2.5 0 0 1-.142-3.667l3-3Z\"}),(0,e.jsx)(a.path,{d:\"M11.603 7.963a.75.75 0 0 0-.977 1.138 2.5 2.5 0 0 1 .142 3.667l-3 3a2.5 2.5 0 0 1-3.536-3.536l1.225-1.224a.75.75 0 0 0-1.061-1.06l-1.224 1.224a4 4 0 1 0 5.656 5.656l3-3a4 4 0 0 0-.225-5.865Z\"})]})})})}),\"Syntax guide\"]}),(0,e.jsx)(a.p,{children:\"Here\\u2019s an overview of Markdown syntax that you can use anywhere on GitHub.com or in your own text files.\"}),(0,e.jsxs)(a.h2,{className:\"content-header\",id:\"headers\",children:[(0,e.jsx)(a.a,{href:\"#headers\",\"aria-hidden\":\"true\",tabIndex:\"-1\",children:(0,e.jsx)(e.Fragment,{children:(0,e.jsx)(a.span,{className:\"content-header-link\",children:(0,e.jsxs)(a.svg,{className:\"h-5 linkicon w-5\",fill:\"currentColor\",viewBox:\"0 0 20 20\",xmlns:\"http://www.w3.org/2000/svg\",children:[(0,e.jsx)(a.path,{d:\"M12.232 4.232a2.5 2.5 0 0 1 3.536 3.536l-1.225 1.224a.75.75 0 0 0 1.061 1.06l1.224-1.224a4 4 0 0 0-5.656-5.656l-3 3a4 4 0 0 0 .225 5.865.75.75 0 0 0 .977-1.138 2.5 2.5 0 0 1-.142-3.667l3-3Z\"}),(0,e.jsx)(a.path,{d:\"M11.603 7.963a.75.75 0 0 0-.977 1.138 2.5 2.5 0 0 1 .142 3.667l-3 3a2.5 2.5 0 0 1-3.536-3.536l1.225-1.224a.75.75 0 0 0-1.061-1.06l-1.224 1.224a4 4 0 1 0 5.656 5.656l3-3a4 4 0 0 0-.225-5.865Z\"})]})})})}),\"Headers\"]}),(0,e.jsx)(a.pre,{className:\"language-js\",children:(0,e.jsxs)(a.code,{className:\"language-js code-highlight\",children:[(0,e.jsxs)(a.span,{className:\"code-line\",children:[\"# \",(0,e.jsx)(a.span,{className:\"token maybe-class-name\",children:\"This\"}),` is a h1 tag\n`]}),(0,e.jsx)(a.span,{className:\"code-line\",children:`\n`}),(0,e.jsxs)(a.span,{className:\"code-line\",children:[\"## \",(0,e.jsx)(a.span,{className:\"token maybe-class-name\",children:\"This\"}),` is a h2 tag\n`]}),(0,e.jsx)(a.span,{className:\"code-line\",children:`\n`}),(0,e.jsxs)(a.span,{className:\"code-line\",children:[\"#### \",(0,e.jsx)(a.span,{className:\"token maybe-class-name\",children:\"This\"}),` is a h4 tag\n`]})]})}),(0,e.jsxs)(a.h1,{className:\"content-header\",id:\"this-is-a-h1-tag\",children:[(0,e.jsx)(a.a,{href:\"#this-is-a-h1-tag\",\"aria-hidden\":\"true\",tabIndex:\"-1\",children:(0,e.jsx)(e.Fragment,{children:(0,e.jsx)(a.span,{className:\"content-header-link\",children:(0,e.jsxs)(a.svg,{className:\"h-5 linkicon w-5\",fill:\"currentColor\",viewBox:\"0 0 20 20\",xmlns:\"http://www.w3.org/2000/svg\",children:[(0,e.jsx)(a.path,{d:\"M12.232 4.232a2.5 2.5 0 0 1 3.536 3.536l-1.225 1.224a.75.75 0 0 0 1.061 1.06l1.224-1.224a4 4 0 0 0-5.656-5.656l-3 3a4 4 0 0 0 .225 5.865.75.75 0 0 0 .977-1.138 2.5 2.5 0 0 1-.142-3.667l3-3Z\"}),(0,e.jsx)(a.path,{d:\"M11.603 7.963a.75.75 0 0 0-.977 1.138 2.5 2.5 0 0 1 .142 3.667l-3 3a2.5 2.5 0 0 1-3.536-3.536l1.225-1.224a.75.75 0 0 0-1.061-1.06l-1.224 1.224a4 4 0 1 0 5.656 5.656l3-3a4 4 0 0 0-.225-5.865Z\"})]})})})}),\"This is a h1 tag\"]}),(0,e.jsxs)(a.h2,{className:\"content-header\",id:\"this-is-a-h2-tag\",children:[(0,e.jsx)(a.a,{href:\"#this-is-a-h2-tag\",\"aria-hidden\":\"true\",tabIndex:\"-1\",children:(0,e.jsx)(e.Fragment,{children:(0,e.jsx)(a.span,{className:\"content-header-link\",children:(0,e.jsxs)(a.svg,{className:\"h-5 linkicon w-5\",fill:\"currentColor\",viewBox:\"0 0 20 20\",xmlns:\"http://www.w3.org/2000/svg\",children:[(0,e.jsx)(a.path,{d:\"M12.232 4.232a2.5 2.5 0 0 1 3.536 3.536l-1.225 1.224a.75.75 0 0 0 1.061 1.06l1.224-1.224a4 4 0 0 0-5.656-5.656l-3 3a4 4 0 0 0 .225 5.865.75.75 0 0 0 .977-1.138 2.5 2.5 0 0 1-.142-3.667l3-3Z\"}),(0,e.jsx)(a.path,{d:\"M11.603 7.963a.75.75 0 0 0-.977 1.138 2.5 2.5 0 0 1 .142 3.667l-3 3a2.5 2.5 0 0 1-3.536-3.536l1.225-1.224a.75.75 0 0 0-1.061-1.06l-1.224 1.224a4 4 0 1 0 5.656 5.656l3-3a4 4 0 0 0-.225-5.865Z\"})]})})})}),\"This is a h2 tag\"]}),(0,e.jsxs)(a.h4,{className:\"content-header\",id:\"this-is-a-h4-tag\",children:[(0,e.jsx)(a.a,{href:\"#this-is-a-h4-tag\",\"aria-hidden\":\"true\",tabIndex:\"-1\",children:(0,e.jsx)(e.Fragment,{children:(0,e.jsx)(a.span,{className:\"content-header-link\",children:(0,e.jsxs)(a.svg,{className:\"h-5 linkicon w-5\",fill:\"currentColor\",viewBox:\"0 0 20 20\",xmlns:\"http://www.w3.org/2000/svg\",children:[(0,e.jsx)(a.path,{d:\"M12.232 4.232a2.5 2.5 0 0 1 3.536 3.536l-1.225 1.224a.75.75 0 0 0 1.061 1.06l1.224-1.224a4 4 0 0 0-5.656-5.656l-3 3a4 4 0 0 0 .225 5.865.75.75 0 0 0 .977-1.138 2.5 2.5 0 0 1-.142-3.667l3-3Z\"}),(0,e.jsx)(a.path,{d:\"M11.603 7.963a.75.75 0 0 0-.977 1.138 2.5 2.5 0 0 1 .142 3.667l-3 3a2.5 2.5 0 0 1-3.536-3.536l1.225-1.224a.75.75 0 0 0-1.061-1.06l-1.224 1.224a4 4 0 1 0 5.656 5.656l3-3a4 4 0 0 0-.225-5.865Z\"})]})})})}),\"This is a h4 tag\"]}),(0,e.jsxs)(a.h2,{className:\"content-header\",id:\"emphasis\",children:[(0,e.jsx)(a.a,{href:\"#emphasis\",\"aria-hidden\":\"true\",tabIndex:\"-1\",children:(0,e.jsx)(e.Fragment,{children:(0,e.jsx)(a.span,{className:\"content-header-link\",children:(0,e.jsxs)(a.svg,{className:\"h-5 linkicon w-5\",fill:\"currentColor\",viewBox:\"0 0 20 20\",xmlns:\"http://www.w3.org/2000/svg\",children:[(0,e.jsx)(a.path,{d:\"M12.232 4.232a2.5 2.5 0 0 1 3.536 3.536l-1.225 1.224a.75.75 0 0 0 1.061 1.06l1.224-1.224a4 4 0 0 0-5.656-5.656l-3 3a4 4 0 0 0 .225 5.865.75.75 0 0 0 .977-1.138 2.5 2.5 0 0 1-.142-3.667l3-3Z\"}),(0,e.jsx)(a.path,{d:\"M11.603 7.963a.75.75 0 0 0-.977 1.138 2.5 2.5 0 0 1 .142 3.667l-3 3a2.5 2.5 0 0 1-3.536-3.536l1.225-1.224a.75.75 0 0 0-1.061-1.06l-1.224 1.224a4 4 0 1 0 5.656 5.656l3-3a4 4 0 0 0-.225-5.865Z\"})]})})})}),\"Emphasis\"]}),(0,e.jsx)(a.pre,{className:\"language-js\",children:(0,e.jsxs)(a.code,{className:\"language-js code-highlight\",children:[(0,e.jsx)(a.span,{className:\"code-line\",children:`_This text will be italic_\n`}),(0,e.jsx)(a.span,{className:\"code-line\",children:`\n`}),(0,e.jsxs)(a.span,{className:\"code-line\",children:[(0,e.jsx)(a.span,{className:\"token operator\",children:\"**\"}),(0,e.jsx)(a.span,{className:\"token maybe-class-name\",children:\"This\"}),\" text will be bold\",(0,e.jsx)(a.span,{className:\"token operator\",children:\"**\"}),`\n`]}),(0,e.jsx)(a.span,{className:\"code-line\",children:`\n`}),(0,e.jsxs)(a.span,{className:\"code-line\",children:[\"_You \",(0,e.jsx)(a.span,{className:\"token operator\",children:\"**\"}),\"can\",(0,e.jsx)(a.span,{className:\"token operator\",children:\"**\"}),` combine them_\n`]})]})}),(0,e.jsx)(a.p,{children:(0,e.jsx)(a.em,{children:\"This text will be italic\"})}),(0,e.jsx)(a.p,{children:(0,e.jsx)(a.strong,{children:\"This text will be bold\"})}),(0,e.jsx)(a.p,{children:(0,e.jsxs)(a.em,{children:[\"You \",(0,e.jsx)(a.strong,{children:\"can\"}),\" combine them\"]})}),(0,e.jsxs)(a.h2,{className:\"content-header\",id:\"lists\",children:[(0,e.jsx)(a.a,{href:\"#lists\",\"aria-hidden\":\"true\",tabIndex:\"-1\",children:(0,e.jsx)(e.Fragment,{children:(0,e.jsx)(a.span,{className:\"content-header-link\",children:(0,e.jsxs)(a.svg,{className:\"h-5 linkicon w-5\",fill:\"currentColor\",viewBox:\"0 0 20 20\",xmlns:\"http://www.w3.org/2000/svg\",children:[(0,e.jsx)(a.path,{d:\"M12.232 4.232a2.5 2.5 0 0 1 3.536 3.536l-1.225 1.224a.75.75 0 0 0 1.061 1.06l1.224-1.224a4 4 0 0 0-5.656-5.656l-3 3a4 4 0 0 0 .225 5.865.75.75 0 0 0 .977-1.138 2.5 2.5 0 0 1-.142-3.667l3-3Z\"}),(0,e.jsx)(a.path,{d:\"M11.603 7.963a.75.75 0 0 0-.977 1.138 2.5 2.5 0 0 1 .142 3.667l-3 3a2.5 2.5 0 0 1-3.536-3.536l1.225-1.224a.75.75 0 0 0-1.061-1.06l-1.224 1.224a4 4 0 1 0 5.656 5.656l3-3a4 4 0 0 0-.225-5.865Z\"})]})})})}),\"Lists\"]}),(0,e.jsxs)(a.h3,{className:\"content-header\",id:\"unordered\",children:[(0,e.jsx)(a.a,{href:\"#unordered\",\"aria-hidden\":\"true\",tabIndex:\"-1\",children:(0,e.jsx)(e.Fragment,{children:(0,e.jsx)(a.span,{className:\"content-header-link\",children:(0,e.jsxs)(a.svg,{className:\"h-5 linkicon w-5\",fill:\"currentColor\",viewBox:\"0 0 20 20\",xmlns:\"http://www.w3.org/2000/svg\",children:[(0,e.jsx)(a.path,{d:\"M12.232 4.232a2.5 2.5 0 0 1 3.536 3.536l-1.225 1.224a.75.75 0 0 0 1.061 1.06l1.224-1.224a4 4 0 0 0-5.656-5.656l-3 3a4 4 0 0 0 .225 5.865.75.75 0 0 0 .977-1.138 2.5 2.5 0 0 1-.142-3.667l3-3Z\"}),(0,e.jsx)(a.path,{d:\"M11.603 7.963a.75.75 0 0 0-.977 1.138 2.5 2.5 0 0 1 .142 3.667l-3 3a2.5 2.5 0 0 1-3.536-3.536l1.225-1.224a.75.75 0 0 0-1.061-1.06l-1.224 1.224a4 4 0 1 0 5.656 5.656l3-3a4 4 0 0 0-.225-5.865Z\"})]})})})}),\"Unordered\"]}),(0,e.jsx)(a.pre,{className:\"language-js\",children:(0,e.jsxs)(a.code,{className:\"language-js code-highlight\",children:[(0,e.jsxs)(a.span,{className:\"code-line\",children:[(0,e.jsx)(a.span,{className:\"token operator\",children:\"-\"}),\" \",(0,e.jsx)(a.span,{className:\"token maybe-class-name\",children:\"Item\"}),\" \",(0,e.jsx)(a.span,{className:\"token number\",children:\"1\"}),`\n`]}),(0,e.jsxs)(a.span,{className:\"code-line\",children:[(0,e.jsx)(a.span,{className:\"token operator\",children:\"-\"}),\" \",(0,e.jsx)(a.span,{className:\"token maybe-class-name\",children:\"Item\"}),\" \",(0,e.jsx)(a.span,{className:\"token number\",children:\"2\"}),`\n`]}),(0,e.jsxs)(a.span,{className:\"code-line\",children:[\"  \",(0,e.jsx)(a.span,{className:\"token operator\",children:\"-\"}),\" \",(0,e.jsx)(a.span,{className:\"token maybe-class-name\",children:\"Item\"}),` 2a\n`]}),(0,e.jsxs)(a.span,{className:\"code-line\",children:[\"  \",(0,e.jsx)(a.span,{className:\"token operator\",children:\"-\"}),\" \",(0,e.jsx)(a.span,{className:\"token maybe-class-name\",children:\"Item\"}),` 2b\n`]})]})}),(0,e.jsxs)(a.ul,{children:[(0,e.jsx)(a.li,{children:\"Item 1\"}),(0,e.jsxs)(a.li,{children:[\"Item 2\",(0,e.jsxs)(a.ul,{children:[(0,e.jsx)(a.li,{children:\"Item 2a\"}),(0,e.jsx)(a.li,{children:\"Item 2b\"})]})]})]}),(0,e.jsxs)(a.h3,{className:\"content-header\",id:\"ordered\",children:[(0,e.jsx)(a.a,{href:\"#ordered\",\"aria-hidden\":\"true\",tabIndex:\"-1\",children:(0,e.jsx)(e.Fragment,{children:(0,e.jsx)(a.span,{className:\"content-header-link\",children:(0,e.jsxs)(a.svg,{className:\"h-5 linkicon w-5\",fill:\"currentColor\",viewBox:\"0 0 20 20\",xmlns:\"http://www.w3.org/2000/svg\",children:[(0,e.jsx)(a.path,{d:\"M12.232 4.232a2.5 2.5 0 0 1 3.536 3.536l-1.225 1.224a.75.75 0 0 0 1.061 1.06l1.224-1.224a4 4 0 0 0-5.656-5.656l-3 3a4 4 0 0 0 .225 5.865.75.75 0 0 0 .977-1.138 2.5 2.5 0 0 1-.142-3.667l3-3Z\"}),(0,e.jsx)(a.path,{d:\"M11.603 7.963a.75.75 0 0 0-.977 1.138 2.5 2.5 0 0 1 .142 3.667l-3 3a2.5 2.5 0 0 1-3.536-3.536l1.225-1.224a.75.75 0 0 0-1.061-1.06l-1.224 1.224a4 4 0 1 0 5.656 5.656l3-3a4 4 0 0 0-.225-5.865Z\"})]})})})}),\"Ordered\"]}),(0,e.jsx)(a.pre,{className:\"language-js\",children:(0,e.jsxs)(a.code,{className:\"language-js code-highlight\",children:[(0,e.jsxs)(a.span,{className:\"code-line\",children:[(0,e.jsx)(a.span,{className:\"token number\",children:\"1.\"}),\" \",(0,e.jsx)(a.span,{className:\"token maybe-class-name\",children:\"Item\"}),\" \",(0,e.jsx)(a.span,{className:\"token number\",children:\"1\"}),`\n`]}),(0,e.jsxs)(a.span,{className:\"code-line\",children:[(0,e.jsx)(a.span,{className:\"token number\",children:\"1.\"}),\" \",(0,e.jsx)(a.span,{className:\"token maybe-class-name\",children:\"Item\"}),\" \",(0,e.jsx)(a.span,{className:\"token number\",children:\"2\"}),`\n`]}),(0,e.jsxs)(a.span,{className:\"code-line\",children:[(0,e.jsx)(a.span,{className:\"token number\",children:\"1.\"}),\" \",(0,e.jsx)(a.span,{className:\"token maybe-class-name\",children:\"Item\"}),\" \",(0,e.jsx)(a.span,{className:\"token number\",children:\"3\"}),`\n`]}),(0,e.jsxs)(a.span,{className:\"code-line\",children:[\"   \",(0,e.jsx)(a.span,{className:\"token number\",children:\"1.\"}),\" \",(0,e.jsx)(a.span,{className:\"token maybe-class-name\",children:\"Item\"}),` 3a\n`]}),(0,e.jsxs)(a.span,{className:\"code-line\",children:[\"   \",(0,e.jsx)(a.span,{className:\"token number\",children:\"1.\"}),\" \",(0,e.jsx)(a.span,{className:\"token maybe-class-name\",children:\"Item\"}),` 3b\n`]})]})}),(0,e.jsxs)(a.ol,{children:[(0,e.jsx)(a.li,{children:\"Item 1\"}),(0,e.jsx)(a.li,{children:\"Item 2\"}),(0,e.jsxs)(a.li,{children:[\"Item 3\",(0,e.jsxs)(a.ol,{children:[(0,e.jsx)(a.li,{children:\"Item 3a\"}),(0,e.jsx)(a.li,{children:\"Item 3b\"})]})]})]}),(0,e.jsxs)(a.h2,{className:\"content-header\",id:\"images\",children:[(0,e.jsx)(a.a,{href:\"#images\",\"aria-hidden\":\"true\",tabIndex:\"-1\",children:(0,e.jsx)(e.Fragment,{children:(0,e.jsx)(a.span,{className:\"content-header-link\",children:(0,e.jsxs)(a.svg,{className:\"h-5 linkicon w-5\",fill:\"currentColor\",viewBox:\"0 0 20 20\",xmlns:\"http://www.w3.org/2000/svg\",children:[(0,e.jsx)(a.path,{d:\"M12.232 4.232a2.5 2.5 0 0 1 3.536 3.536l-1.225 1.224a.75.75 0 0 0 1.061 1.06l1.224-1.224a4 4 0 0 0-5.656-5.656l-3 3a4 4 0 0 0 .225 5.865.75.75 0 0 0 .977-1.138 2.5 2.5 0 0 1-.142-3.667l3-3Z\"}),(0,e.jsx)(a.path,{d:\"M11.603 7.963a.75.75 0 0 0-.977 1.138 2.5 2.5 0 0 1 .142 3.667l-3 3a2.5 2.5 0 0 1-3.536-3.536l1.225-1.224a.75.75 0 0 0-1.061-1.06l-1.224 1.224a4 4 0 1 0 5.656 5.656l3-3a4 4 0 0 0-.225-5.865Z\"})]})})})}),\"Images\"]}),(0,e.jsx)(a.pre,{className:\"language-js\",children:(0,e.jsxs)(a.code,{className:\"language-js code-highlight\",children:[(0,e.jsxs)(a.span,{className:\"code-line\",children:[(0,e.jsx)(a.span,{className:\"token operator\",children:\"!\"}),(0,e.jsx)(a.span,{className:\"token punctuation\",children:\"[\"}),(0,e.jsx)(a.span,{className:\"token maybe-class-name\",children:\"GitHub\"}),\" \",(0,e.jsx)(a.span,{className:\"token maybe-class-name\",children:\"Logo\"}),(0,e.jsx)(a.span,{className:\"token punctuation\",children:\"]\"}),(0,e.jsx)(a.span,{className:\"token punctuation\",children:\"(\"}),\"https\",(0,e.jsx)(a.span,{className:\"token operator\",children:\":\"}),(0,e.jsx)(a.span,{className:\"token operator\",children:\"/\"}),(0,e.jsx)(a.span,{className:\"token operator\",children:\"/\"}),\"github\",(0,e.jsx)(a.span,{className:\"token punctuation\",children:\".\"}),(0,e.jsx)(a.span,{className:\"token property-access\",children:\"githubassets\"}),(0,e.jsx)(a.span,{className:\"token punctuation\",children:\".\"}),(0,e.jsx)(a.span,{className:\"token property-access\",children:\"com\"}),(0,e.jsx)(a.span,{className:\"token operator\",children:\"/\"}),\"images\",(0,e.jsx)(a.span,{className:\"token operator\",children:\"/\"}),\"modules\",(0,e.jsx)(a.span,{className:\"token operator\",children:\"/\"}),\"logos_page\",(0,e.jsx)(a.span,{className:\"token operator\",children:\"/\"}),(0,e.jsx)(a.span,{className:\"token maybe-class-name\",children:\"GitHub\"}),(0,e.jsx)(a.span,{className:\"token operator\",children:\"-\"}),(0,e.jsx)(a.span,{className:\"token maybe-class-name\",children:\"Mark\"}),(0,e.jsx)(a.span,{className:\"token punctuation\",children:\".\"}),(0,e.jsx)(a.span,{className:\"token property-access\",children:\"png\"}),(0,e.jsx)(a.span,{className:\"token punctuation\",children:\")\"}),`\n`]}),(0,e.jsxs)(a.span,{className:\"code-line\",children:[(0,e.jsx)(a.span,{className:\"token literal-property property\",children:\"Format\"}),(0,e.jsx)(a.span,{className:\"token operator\",children:\":\"}),\" \",(0,e.jsx)(a.span,{className:\"token operator\",children:\"!\"}),(0,e.jsx)(a.span,{className:\"token punctuation\",children:\"[\"}),(0,e.jsx)(a.span,{className:\"token maybe-class-name\",children:\"Alt\"}),\" \",(0,e.jsx)(a.span,{className:\"token maybe-class-name\",children:\"Text\"}),(0,e.jsx)(a.span,{className:\"token punctuation\",children:\"]\"}),(0,e.jsx)(a.span,{className:\"token punctuation\",children:\"(\"}),\"url\",(0,e.jsx)(a.span,{className:\"token punctuation\",children:\")\"}),`\n`]})]})}),(0,e.jsx)(a.p,{children:(0,e.jsx)(a.img,{alt:\"GitHub Logo\",src:\"https://github.githubassets.com/images/modules/logos_page/GitHub-Mark.png\"})}),(0,e.jsxs)(a.h2,{className:\"content-header\",id:\"links\",children:[(0,e.jsx)(a.a,{href:\"#links\",\"aria-hidden\":\"true\",tabIndex:\"-1\",children:(0,e.jsx)(e.Fragment,{children:(0,e.jsx)(a.span,{className:\"content-header-link\",children:(0,e.jsxs)(a.svg,{className:\"h-5 linkicon w-5\",fill:\"currentColor\",viewBox:\"0 0 20 20\",xmlns:\"http://www.w3.org/2000/svg\",children:[(0,e.jsx)(a.path,{d:\"M12.232 4.232a2.5 2.5 0 0 1 3.536 3.536l-1.225 1.224a.75.75 0 0 0 1.061 1.06l1.224-1.224a4 4 0 0 0-5.656-5.656l-3 3a4 4 0 0 0 .225 5.865.75.75 0 0 0 .977-1.138 2.5 2.5 0 0 1-.142-3.667l3-3Z\"}),(0,e.jsx)(a.path,{d:\"M11.603 7.963a.75.75 0 0 0-.977 1.138 2.5 2.5 0 0 1 .142 3.667l-3 3a2.5 2.5 0 0 1-3.536-3.536l1.225-1.224a.75.75 0 0 0-1.061-1.06l-1.224 1.224a4 4 0 1 0 5.656 5.656l3-3a4 4 0 0 0-.225-5.865Z\"})]})})})}),\"Links\"]}),(0,e.jsx)(a.pre,{className:\"language-js\",children:(0,e.jsxs)(a.code,{className:\"language-js code-highlight\",children:[(0,e.jsxs)(a.span,{className:\"code-line\",children:[(0,e.jsx)(a.span,{className:\"token literal-property property\",children:\"http\"}),(0,e.jsx)(a.span,{className:\"token operator\",children:\":\"}),(0,e.jsx)(a.span,{className:\"token operator\",children:\"/\"}),(0,e.jsx)(a.span,{className:\"token operator\",children:\"/\"}),\"github\",(0,e.jsx)(a.span,{className:\"token punctuation\",children:\".\"}),(0,e.jsx)(a.span,{className:\"token property-access\",children:\"com\"}),\" \",(0,e.jsx)(a.span,{className:\"token operator\",children:\"-\"}),\" automatic\",(0,e.jsx)(a.span,{className:\"token operator\",children:\"!\"}),`\n`]}),(0,e.jsxs)(a.span,{className:\"code-line\",children:[(0,e.jsx)(a.span,{className:\"token punctuation\",children:\"[\"}),(0,e.jsx)(a.span,{className:\"token maybe-class-name\",children:\"GitHub\"}),(0,e.jsx)(a.span,{className:\"token punctuation\",children:\"]\"}),(0,e.jsx)(a.span,{className:\"token punctuation\",children:\"(\"}),\"http\",(0,e.jsx)(a.span,{className:\"token operator\",children:\":\"}),(0,e.jsx)(a.span,{className:\"token operator\",children:\"/\"}),(0,e.jsx)(a.span,{className:\"token operator\",children:\"/\"}),\"github\",(0,e.jsx)(a.span,{className:\"token punctuation\",children:\".\"}),(0,e.jsx)(a.span,{className:\"token property-access\",children:\"com\"}),(0,e.jsx)(a.span,{className:\"token punctuation\",children:\")\"}),`\n`]})]})}),(0,e.jsxs)(a.p,{children:[(0,e.jsx)(a.a,{href:\"http://github.com\",children:\"http://github.com\"}),\" - automatic! \",(0,e.jsx)(a.a,{href:\"http://github.com\",children:\"GitHub\"})]}),(0,e.jsxs)(a.h2,{className:\"content-header\",id:\"blockquotes\",children:[(0,e.jsx)(a.a,{href:\"#blockquotes\",\"aria-hidden\":\"true\",tabIndex:\"-1\",children:(0,e.jsx)(e.Fragment,{children:(0,e.jsx)(a.span,{className:\"content-header-link\",children:(0,e.jsxs)(a.svg,{className:\"h-5 linkicon w-5\",fill:\"currentColor\",viewBox:\"0 0 20 20\",xmlns:\"http://www.w3.org/2000/svg\",children:[(0,e.jsx)(a.path,{d:\"M12.232 4.232a2.5 2.5 0 0 1 3.536 3.536l-1.225 1.224a.75.75 0 0 0 1.061 1.06l1.224-1.224a4 4 0 0 0-5.656-5.656l-3 3a4 4 0 0 0 .225 5.865.75.75 0 0 0 .977-1.138 2.5 2.5 0 0 1-.142-3.667l3-3Z\"}),(0,e.jsx)(a.path,{d:\"M11.603 7.963a.75.75 0 0 0-.977 1.138 2.5 2.5 0 0 1 .142 3.667l-3 3a2.5 2.5 0 0 1-3.536-3.536l1.225-1.224a.75.75 0 0 0-1.061-1.06l-1.224 1.224a4 4 0 1 0 5.656 5.656l3-3a4 4 0 0 0-.225-5.865Z\"})]})})})}),\"Blockquotes\"]}),(0,e.jsx)(a.pre,{className:\"language-js\",children:(0,e.jsxs)(a.code,{className:\"language-js code-highlight\",children:[(0,e.jsxs)(a.span,{className:\"code-line\",children:[(0,e.jsx)(a.span,{className:\"token maybe-class-name\",children:\"As\"}),\" \",(0,e.jsx)(a.span,{className:\"token maybe-class-name\",children:\"Kanye\"}),\" \",(0,e.jsx)(a.span,{className:\"token maybe-class-name\",children:\"West\"}),\" said\",(0,e.jsx)(a.span,{className:\"token operator\",children:\":\"}),`\n`]}),(0,e.jsx)(a.span,{className:\"code-line\",children:`\n`}),(0,e.jsxs)(a.span,{className:\"code-line\",children:[(0,e.jsx)(a.span,{className:\"token operator\",children:\">\"}),\" \",(0,e.jsx)(a.span,{className:\"token maybe-class-name\",children:\"We\"}),`'re living the future so\n`]}),(0,e.jsxs)(a.span,{className:\"code-line\",children:[(0,e.jsx)(a.span,{className:\"token operator\",children:\">\"}),\" the present is our past\",(0,e.jsx)(a.span,{className:\"token punctuation\",children:\".\"}),`\n`]})]})}),(0,e.jsx)(a.p,{children:\"As Kanye West said:\"}),(0,e.jsx)(a.blockquote,{children:(0,e.jsx)(a.p,{children:\"We're living the future so the present is our past.\"})}),(0,e.jsxs)(a.h2,{className:\"content-header\",id:\"inline-code\",children:[(0,e.jsx)(a.a,{href:\"#inline-code\",\"aria-hidden\":\"true\",tabIndex:\"-1\",children:(0,e.jsx)(e.Fragment,{children:(0,e.jsx)(a.span,{className:\"content-header-link\",children:(0,e.jsxs)(a.svg,{className:\"h-5 linkicon w-5\",fill:\"currentColor\",viewBox:\"0 0 20 20\",xmlns:\"http://www.w3.org/2000/svg\",children:[(0,e.jsx)(a.path,{d:\"M12.232 4.232a2.5 2.5 0 0 1 3.536 3.536l-1.225 1.224a.75.75 0 0 0 1.061 1.06l1.224-1.224a4 4 0 0 0-5.656-5.656l-3 3a4 4 0 0 0 .225 5.865.75.75 0 0 0 .977-1.138 2.5 2.5 0 0 1-.142-3.667l3-3Z\"}),(0,e.jsx)(a.path,{d:\"M11.603 7.963a.75.75 0 0 0-.977 1.138 2.5 2.5 0 0 1 .142 3.667l-3 3a2.5 2.5 0 0 1-3.536-3.536l1.225-1.224a.75.75 0 0 0-1.061-1.06l-1.224 1.224a4 4 0 1 0 5.656 5.656l3-3a4 4 0 0 0-.225-5.865Z\"})]})})})}),\"Inline code\"]}),(0,e.jsx)(a.pre,{className:\"language-js\",children:(0,e.jsxs)(a.code,{className:\"language-js code-highlight\",children:[(0,e.jsxs)(a.span,{className:\"code-line\",children:[(0,e.jsx)(a.span,{className:\"token constant\",children:\"I\"}),` think you should use an\n`]}),(0,e.jsxs)(a.span,{className:\"code-line\",children:[(0,e.jsxs)(a.span,{className:\"token template-string\",children:[(0,e.jsx)(a.span,{className:\"token string template-punctuation\",children:\"`\"}),(0,e.jsx)(a.span,{className:\"token string\",children:\"<addr>\"}),(0,e.jsx)(a.span,{className:\"token string template-punctuation\",children:\"`\"})]}),\" element here instead\",(0,e.jsx)(a.span,{className:\"token punctuation\",children:\".\"}),`\n`]})]})}),(0,e.jsxs)(a.p,{children:[\"I think you should use an \",(0,e.jsx)(a.code,{children:\"<addr>\"}),\" element here instead.\"]}),(0,e.jsxs)(a.h2,{className:\"content-header\",id:\"syntax-highlighting\",children:[(0,e.jsx)(a.a,{href:\"#syntax-highlighting\",\"aria-hidden\":\"true\",tabIndex:\"-1\",children:(0,e.jsx)(e.Fragment,{children:(0,e.jsx)(a.span,{className:\"content-header-link\",children:(0,e.jsxs)(a.svg,{className:\"h-5 linkicon w-5\",fill:\"currentColor\",viewBox:\"0 0 20 20\",xmlns:\"http://www.w3.org/2000/svg\",children:[(0,e.jsx)(a.path,{d:\"M12.232 4.232a2.5 2.5 0 0 1 3.536 3.536l-1.225 1.224a.75.75 0 0 0 1.061 1.06l1.224-1.224a4 4 0 0 0-5.656-5.656l-3 3a4 4 0 0 0 .225 5.865.75.75 0 0 0 .977-1.138 2.5 2.5 0 0 1-.142-3.667l3-3Z\"}),(0,e.jsx)(a.path,{d:\"M11.603 7.963a.75.75 0 0 0-.977 1.138 2.5 2.5 0 0 1 .142 3.667l-3 3a2.5 2.5 0 0 1-3.536-3.536l1.225-1.224a.75.75 0 0 0-1.061-1.06l-1.224 1.224a4 4 0 1 0 5.656 5.656l3-3a4 4 0 0 0-.225-5.865Z\"})]})})})}),\"Syntax highlighting\"]}),(0,e.jsxs)(a.p,{children:[\"Here\\u2019s an example of how you can use syntax highlighting with \",(0,e.jsx)(a.a,{href:\"https://help.github.com/articles/basic-writing-and-formatting-syntax/\",children:\"GitHub Flavored Markdown\"}),\":\"]}),(0,e.jsx)(a.pre,{className:\"language-js\",children:(0,e.jsxs)(a.code,{className:\"language-js code-highlight\",children:[(0,e.jsxs)(a.span,{className:\"code-line\",children:[(0,e.jsxs)(a.span,{className:\"token template-string\",children:[(0,e.jsx)(a.span,{className:\"token string template-punctuation\",children:\"`\"}),(0,e.jsx)(a.span,{className:\"token string template-punctuation\",children:\"`\"})]}),(0,e.jsxs)(a.span,{className:\"token template-string\",children:[(0,e.jsx)(a.span,{className:\"token string template-punctuation\",children:\"`\"}),(0,e.jsx)(a.span,{className:\"token string\",children:`js:fancyAlert.js\n`})]})]}),(0,e.jsx)(a.span,{className:\"code-line\",children:(0,e.jsx)(a.span,{className:\"token template-string\",children:(0,e.jsx)(a.span,{className:\"token string\",children:`function fancyAlert(arg) {\n`})})}),(0,e.jsx)(a.span,{className:\"code-line\",children:(0,e.jsx)(a.span,{className:\"token template-string\",children:(0,e.jsx)(a.span,{className:\"token string\",children:`  if (arg) {\n`})})}),(0,e.jsx)(a.span,{className:\"code-line\",children:(0,e.jsx)(a.span,{className:\"token template-string\",children:(0,e.jsx)(a.span,{className:\"token string\",children:`    $.facebox({ div: '#foo' })\n`})})}),(0,e.jsx)(a.span,{className:\"code-line\",children:(0,e.jsx)(a.span,{className:\"token template-string\",children:(0,e.jsx)(a.span,{className:\"token string\",children:`  }\n`})})}),(0,e.jsx)(a.span,{className:\"code-line\",children:(0,e.jsx)(a.span,{className:\"token template-string\",children:(0,e.jsx)(a.span,{className:\"token string\",children:`}\n`})})}),(0,e.jsxs)(a.span,{className:\"code-line\",children:[(0,e.jsxs)(a.span,{className:\"token template-string\",children:[(0,e.jsx)(a.span,{className:\"token string\"}),(0,e.jsx)(a.span,{className:\"token string template-punctuation\",children:\"`\"})]}),(0,e.jsxs)(a.span,{className:\"token template-string\",children:[(0,e.jsx)(a.span,{className:\"token string template-punctuation\",children:\"`\"}),(0,e.jsx)(a.span,{className:\"token string template-punctuation\",children:\"`\"})]}),`\n`]})]})}),(0,e.jsx)(a.p,{children:\"And here's how it looks - nicely colored with styled code titles!\"}),(0,e.jsx)(a.div,{className:\"remark-code-title\",children:\"fancyAlert.js\"}),(0,e.jsx)(a.pre,{className:\"language-js\",children:(0,e.jsxs)(a.code,{className:\"language-js code-highlight\",children:[(0,e.jsxs)(a.span,{className:\"code-line\",children:[(0,e.jsx)(a.span,{className:\"token keyword\",children:\"function\"}),\" \",(0,e.jsx)(a.span,{className:\"token function\",children:\"fancyAlert\"}),(0,e.jsx)(a.span,{className:\"token punctuation\",children:\"(\"}),(0,e.jsx)(a.span,{className:\"token parameter\",children:\"arg\"}),(0,e.jsx)(a.span,{className:\"token punctuation\",children:\")\"}),\" \",(0,e.jsx)(a.span,{className:\"token punctuation\",children:\"{\"}),`\n`]}),(0,e.jsxs)(a.span,{className:\"code-line\",children:[\"  \",(0,e.jsx)(a.span,{className:\"token keyword control-flow\",children:\"if\"}),\" \",(0,e.jsx)(a.span,{className:\"token punctuation\",children:\"(\"}),\"arg\",(0,e.jsx)(a.span,{className:\"token punctuation\",children:\")\"}),\" \",(0,e.jsx)(a.span,{className:\"token punctuation\",children:\"{\"}),`\n`]}),(0,e.jsxs)(a.span,{className:\"code-line\",children:[\"    $\",(0,e.jsx)(a.span,{className:\"token punctuation\",children:\".\"}),(0,e.jsx)(a.span,{className:\"token property-access function method\",children:\"facebox\"}),(0,e.jsx)(a.span,{className:\"token punctuation\",children:\"(\"}),(0,e.jsx)(a.span,{className:\"token punctuation\",children:\"{\"}),\" \",(0,e.jsx)(a.span,{className:\"token literal-property property\",children:\"div\"}),(0,e.jsx)(a.span,{className:\"token operator\",children:\":\"}),\" \",(0,e.jsx)(a.span,{className:\"token string\",children:\"'#foo'\"}),\" \",(0,e.jsx)(a.span,{className:\"token punctuation\",children:\"}\"}),(0,e.jsx)(a.span,{className:\"token punctuation\",children:\")\"}),`\n`]}),(0,e.jsxs)(a.span,{className:\"code-line\",children:[\"  \",(0,e.jsx)(a.span,{className:\"token punctuation\",children:\"}\"}),`\n`]}),(0,e.jsxs)(a.span,{className:\"code-line\",children:[(0,e.jsx)(a.span,{className:\"token punctuation\",children:\"}\"}),`\n`]})]})}),(0,e.jsxs)(a.h2,{className:\"content-header\",id:\"footnotes\",children:[(0,e.jsx)(a.a,{href:\"#footnotes\",\"aria-hidden\":\"true\",tabIndex:\"-1\",children:(0,e.jsx)(e.Fragment,{children:(0,e.jsx)(a.span,{className:\"content-header-link\",children:(0,e.jsxs)(a.svg,{className:\"h-5 linkicon w-5\",fill:\"currentColor\",viewBox:\"0 0 20 20\",xmlns:\"http://www.w3.org/2000/svg\",children:[(0,e.jsx)(a.path,{d:\"M12.232 4.232a2.5 2.5 0 0 1 3.536 3.536l-1.225 1.224a.75.75 0 0 0 1.061 1.06l1.224-1.224a4 4 0 0 0-5.656-5.656l-3 3a4 4 0 0 0 .225 5.865.75.75 0 0 0 .977-1.138 2.5 2.5 0 0 1-.142-3.667l3-3Z\"}),(0,e.jsx)(a.path,{d:\"M11.603 7.963a.75.75 0 0 0-.977 1.138 2.5 2.5 0 0 1 .142 3.667l-3 3a2.5 2.5 0 0 1-3.536-3.536l1.225-1.224a.75.75 0 0 0-1.061-1.06l-1.224 1.224a4 4 0 1 0 5.656 5.656l3-3a4 4 0 0 0-.225-5.865Z\"})]})})})}),\"Footnotes\"]}),(0,e.jsx)(a.pre,{className:\"language-js\",children:(0,e.jsxs)(a.code,{className:\"language-js code-highlight\",children:[(0,e.jsxs)(a.span,{className:\"code-line\",children:[(0,e.jsx)(a.span,{className:\"token maybe-class-name\",children:\"Here\"}),\" is a simple footnote\",(0,e.jsx)(a.span,{className:\"token punctuation\",children:\"[\"}),(0,e.jsx)(a.span,{className:\"token operator\",children:\"^\"}),(0,e.jsx)(a.span,{className:\"token number\",children:\"1\"}),(0,e.jsx)(a.span,{className:\"token punctuation\",children:\"]\"}),(0,e.jsx)(a.span,{className:\"token punctuation\",children:\".\"}),\" \",(0,e.jsx)(a.span,{className:\"token property-access\",children:(0,e.jsx)(a.span,{className:\"token maybe-class-name\",children:\"With\"})}),\" some additional text after it\",(0,e.jsx)(a.span,{className:\"token punctuation\",children:\".\"}),`\n`]}),(0,e.jsx)(a.span,{className:\"code-line\",children:`\n`}),(0,e.jsxs)(a.span,{className:\"code-line\",children:[(0,e.jsx)(a.span,{className:\"token punctuation\",children:\"[\"}),(0,e.jsx)(a.span,{className:\"token operator\",children:\"^\"}),(0,e.jsx)(a.span,{className:\"token number\",children:\"1\"}),(0,e.jsx)(a.span,{className:\"token punctuation\",children:\"]\"}),(0,e.jsx)(a.span,{className:\"token operator\",children:\":\"}),\" \",(0,e.jsx)(a.span,{className:\"token maybe-class-name\",children:\"My\"}),\" reference\",(0,e.jsx)(a.span,{className:\"token punctuation\",children:\".\"}),`\n`]})]})}),(0,e.jsxs)(a.p,{children:[\"Here is a simple footnote\",(0,e.jsx)(a.sup,{children:(0,e.jsx)(a.a,{href:\"#user-content-fn-1\",\"aria-describedby\":\"footnote-label\",\"data-footnote-ref\":!0,id:\"user-content-fnref-1\",children:\"1\"})}),\". With some additional text after it.\"]}),(0,e.jsxs)(a.h2,{className:\"content-header\",id:\"task-lists\",children:[(0,e.jsx)(a.a,{href:\"#task-lists\",\"aria-hidden\":\"true\",tabIndex:\"-1\",children:(0,e.jsx)(e.Fragment,{children:(0,e.jsx)(a.span,{className:\"content-header-link\",children:(0,e.jsxs)(a.svg,{className:\"h-5 linkicon w-5\",fill:\"currentColor\",viewBox:\"0 0 20 20\",xmlns:\"http://www.w3.org/2000/svg\",children:[(0,e.jsx)(a.path,{d:\"M12.232 4.232a2.5 2.5 0 0 1 3.536 3.536l-1.225 1.224a.75.75 0 0 0 1.061 1.06l1.224-1.224a4 4 0 0 0-5.656-5.656l-3 3a4 4 0 0 0 .225 5.865.75.75 0 0 0 .977-1.138 2.5 2.5 0 0 1-.142-3.667l3-3Z\"}),(0,e.jsx)(a.path,{d:\"M11.603 7.963a.75.75 0 0 0-.977 1.138 2.5 2.5 0 0 1 .142 3.667l-3 3a2.5 2.5 0 0 1-3.536-3.536l1.225-1.224a.75.75 0 0 0-1.061-1.06l-1.224 1.224a4 4 0 1 0 5.656 5.656l3-3a4 4 0 0 0-.225-5.865Z\"})]})})})}),\"Task Lists\"]}),(0,e.jsx)(a.pre,{className:\"language-js\",children:(0,e.jsxs)(a.code,{className:\"language-js code-highlight\",children:[(0,e.jsxs)(a.span,{className:\"code-line\",children:[(0,e.jsx)(a.span,{className:\"token operator\",children:\"-\"}),\" \",(0,e.jsx)(a.span,{className:\"token punctuation\",children:\"[\"}),\"x\",(0,e.jsx)(a.span,{className:\"token punctuation\",children:\"]\"}),\" list syntax \",(0,e.jsx)(a.span,{className:\"token function\",children:\"required\"}),\" \",(0,e.jsx)(a.span,{className:\"token punctuation\",children:\"(\"}),\"any unordered or ordered list supported\",(0,e.jsx)(a.span,{className:\"token punctuation\",children:\")\"}),`\n`]}),(0,e.jsxs)(a.span,{className:\"code-line\",children:[(0,e.jsx)(a.span,{className:\"token operator\",children:\"-\"}),\" \",(0,e.jsx)(a.span,{className:\"token punctuation\",children:\"[\"}),\"x\",(0,e.jsx)(a.span,{className:\"token punctuation\",children:\"]\"}),\" \",(0,e.jsx)(a.span,{className:\"token keyword\",children:\"this\"}),` is a complete item\n`]}),(0,e.jsxs)(a.span,{className:\"code-line\",children:[(0,e.jsx)(a.span,{className:\"token operator\",children:\"-\"}),\" \",(0,e.jsx)(a.span,{className:\"token punctuation\",children:\"[\"}),\" \",(0,e.jsx)(a.span,{className:\"token punctuation\",children:\"]\"}),\" \",(0,e.jsx)(a.span,{className:\"token keyword\",children:\"this\"}),` is an incomplete item\n`]})]})}),(0,e.jsxs)(a.ul,{className:\"contains-task-list\",children:[(0,e.jsxs)(a.li,{className:\"task-list-item\",children:[(0,e.jsx)(a.input,{checked:!0,disabled:!0,type:\"checkbox\"}),\" \",\"list syntax required (any unordered or ordered list supported)\"]}),(0,e.jsxs)(a.li,{className:\"task-list-item\",children:[(0,e.jsx)(a.input,{checked:!0,disabled:!0,type:\"checkbox\"}),\" \",\"this is a complete item\"]}),(0,e.jsxs)(a.li,{className:\"task-list-item\",children:[(0,e.jsx)(a.input,{disabled:!0,type:\"checkbox\"}),\" \",\"this is an incomplete item\"]})]}),(0,e.jsxs)(a.h2,{className:\"content-header\",id:\"tables\",children:[(0,e.jsx)(a.a,{href:\"#tables\",\"aria-hidden\":\"true\",tabIndex:\"-1\",children:(0,e.jsx)(e.Fragment,{children:(0,e.jsx)(a.span,{className:\"content-header-link\",children:(0,e.jsxs)(a.svg,{className:\"h-5 linkicon w-5\",fill:\"currentColor\",viewBox:\"0 0 20 20\",xmlns:\"http://www.w3.org/2000/svg\",children:[(0,e.jsx)(a.path,{d:\"M12.232 4.232a2.5 2.5 0 0 1 3.536 3.536l-1.225 1.224a.75.75 0 0 0 1.061 1.06l1.224-1.224a4 4 0 0 0-5.656-5.656l-3 3a4 4 0 0 0 .225 5.865.75.75 0 0 0 .977-1.138 2.5 2.5 0 0 1-.142-3.667l3-3Z\"}),(0,e.jsx)(a.path,{d:\"M11.603 7.963a.75.75 0 0 0-.977 1.138 2.5 2.5 0 0 1 .142 3.667l-3 3a2.5 2.5 0 0 1-3.536-3.536l1.225-1.224a.75.75 0 0 0-1.061-1.06l-1.224 1.224a4 4 0 1 0 5.656 5.656l3-3a4 4 0 0 0-.225-5.865Z\"})]})})})}),\"Tables\"]}),(0,e.jsxs)(a.p,{children:[\"You can create tables by assembling a list of words and dividing them with hyphens \",(0,e.jsx)(a.code,{children:\"-\"}),\" (for the first row), and then separating each column with a pipe \",(0,e.jsx)(a.code,{children:\"|\"}),\":\"]}),(0,e.jsx)(a.pre,{className:\"language-js\",children:(0,e.jsxs)(a.code,{className:\"language-js code-highlight\",children:[(0,e.jsxs)(a.span,{className:\"code-line\",children:[(0,e.jsx)(a.span,{className:\"token operator\",children:\"|\"}),\" \",(0,e.jsx)(a.span,{className:\"token maybe-class-name\",children:\"First\"}),\" \",(0,e.jsx)(a.span,{className:\"token maybe-class-name\",children:\"Header\"}),\"                \",(0,e.jsx)(a.span,{className:\"token operator\",children:\"|\"}),\" \",(0,e.jsx)(a.span,{className:\"token maybe-class-name\",children:\"Second\"}),\" \",(0,e.jsx)(a.span,{className:\"token maybe-class-name\",children:\"Header\"}),\"                \",(0,e.jsx)(a.span,{className:\"token operator\",children:\"|\"}),`\n`]}),(0,e.jsxs)(a.span,{className:\"code-line\",children:[(0,e.jsx)(a.span,{className:\"token operator\",children:\"|\"}),\" \",(0,e.jsx)(a.span,{className:\"token operator\",children:\"--\"}),(0,e.jsx)(a.span,{className:\"token operator\",children:\"--\"}),(0,e.jsx)(a.span,{className:\"token operator\",children:\"--\"}),(0,e.jsx)(a.span,{className:\"token operator\",children:\"--\"}),(0,e.jsx)(a.span,{className:\"token operator\",children:\"--\"}),(0,e.jsx)(a.span,{className:\"token operator\",children:\"--\"}),(0,e.jsx)(a.span,{className:\"token operator\",children:\"--\"}),(0,e.jsx)(a.span,{className:\"token operator\",children:\"--\"}),(0,e.jsx)(a.span,{className:\"token operator\",children:\"--\"}),(0,e.jsx)(a.span,{className:\"token operator\",children:\"--\"}),(0,e.jsx)(a.span,{className:\"token operator\",children:\"--\"}),(0,e.jsx)(a.span,{className:\"token operator\",children:\"--\"}),(0,e.jsx)(a.span,{className:\"token operator\",children:\"--\"}),(0,e.jsx)(a.span,{className:\"token operator\",children:\"-\"}),\" \",(0,e.jsx)(a.span,{className:\"token operator\",children:\"|\"}),\" \",(0,e.jsx)(a.span,{className:\"token operator\",children:\"--\"}),(0,e.jsx)(a.span,{className:\"token operator\",children:\"--\"}),(0,e.jsx)(a.span,{className:\"token operator\",children:\"--\"}),(0,e.jsx)(a.span,{className:\"token operator\",children:\"--\"}),(0,e.jsx)(a.span,{className:\"token operator\",children:\"--\"}),(0,e.jsx)(a.span,{className:\"token operator\",children:\"--\"}),(0,e.jsx)(a.span,{className:\"token operator\",children:\"--\"}),(0,e.jsx)(a.span,{className:\"token operator\",children:\"--\"}),(0,e.jsx)(a.span,{className:\"token operator\",children:\"--\"}),(0,e.jsx)(a.span,{className:\"token operator\",children:\"--\"}),(0,e.jsx)(a.span,{className:\"token operator\",children:\"--\"}),(0,e.jsx)(a.span,{className:\"token operator\",children:\"--\"}),(0,e.jsx)(a.span,{className:\"token operator\",children:\"--\"}),(0,e.jsx)(a.span,{className:\"token operator\",children:\"--\"}),\" \",(0,e.jsx)(a.span,{className:\"token operator\",children:\"|\"}),`\n`]}),(0,e.jsxs)(a.span,{className:\"code-line\",children:[(0,e.jsx)(a.span,{className:\"token operator\",children:\"|\"}),\" \",(0,e.jsx)(a.span,{className:\"token maybe-class-name\",children:\"Content\"}),\" \",(0,e.jsx)(a.span,{className:\"token keyword module\",children:\"from\"}),\" cell \",(0,e.jsx)(a.span,{className:\"token number\",children:\"1\"}),\"         \",(0,e.jsx)(a.span,{className:\"token operator\",children:\"|\"}),\" \",(0,e.jsx)(a.span,{className:\"token maybe-class-name\",children:\"Content\"}),\" \",(0,e.jsx)(a.span,{className:\"token keyword module\",children:\"from\"}),\" cell \",(0,e.jsx)(a.span,{className:\"token number\",children:\"2\"}),\"          \",(0,e.jsx)(a.span,{className:\"token operator\",children:\"|\"}),`\n`]}),(0,e.jsxs)(a.span,{className:\"code-line\",children:[(0,e.jsx)(a.span,{className:\"token operator\",children:\"|\"}),\" \",(0,e.jsx)(a.span,{className:\"token maybe-class-name\",children:\"Content\"}),\" \",(0,e.jsx)(a.span,{className:\"token keyword\",children:\"in\"}),\" the first column \",(0,e.jsx)(a.span,{className:\"token operator\",children:\"|\"}),\" \",(0,e.jsx)(a.span,{className:\"token maybe-class-name\",children:\"Content\"}),\" \",(0,e.jsx)(a.span,{className:\"token keyword\",children:\"in\"}),\" the second column \",(0,e.jsx)(a.span,{className:\"token operator\",children:\"|\"}),`\n`]})]})}),(0,e.jsxs)(a.table,{children:[(0,e.jsx)(a.thead,{children:(0,e.jsxs)(a.tr,{children:[(0,e.jsx)(a.th,{children:\"First Header\"}),(0,e.jsx)(a.th,{children:\"Second Header\"})]})}),(0,e.jsxs)(a.tbody,{children:[(0,e.jsxs)(a.tr,{children:[(0,e.jsx)(a.td,{children:\"Content from cell 1\"}),(0,e.jsx)(a.td,{children:\"Content from cell 2\"})]}),(0,e.jsxs)(a.tr,{children:[(0,e.jsx)(a.td,{children:\"Content in the first column\"}),(0,e.jsx)(a.td,{children:\"Content in the second column\"})]})]})]}),(0,e.jsxs)(a.h2,{className:\"content-header\",id:\"strikethrough\",children:[(0,e.jsx)(a.a,{href:\"#strikethrough\",\"aria-hidden\":\"true\",tabIndex:\"-1\",children:(0,e.jsx)(e.Fragment,{children:(0,e.jsx)(a.span,{className:\"content-header-link\",children:(0,e.jsxs)(a.svg,{className:\"h-5 linkicon w-5\",fill:\"currentColor\",viewBox:\"0 0 20 20\",xmlns:\"http://www.w3.org/2000/svg\",children:[(0,e.jsx)(a.path,{d:\"M12.232 4.232a2.5 2.5 0 0 1 3.536 3.536l-1.225 1.224a.75.75 0 0 0 1.061 1.06l1.224-1.224a4 4 0 0 0-5.656-5.656l-3 3a4 4 0 0 0 .225 5.865.75.75 0 0 0 .977-1.138 2.5 2.5 0 0 1-.142-3.667l3-3Z\"}),(0,e.jsx)(a.path,{d:\"M11.603 7.963a.75.75 0 0 0-.977 1.138 2.5 2.5 0 0 1 .142 3.667l-3 3a2.5 2.5 0 0 1-3.536-3.536l1.225-1.224a.75.75 0 0 0-1.061-1.06l-1.224 1.224a4 4 0 1 0 5.656 5.656l3-3a4 4 0 0 0-.225-5.865Z\"})]})})})}),\"Strikethrough\"]}),(0,e.jsxs)(a.p,{children:[\"Any word wrapped with two tildes (like \",(0,e.jsx)(a.code,{children:\"~~this~~\"}),\") will appear \",(0,e.jsx)(a.del,{children:\"crossed out\"}),\".\"]}),(0,e.jsxs)(a.section,{className:\"footnotes\",\"data-footnotes\":!0,children:[(0,e.jsxs)(a.h2,{className:\"content-header\",id:\"footnote-label\",children:[(0,e.jsx)(a.a,{href:\"#footnote-label\",\"aria-hidden\":\"true\",tabIndex:\"-1\",children:(0,e.jsx)(e.Fragment,{children:(0,e.jsx)(a.span,{className:\"content-header-link\",children:(0,e.jsxs)(a.svg,{className:\"h-5 linkicon w-5\",fill:\"currentColor\",viewBox:\"0 0 20 20\",xmlns:\"http://www.w3.org/2000/svg\",children:[(0,e.jsx)(a.path,{d:\"M12.232 4.232a2.5 2.5 0 0 1 3.536 3.536l-1.225 1.224a.75.75 0 0 0 1.061 1.06l1.224-1.224a4 4 0 0 0-5.656-5.656l-3 3a4 4 0 0 0 .225 5.865.75.75 0 0 0 .977-1.138 2.5 2.5 0 0 1-.142-3.667l3-3Z\"}),(0,e.jsx)(a.path,{d:\"M11.603 7.963a.75.75 0 0 0-.977 1.138 2.5 2.5 0 0 1 .142 3.667l-3 3a2.5 2.5 0 0 1-3.536-3.536l1.225-1.224a.75.75 0 0 0-1.061-1.06l-1.224 1.224a4 4 0 1 0 5.656 5.656l3-3a4 4 0 0 0-.225-5.865Z\"})]})})})}),\"Footnotes\"]}),(0,e.jsx)(a.ol,{children:(0,e.jsx)(a.li,{id:\"user-content-fn-1\",children:(0,e.jsxs)(a.p,{children:[\"My reference. \",(0,e.jsx)(a.a,{href:\"#user-content-fnref-1\",\"aria-label\":\"Back to reference 1\",className:\"data-footnote-backref\",\"data-footnote-backref\":\"\",children:\"\\u21A9\"})]})})})]})]})}function h(n={}){let{wrapper:a}=n.components||{};return a?(0,e.jsx)(a,{...n,children:(0,e.jsx)(d,{...n})}):d(n)}return f(y);})();\n;return Component;"
  },
  "_id": "blog/github-markdown-guide.mdx",
  "_raw": {
    "sourceFilePath": "blog/github-markdown-guide.mdx",
    "sourceFileName": "github-markdown-guide.mdx",
    "sourceFileDir": "blog",
    "contentType": "mdx",
    "flattenedPath": "blog/github-markdown-guide"
  },
  "type": "Blog",
  "readingTime": {
    "text": "4 min read",
    "minutes": 3.155,
    "time": 189300,
    "words": 631
  },
  "slug": "github-markdown-guide",
  "path": "blog/github-markdown-guide",
  "filePath": "blog/github-markdown-guide.mdx",
  "toc": [
    {
      "value": "Introduction",
      "url": "#introduction",
      "depth": 1
    },
    {
      "value": "What is Markdown?",
      "url": "#what-is-markdown",
      "depth": 1
    },
    {
      "value": "Syntax guide",
      "url": "#syntax-guide",
      "depth": 1
    },
    {
      "value": "Headers",
      "url": "#headers",
      "depth": 2
    },
    {
      "value": "This is a h1 tag",
      "url": "#this-is-a-h1-tag",
      "depth": 1
    },
    {
      "value": "This is a h2 tag",
      "url": "#this-is-a-h2-tag",
      "depth": 2
    },
    {
      "value": "This is a h4 tag",
      "url": "#this-is-a-h4-tag",
      "depth": 4
    },
    {
      "value": "Emphasis",
      "url": "#emphasis",
      "depth": 2
    },
    {
      "value": "Lists",
      "url": "#lists",
      "depth": 2
    },
    {
      "value": "Unordered",
      "url": "#unordered",
      "depth": 3
    },
    {
      "value": "Ordered",
      "url": "#ordered",
      "depth": 3
    },
    {
      "value": "Images",
      "url": "#images",
      "depth": 2
    },
    {
      "value": "Links",
      "url": "#links",
      "depth": 2
    },
    {
      "value": "Blockquotes",
      "url": "#blockquotes",
      "depth": 2
    },
    {
      "value": "Inline code",
      "url": "#inline-code",
      "depth": 2
    },
    {
      "value": "Syntax highlighting",
      "url": "#syntax-highlighting",
      "depth": 2
    },
    {
      "value": "Footnotes",
      "url": "#footnotes",
      "depth": 2
    },
    {
      "value": "Task Lists",
      "url": "#task-lists",
      "depth": 2
    },
    {
      "value": "Tables",
      "url": "#tables",
      "depth": 2
    },
    {
      "value": "Strikethrough",
      "url": "#strikethrough",
      "depth": 2
    }
  ],
  "structuredData": {
    "@context": "https://schema.org",
    "@type": "BlogPosting",
    "headline": "Markdown Guide",
    "datePublished": "2019-10-11T00:00:00.000Z",
    "dateModified": "2019-10-11T00:00:00.000Z",
    "description": "Markdown cheatsheet for all your blogging needs - headers, lists, images, tables and more! An illustrated guide based on GitHub Flavored Markdown.",
    "image": "/static/images/twitter-card.png",
    "url": "https://tailwind-nextjs-starter-blog.vercel.app/blog/github-markdown-guide"
  }
}