{
  "title": "The Legend of Zelda: Breath of the Wild - A Revolution in Open-World Gaming",
  "date": "2024-01-20T00:00:00.000Z",
  "tags": [
    "gaming",
    "zelda",
    "nintendo",
    "open-world",
    "game-design"
  ],
  "draft": false,
  "slug": "zelda-botw",
  "summary": "An in-depth look at how The Legend of Zelda: Breath of the Wild redefined open-world gaming with its innovative approach to exploration and player freedom.",
  "images": [
    "/static/images/zelda-botw.jpg"
  ],
  "authors": [
    "default"
  ],
  "body": {
    "raw": "\n# The Legend of Zelda: Breath of the Wild - A Revolution in Open-World Gaming\n\nWhen Nintendo released The Legend of Zelda: Breath of the Wild in 2017, they didn't just launch another entry in their beloved franchise—they redefined what open-world games could be. This groundbreaking title introduced a level of freedom and emergent gameplay that has since influenced countless other games in the genre.\n\n## A True Open World\n\nUnlike traditional open-world games that gradually unlock areas through story progression, Breath of the Wild gives players complete freedom from the start. After a brief tutorial area, players can:\n\n- Head straight to the final boss (though it's incredibly challenging)\n- Explore any part of the vast kingdom of Hyrule\n- Tackle the four Divine Beasts in any order\n- Create their own path to becoming stronger\n\n## Innovation in Game Mechanics\n\n### Physics-Based Gameplay\n\nThe game's physics engine isn't just a technical showcase—it's a fundamental part of the gameplay:\n\n- Use temperature differences to create updrafts\n- Conduct electricity through metal objects\n- Roll boulders downhill to defeat enemies\n- Combine elements for creative solutions\n\n### The Chemistry Engine\n\nEvery element interacts naturally with others:\n\n- Fire spreads through dry grass\n- Metal conducts electricity\n- Ice melts in hot areas\n- Wood burns and floats on water\n\n## Freedom in Problem Solving\n\nWhat sets Breath of the Wild apart is its \"chemistry set\" approach to gameplay. Every puzzle has multiple solutions, limited only by the player's creativity. For example, to cross a gap, players might:\n\n1. Use the paraglider\n2. Build a bridge with metal objects\n3. Freeze water pillars to climb across\n4. Use Revali's Gale to create an updraft\n5. Set up a makeshift catapult with physics objects\n\n## Impact on Game Design\n\nThe game's influence can be seen in many subsequent open-world titles:\n\n- Emphasis on emergent gameplay\n- True freedom of exploration\n- Physics-based puzzle solving\n- Minimal hand-holding\n- Environmental storytelling\n\n## The Art of Discovery\n\nThe game's approach to exploration revolutionized how players interact with open worlds:\n\n- No traditional waypoints cluttering the map\n- Towers reveal topography, not points of interest\n- Players mark their own discoveries\n- Organic discovery through observation\n\n## Combat Innovation\n\nThe combat system breaks from traditional Zelda formulas:\n\n- Weapon durability system encourages experimentation\n- Environmental combat possibilities\n- Slow-motion arrow shooting while airborne\n- Creative use of the Sheikah Slate's abilities\n\n## Visual and Audio Design\n\nThe game's cel-shaded art style serves both aesthetic and practical purposes:\n\n- Timeless visual appeal\n- Clear visual language for gameplay elements\n- Distinct art direction that stands out from realistic open-world games\n- Minimalist but effective soundtrack that enhances exploration\n\n## Conclusion\n\nBreath of the Wild's greatest achievement isn't just in its massive world or innovative mechanics—it's in how it trusts players to forge their own path. It created a new standard for open-world game design, where the joy of discovery and experimentation takes precedence over traditional gaming conventions.\n\nThe game proves that true innovation in the gaming industry doesn't come from bigger maps or more detailed graphics, but from fundamentally rethinking how players interact with virtual worlds. As we look to the future of gaming, Breath of the Wild stands as a testament to the power of player freedom and creative game design.\n\n## Looking Forward\n\nWith the release of Tears of the Kingdom, Nintendo has built upon these foundations, showing that this wasn't just a one-time innovation but the beginning of a new era in game design. The influence of Breath of the Wild will likely be felt in the gaming industry for years to come.\n\n---\n\n_This article is part of our series on revolutionary games that changed their genres. Check out our other articles on influential titles that shaped gaming history._\n",
    "code": "var Component=(()=>{var m=Object.create;var t=Object.defineProperty;var p=Object.getOwnPropertyDescriptor;var g=Object.getOwnPropertyNames;var u=Object.getPrototypeOf,w=Object.prototype.hasOwnProperty;var f=(n,a)=>()=>(a||n((a={exports:{}}).exports,a),a.exports),v=(n,a)=>{for(var l in a)t(n,l,{get:a[l],enumerable:!0})},o=(n,a,l,r)=>{if(a&&typeof a==\"object\"||typeof a==\"function\")for(let i of g(a))!w.call(n,i)&&i!==l&&t(n,i,{get:()=>a[i],enumerable:!(r=p(a,i))||r.enumerable});return n};var y=(n,a,l)=>(l=n!=null?m(u(n)):{},o(a||!n||!n.__esModule?t(l,\"default\",{value:n,enumerable:!0}):l,n)),b=n=>o(t({},\"__esModule\",{value:!0}),n);var s=f((M,h)=>{h.exports=_jsx_runtime});var k={};v(k,{default:()=>c,frontmatter:()=>x});var e=y(s()),x={title:\"The Legend of Zelda: Breath of the Wild - A Revolution in Open-World Gaming\",date:\"2024-01-20\",tags:[\"gaming\",\"zelda\",\"nintendo\",\"open-world\",\"game-design\"],draft:!1,summary:\"An in-depth look at how The Legend of Zelda: Breath of the Wild redefined open-world gaming with its innovative approach to exploration and player freedom.\",authors:[\"default\"],images:[\"/static/images/zelda-botw.jpg\"]};function d(n){let a={a:\"a\",em:\"em\",h1:\"h1\",h2:\"h2\",h3:\"h3\",hr:\"hr\",li:\"li\",ol:\"ol\",p:\"p\",path:\"path\",span:\"span\",svg:\"svg\",ul:\"ul\",...n.components};return(0,e.jsxs)(e.Fragment,{children:[(0,e.jsxs)(a.h1,{className:\"content-header\",id:\"the-legend-of-zelda-breath-of-the-wild---a-revolution-in-open-world-gaming\",children:[(0,e.jsx)(a.a,{\"aria-hidden\":\"true\",href:\"#the-legend-of-zelda-breath-of-the-wild---a-revolution-in-open-world-gaming\",tabIndex:\"-1\",children:(0,e.jsx)(e.Fragment,{children:(0,e.jsx)(a.span,{className:\"content-header-link\",children:(0,e.jsxs)(a.svg,{className:\"h-5 linkicon w-5\",fill:\"currentColor\",viewBox:\"0 0 20 20\",xmlns:\"http://www.w3.org/2000/svg\",children:[(0,e.jsx)(a.path,{d:\"M12.232 4.232a2.5 2.5 0 0 1 3.536 3.536l-1.225 1.224a.75.75 0 0 0 1.061 1.06l1.224-1.224a4 4 0 0 0-5.656-5.656l-3 3a4 4 0 0 0 .225 5.865.75.75 0 0 0 .977-1.138 2.5 2.5 0 0 1-.142-3.667l3-3Z\"}),(0,e.jsx)(a.path,{d:\"M11.603 7.963a.75.75 0 0 0-.977 1.138 2.5 2.5 0 0 1 .142 3.667l-3 3a2.5 2.5 0 0 1-3.536-3.536l1.225-1.224a.75.75 0 0 0-1.061-1.06l-1.224 1.224a4 4 0 1 0 5.656 5.656l3-3a4 4 0 0 0-.225-5.865Z\"})]})})})}),\"The Legend of Zelda: Breath of the Wild - A Revolution in Open-World Gaming\"]}),(0,e.jsx)(a.p,{children:\"When Nintendo released The Legend of Zelda: Breath of the Wild in 2017, they didn't just launch another entry in their beloved franchise\\u2014they redefined what open-world games could be. This groundbreaking title introduced a level of freedom and emergent gameplay that has since influenced countless other games in the genre.\"}),(0,e.jsxs)(a.h2,{className:\"content-header\",id:\"a-true-open-world\",children:[(0,e.jsx)(a.a,{\"aria-hidden\":\"true\",href:\"#a-true-open-world\",tabIndex:\"-1\",children:(0,e.jsx)(e.Fragment,{children:(0,e.jsx)(a.span,{className:\"content-header-link\",children:(0,e.jsxs)(a.svg,{className:\"h-5 linkicon w-5\",fill:\"currentColor\",viewBox:\"0 0 20 20\",xmlns:\"http://www.w3.org/2000/svg\",children:[(0,e.jsx)(a.path,{d:\"M12.232 4.232a2.5 2.5 0 0 1 3.536 3.536l-1.225 1.224a.75.75 0 0 0 1.061 1.06l1.224-1.224a4 4 0 0 0-5.656-5.656l-3 3a4 4 0 0 0 .225 5.865.75.75 0 0 0 .977-1.138 2.5 2.5 0 0 1-.142-3.667l3-3Z\"}),(0,e.jsx)(a.path,{d:\"M11.603 7.963a.75.75 0 0 0-.977 1.138 2.5 2.5 0 0 1 .142 3.667l-3 3a2.5 2.5 0 0 1-3.536-3.536l1.225-1.224a.75.75 0 0 0-1.061-1.06l-1.224 1.224a4 4 0 1 0 5.656 5.656l3-3a4 4 0 0 0-.225-5.865Z\"})]})})})}),\"A True Open World\"]}),(0,e.jsx)(a.p,{children:\"Unlike traditional open-world games that gradually unlock areas through story progression, Breath of the Wild gives players complete freedom from the start. After a brief tutorial area, players can:\"}),(0,e.jsxs)(a.ul,{children:[(0,e.jsx)(a.li,{children:\"Head straight to the final boss (though it's incredibly challenging)\"}),(0,e.jsx)(a.li,{children:\"Explore any part of the vast kingdom of Hyrule\"}),(0,e.jsx)(a.li,{children:\"Tackle the four Divine Beasts in any order\"}),(0,e.jsx)(a.li,{children:\"Create their own path to becoming stronger\"})]}),(0,e.jsxs)(a.h2,{className:\"content-header\",id:\"innovation-in-game-mechanics\",children:[(0,e.jsx)(a.a,{\"aria-hidden\":\"true\",href:\"#innovation-in-game-mechanics\",tabIndex:\"-1\",children:(0,e.jsx)(e.Fragment,{children:(0,e.jsx)(a.span,{className:\"content-header-link\",children:(0,e.jsxs)(a.svg,{className:\"h-5 linkicon w-5\",fill:\"currentColor\",viewBox:\"0 0 20 20\",xmlns:\"http://www.w3.org/2000/svg\",children:[(0,e.jsx)(a.path,{d:\"M12.232 4.232a2.5 2.5 0 0 1 3.536 3.536l-1.225 1.224a.75.75 0 0 0 1.061 1.06l1.224-1.224a4 4 0 0 0-5.656-5.656l-3 3a4 4 0 0 0 .225 5.865.75.75 0 0 0 .977-1.138 2.5 2.5 0 0 1-.142-3.667l3-3Z\"}),(0,e.jsx)(a.path,{d:\"M11.603 7.963a.75.75 0 0 0-.977 1.138 2.5 2.5 0 0 1 .142 3.667l-3 3a2.5 2.5 0 0 1-3.536-3.536l1.225-1.224a.75.75 0 0 0-1.061-1.06l-1.224 1.224a4 4 0 1 0 5.656 5.656l3-3a4 4 0 0 0-.225-5.865Z\"})]})})})}),\"Innovation in Game Mechanics\"]}),(0,e.jsxs)(a.h3,{className:\"content-header\",id:\"physics-based-gameplay\",children:[(0,e.jsx)(a.a,{\"aria-hidden\":\"true\",href:\"#physics-based-gameplay\",tabIndex:\"-1\",children:(0,e.jsx)(e.Fragment,{children:(0,e.jsx)(a.span,{className:\"content-header-link\",children:(0,e.jsxs)(a.svg,{className:\"h-5 linkicon w-5\",fill:\"currentColor\",viewBox:\"0 0 20 20\",xmlns:\"http://www.w3.org/2000/svg\",children:[(0,e.jsx)(a.path,{d:\"M12.232 4.232a2.5 2.5 0 0 1 3.536 3.536l-1.225 1.224a.75.75 0 0 0 1.061 1.06l1.224-1.224a4 4 0 0 0-5.656-5.656l-3 3a4 4 0 0 0 .225 5.865.75.75 0 0 0 .977-1.138 2.5 2.5 0 0 1-.142-3.667l3-3Z\"}),(0,e.jsx)(a.path,{d:\"M11.603 7.963a.75.75 0 0 0-.977 1.138 2.5 2.5 0 0 1 .142 3.667l-3 3a2.5 2.5 0 0 1-3.536-3.536l1.225-1.224a.75.75 0 0 0-1.061-1.06l-1.224 1.224a4 4 0 1 0 5.656 5.656l3-3a4 4 0 0 0-.225-5.865Z\"})]})})})}),\"Physics-Based Gameplay\"]}),(0,e.jsx)(a.p,{children:\"The game's physics engine isn't just a technical showcase\\u2014it's a fundamental part of the gameplay:\"}),(0,e.jsxs)(a.ul,{children:[(0,e.jsx)(a.li,{children:\"Use temperature differences to create updrafts\"}),(0,e.jsx)(a.li,{children:\"Conduct electricity through metal objects\"}),(0,e.jsx)(a.li,{children:\"Roll boulders downhill to defeat enemies\"}),(0,e.jsx)(a.li,{children:\"Combine elements for creative solutions\"})]}),(0,e.jsxs)(a.h3,{className:\"content-header\",id:\"the-chemistry-engine\",children:[(0,e.jsx)(a.a,{\"aria-hidden\":\"true\",href:\"#the-chemistry-engine\",tabIndex:\"-1\",children:(0,e.jsx)(e.Fragment,{children:(0,e.jsx)(a.span,{className:\"content-header-link\",children:(0,e.jsxs)(a.svg,{className:\"h-5 linkicon w-5\",fill:\"currentColor\",viewBox:\"0 0 20 20\",xmlns:\"http://www.w3.org/2000/svg\",children:[(0,e.jsx)(a.path,{d:\"M12.232 4.232a2.5 2.5 0 0 1 3.536 3.536l-1.225 1.224a.75.75 0 0 0 1.061 1.06l1.224-1.224a4 4 0 0 0-5.656-5.656l-3 3a4 4 0 0 0 .225 5.865.75.75 0 0 0 .977-1.138 2.5 2.5 0 0 1-.142-3.667l3-3Z\"}),(0,e.jsx)(a.path,{d:\"M11.603 7.963a.75.75 0 0 0-.977 1.138 2.5 2.5 0 0 1 .142 3.667l-3 3a2.5 2.5 0 0 1-3.536-3.536l1.225-1.224a.75.75 0 0 0-1.061-1.06l-1.224 1.224a4 4 0 1 0 5.656 5.656l3-3a4 4 0 0 0-.225-5.865Z\"})]})})})}),\"The Chemistry Engine\"]}),(0,e.jsx)(a.p,{children:\"Every element interacts naturally with others:\"}),(0,e.jsxs)(a.ul,{children:[(0,e.jsx)(a.li,{children:\"Fire spreads through dry grass\"}),(0,e.jsx)(a.li,{children:\"Metal conducts electricity\"}),(0,e.jsx)(a.li,{children:\"Ice melts in hot areas\"}),(0,e.jsx)(a.li,{children:\"Wood burns and floats on water\"})]}),(0,e.jsxs)(a.h2,{className:\"content-header\",id:\"freedom-in-problem-solving\",children:[(0,e.jsx)(a.a,{\"aria-hidden\":\"true\",href:\"#freedom-in-problem-solving\",tabIndex:\"-1\",children:(0,e.jsx)(e.Fragment,{children:(0,e.jsx)(a.span,{className:\"content-header-link\",children:(0,e.jsxs)(a.svg,{className:\"h-5 linkicon w-5\",fill:\"currentColor\",viewBox:\"0 0 20 20\",xmlns:\"http://www.w3.org/2000/svg\",children:[(0,e.jsx)(a.path,{d:\"M12.232 4.232a2.5 2.5 0 0 1 3.536 3.536l-1.225 1.224a.75.75 0 0 0 1.061 1.06l1.224-1.224a4 4 0 0 0-5.656-5.656l-3 3a4 4 0 0 0 .225 5.865.75.75 0 0 0 .977-1.138 2.5 2.5 0 0 1-.142-3.667l3-3Z\"}),(0,e.jsx)(a.path,{d:\"M11.603 7.963a.75.75 0 0 0-.977 1.138 2.5 2.5 0 0 1 .142 3.667l-3 3a2.5 2.5 0 0 1-3.536-3.536l1.225-1.224a.75.75 0 0 0-1.061-1.06l-1.224 1.224a4 4 0 1 0 5.656 5.656l3-3a4 4 0 0 0-.225-5.865Z\"})]})})})}),\"Freedom in Problem Solving\"]}),(0,e.jsx)(a.p,{children:`What sets Breath of the Wild apart is its \"chemistry set\" approach to gameplay. Every puzzle has multiple solutions, limited only by the player's creativity. For example, to cross a gap, players might:`}),(0,e.jsxs)(a.ol,{children:[(0,e.jsx)(a.li,{children:\"Use the paraglider\"}),(0,e.jsx)(a.li,{children:\"Build a bridge with metal objects\"}),(0,e.jsx)(a.li,{children:\"Freeze water pillars to climb across\"}),(0,e.jsx)(a.li,{children:\"Use Revali's Gale to create an updraft\"}),(0,e.jsx)(a.li,{children:\"Set up a makeshift catapult with physics objects\"})]}),(0,e.jsxs)(a.h2,{className:\"content-header\",id:\"impact-on-game-design\",children:[(0,e.jsx)(a.a,{\"aria-hidden\":\"true\",href:\"#impact-on-game-design\",tabIndex:\"-1\",children:(0,e.jsx)(e.Fragment,{children:(0,e.jsx)(a.span,{className:\"content-header-link\",children:(0,e.jsxs)(a.svg,{className:\"h-5 linkicon w-5\",fill:\"currentColor\",viewBox:\"0 0 20 20\",xmlns:\"http://www.w3.org/2000/svg\",children:[(0,e.jsx)(a.path,{d:\"M12.232 4.232a2.5 2.5 0 0 1 3.536 3.536l-1.225 1.224a.75.75 0 0 0 1.061 1.06l1.224-1.224a4 4 0 0 0-5.656-5.656l-3 3a4 4 0 0 0 .225 5.865.75.75 0 0 0 .977-1.138 2.5 2.5 0 0 1-.142-3.667l3-3Z\"}),(0,e.jsx)(a.path,{d:\"M11.603 7.963a.75.75 0 0 0-.977 1.138 2.5 2.5 0 0 1 .142 3.667l-3 3a2.5 2.5 0 0 1-3.536-3.536l1.225-1.224a.75.75 0 0 0-1.061-1.06l-1.224 1.224a4 4 0 1 0 5.656 5.656l3-3a4 4 0 0 0-.225-5.865Z\"})]})})})}),\"Impact on Game Design\"]}),(0,e.jsx)(a.p,{children:\"The game's influence can be seen in many subsequent open-world titles:\"}),(0,e.jsxs)(a.ul,{children:[(0,e.jsx)(a.li,{children:\"Emphasis on emergent gameplay\"}),(0,e.jsx)(a.li,{children:\"True freedom of exploration\"}),(0,e.jsx)(a.li,{children:\"Physics-based puzzle solving\"}),(0,e.jsx)(a.li,{children:\"Minimal hand-holding\"}),(0,e.jsx)(a.li,{children:\"Environmental storytelling\"})]}),(0,e.jsxs)(a.h2,{className:\"content-header\",id:\"the-art-of-discovery\",children:[(0,e.jsx)(a.a,{\"aria-hidden\":\"true\",href:\"#the-art-of-discovery\",tabIndex:\"-1\",children:(0,e.jsx)(e.Fragment,{children:(0,e.jsx)(a.span,{className:\"content-header-link\",children:(0,e.jsxs)(a.svg,{className:\"h-5 linkicon w-5\",fill:\"currentColor\",viewBox:\"0 0 20 20\",xmlns:\"http://www.w3.org/2000/svg\",children:[(0,e.jsx)(a.path,{d:\"M12.232 4.232a2.5 2.5 0 0 1 3.536 3.536l-1.225 1.224a.75.75 0 0 0 1.061 1.06l1.224-1.224a4 4 0 0 0-5.656-5.656l-3 3a4 4 0 0 0 .225 5.865.75.75 0 0 0 .977-1.138 2.5 2.5 0 0 1-.142-3.667l3-3Z\"}),(0,e.jsx)(a.path,{d:\"M11.603 7.963a.75.75 0 0 0-.977 1.138 2.5 2.5 0 0 1 .142 3.667l-3 3a2.5 2.5 0 0 1-3.536-3.536l1.225-1.224a.75.75 0 0 0-1.061-1.06l-1.224 1.224a4 4 0 1 0 5.656 5.656l3-3a4 4 0 0 0-.225-5.865Z\"})]})})})}),\"The Art of Discovery\"]}),(0,e.jsx)(a.p,{children:\"The game's approach to exploration revolutionized how players interact with open worlds:\"}),(0,e.jsxs)(a.ul,{children:[(0,e.jsx)(a.li,{children:\"No traditional waypoints cluttering the map\"}),(0,e.jsx)(a.li,{children:\"Towers reveal topography, not points of interest\"}),(0,e.jsx)(a.li,{children:\"Players mark their own discoveries\"}),(0,e.jsx)(a.li,{children:\"Organic discovery through observation\"})]}),(0,e.jsxs)(a.h2,{className:\"content-header\",id:\"combat-innovation\",children:[(0,e.jsx)(a.a,{\"aria-hidden\":\"true\",href:\"#combat-innovation\",tabIndex:\"-1\",children:(0,e.jsx)(e.Fragment,{children:(0,e.jsx)(a.span,{className:\"content-header-link\",children:(0,e.jsxs)(a.svg,{className:\"h-5 linkicon w-5\",fill:\"currentColor\",viewBox:\"0 0 20 20\",xmlns:\"http://www.w3.org/2000/svg\",children:[(0,e.jsx)(a.path,{d:\"M12.232 4.232a2.5 2.5 0 0 1 3.536 3.536l-1.225 1.224a.75.75 0 0 0 1.061 1.06l1.224-1.224a4 4 0 0 0-5.656-5.656l-3 3a4 4 0 0 0 .225 5.865.75.75 0 0 0 .977-1.138 2.5 2.5 0 0 1-.142-3.667l3-3Z\"}),(0,e.jsx)(a.path,{d:\"M11.603 7.963a.75.75 0 0 0-.977 1.138 2.5 2.5 0 0 1 .142 3.667l-3 3a2.5 2.5 0 0 1-3.536-3.536l1.225-1.224a.75.75 0 0 0-1.061-1.06l-1.224 1.224a4 4 0 1 0 5.656 5.656l3-3a4 4 0 0 0-.225-5.865Z\"})]})})})}),\"Combat Innovation\"]}),(0,e.jsx)(a.p,{children:\"The combat system breaks from traditional Zelda formulas:\"}),(0,e.jsxs)(a.ul,{children:[(0,e.jsx)(a.li,{children:\"Weapon durability system encourages experimentation\"}),(0,e.jsx)(a.li,{children:\"Environmental combat possibilities\"}),(0,e.jsx)(a.li,{children:\"Slow-motion arrow shooting while airborne\"}),(0,e.jsx)(a.li,{children:\"Creative use of the Sheikah Slate's abilities\"})]}),(0,e.jsxs)(a.h2,{className:\"content-header\",id:\"visual-and-audio-design\",children:[(0,e.jsx)(a.a,{\"aria-hidden\":\"true\",href:\"#visual-and-audio-design\",tabIndex:\"-1\",children:(0,e.jsx)(e.Fragment,{children:(0,e.jsx)(a.span,{className:\"content-header-link\",children:(0,e.jsxs)(a.svg,{className:\"h-5 linkicon w-5\",fill:\"currentColor\",viewBox:\"0 0 20 20\",xmlns:\"http://www.w3.org/2000/svg\",children:[(0,e.jsx)(a.path,{d:\"M12.232 4.232a2.5 2.5 0 0 1 3.536 3.536l-1.225 1.224a.75.75 0 0 0 1.061 1.06l1.224-1.224a4 4 0 0 0-5.656-5.656l-3 3a4 4 0 0 0 .225 5.865.75.75 0 0 0 .977-1.138 2.5 2.5 0 0 1-.142-3.667l3-3Z\"}),(0,e.jsx)(a.path,{d:\"M11.603 7.963a.75.75 0 0 0-.977 1.138 2.5 2.5 0 0 1 .142 3.667l-3 3a2.5 2.5 0 0 1-3.536-3.536l1.225-1.224a.75.75 0 0 0-1.061-1.06l-1.224 1.224a4 4 0 1 0 5.656 5.656l3-3a4 4 0 0 0-.225-5.865Z\"})]})})})}),\"Visual and Audio Design\"]}),(0,e.jsx)(a.p,{children:\"The game's cel-shaded art style serves both aesthetic and practical purposes:\"}),(0,e.jsxs)(a.ul,{children:[(0,e.jsx)(a.li,{children:\"Timeless visual appeal\"}),(0,e.jsx)(a.li,{children:\"Clear visual language for gameplay elements\"}),(0,e.jsx)(a.li,{children:\"Distinct art direction that stands out from realistic open-world games\"}),(0,e.jsx)(a.li,{children:\"Minimalist but effective soundtrack that enhances exploration\"})]}),(0,e.jsxs)(a.h2,{className:\"content-header\",id:\"conclusion\",children:[(0,e.jsx)(a.a,{\"aria-hidden\":\"true\",href:\"#conclusion\",tabIndex:\"-1\",children:(0,e.jsx)(e.Fragment,{children:(0,e.jsx)(a.span,{className:\"content-header-link\",children:(0,e.jsxs)(a.svg,{className:\"h-5 linkicon w-5\",fill:\"currentColor\",viewBox:\"0 0 20 20\",xmlns:\"http://www.w3.org/2000/svg\",children:[(0,e.jsx)(a.path,{d:\"M12.232 4.232a2.5 2.5 0 0 1 3.536 3.536l-1.225 1.224a.75.75 0 0 0 1.061 1.06l1.224-1.224a4 4 0 0 0-5.656-5.656l-3 3a4 4 0 0 0 .225 5.865.75.75 0 0 0 .977-1.138 2.5 2.5 0 0 1-.142-3.667l3-3Z\"}),(0,e.jsx)(a.path,{d:\"M11.603 7.963a.75.75 0 0 0-.977 1.138 2.5 2.5 0 0 1 .142 3.667l-3 3a2.5 2.5 0 0 1-3.536-3.536l1.225-1.224a.75.75 0 0 0-1.061-1.06l-1.224 1.224a4 4 0 1 0 5.656 5.656l3-3a4 4 0 0 0-.225-5.865Z\"})]})})})}),\"Conclusion\"]}),(0,e.jsx)(a.p,{children:\"Breath of the Wild's greatest achievement isn't just in its massive world or innovative mechanics\\u2014it's in how it trusts players to forge their own path. It created a new standard for open-world game design, where the joy of discovery and experimentation takes precedence over traditional gaming conventions.\"}),(0,e.jsx)(a.p,{children:\"The game proves that true innovation in the gaming industry doesn't come from bigger maps or more detailed graphics, but from fundamentally rethinking how players interact with virtual worlds. As we look to the future of gaming, Breath of the Wild stands as a testament to the power of player freedom and creative game design.\"}),(0,e.jsxs)(a.h2,{className:\"content-header\",id:\"looking-forward\",children:[(0,e.jsx)(a.a,{\"aria-hidden\":\"true\",href:\"#looking-forward\",tabIndex:\"-1\",children:(0,e.jsx)(e.Fragment,{children:(0,e.jsx)(a.span,{className:\"content-header-link\",children:(0,e.jsxs)(a.svg,{className:\"h-5 linkicon w-5\",fill:\"currentColor\",viewBox:\"0 0 20 20\",xmlns:\"http://www.w3.org/2000/svg\",children:[(0,e.jsx)(a.path,{d:\"M12.232 4.232a2.5 2.5 0 0 1 3.536 3.536l-1.225 1.224a.75.75 0 0 0 1.061 1.06l1.224-1.224a4 4 0 0 0-5.656-5.656l-3 3a4 4 0 0 0 .225 5.865.75.75 0 0 0 .977-1.138 2.5 2.5 0 0 1-.142-3.667l3-3Z\"}),(0,e.jsx)(a.path,{d:\"M11.603 7.963a.75.75 0 0 0-.977 1.138 2.5 2.5 0 0 1 .142 3.667l-3 3a2.5 2.5 0 0 1-3.536-3.536l1.225-1.224a.75.75 0 0 0-1.061-1.06l-1.224 1.224a4 4 0 1 0 5.656 5.656l3-3a4 4 0 0 0-.225-5.865Z\"})]})})})}),\"Looking Forward\"]}),(0,e.jsx)(a.p,{children:\"With the release of Tears of the Kingdom, Nintendo has built upon these foundations, showing that this wasn't just a one-time innovation but the beginning of a new era in game design. The influence of Breath of the Wild will likely be felt in the gaming industry for years to come.\"}),(0,e.jsx)(a.hr,{}),(0,e.jsx)(a.p,{children:(0,e.jsx)(a.em,{children:\"This article is part of our series on revolutionary games that changed their genres. Check out our other articles on influential titles that shaped gaming history.\"})})]})}function c(n={}){let{wrapper:a}=n.components||{};return a?(0,e.jsx)(a,{...n,children:(0,e.jsx)(d,{...n})}):d(n)}return b(k);})();\n;return Component;"
  },
  "_id": "blog/zelda-botw.mdx",
  "_raw": {
    "sourceFilePath": "blog/zelda-botw.mdx",
    "sourceFileName": "zelda-botw.mdx",
    "sourceFileDir": "blog",
    "contentType": "mdx",
    "flattenedPath": "blog/zelda-botw"
  },
  "type": "Blog",
  "readingTime": {
    "text": "4 min read",
    "minutes": 3.185,
    "time": 191100,
    "words": 637
  },
  "path": "blog/zelda-botw",
  "filePath": "blog/zelda-botw.mdx",
  "toc": [
    {
      "value": "The Legend of Zelda: Breath of the Wild - A Revolution in Open-World Gaming",
      "url": "#the-legend-of-zelda-breath-of-the-wild---a-revolution-in-open-world-gaming",
      "depth": 1
    },
    {
      "value": "A True Open World",
      "url": "#a-true-open-world",
      "depth": 2
    },
    {
      "value": "Innovation in Game Mechanics",
      "url": "#innovation-in-game-mechanics",
      "depth": 2
    },
    {
      "value": "Physics-Based Gameplay",
      "url": "#physics-based-gameplay",
      "depth": 3
    },
    {
      "value": "The Chemistry Engine",
      "url": "#the-chemistry-engine",
      "depth": 3
    },
    {
      "value": "Freedom in Problem Solving",
      "url": "#freedom-in-problem-solving",
      "depth": 2
    },
    {
      "value": "Impact on Game Design",
      "url": "#impact-on-game-design",
      "depth": 2
    },
    {
      "value": "The Art of Discovery",
      "url": "#the-art-of-discovery",
      "depth": 2
    },
    {
      "value": "Combat Innovation",
      "url": "#combat-innovation",
      "depth": 2
    },
    {
      "value": "Visual and Audio Design",
      "url": "#visual-and-audio-design",
      "depth": 2
    },
    {
      "value": "Conclusion",
      "url": "#conclusion",
      "depth": 2
    },
    {
      "value": "Looking Forward",
      "url": "#looking-forward",
      "depth": 2
    }
  ],
  "structuredData": {
    "@context": "https://schema.org",
    "@type": "BlogPosting",
    "headline": "The Legend of Zelda: Breath of the Wild - A Revolution in Open-World Gaming",
    "datePublished": "2024-01-20T00:00:00.000Z",
    "dateModified": "2024-01-20T00:00:00.000Z",
    "description": "An in-depth look at how The Legend of Zelda: Breath of the Wild redefined open-world gaming with its innovative approach to exploration and player freedom.",
    "image": "/static/images/zelda-botw.jpg",
    "url": "https://allset-template.vercel.app/blog/zelda-botw"
  }
}