{
  "title": "Qui et commodo quam ",
  "date": "2007-05-29T00:00:00.000Z",
  "tags": [
    "Est pariatur Dolor"
  ],
  "slug": "Sed-expedita-ut-aut-",
  "summary": "Debitis illum inven",
  "authors": [
    "Cupidatat tempora ad"
  ],
  "body": {
    "raw": "Quis unde ipsa nihi",
    "code": "var Component=(()=>{var p=Object.create;var a=Object.defineProperty;var l=Object.getOwnPropertyDescriptor;var x=Object.getOwnPropertyNames;var f=Object.getPrototypeOf,_=Object.prototype.hasOwnProperty;var h=(t,e)=>()=>(e||t((e={exports:{}}).exports,e),e.exports),D=(t,e)=>{for(var n in e)a(t,n,{get:e[n],enumerable:!0})},u=(t,e,n,i)=>{if(e&&typeof e==\"object\"||typeof e==\"function\")for(let o of x(e))!_.call(t,o)&&o!==n&&a(t,o,{get:()=>e[o],enumerable:!(i=l(e,o))||i.enumerable});return t};var j=(t,e,n)=>(n=t!=null?p(f(t)):{},u(e||!t||!t.__esModule?a(n,\"default\",{value:t,enumerable:!0}):n,t)),C=t=>u(a({},\"__esModule\",{value:!0}),t);var m=h((Q,s)=>{s.exports=_jsx_runtime});var g={};D(g,{default:()=>d,frontmatter:()=>M});var r=j(m()),M={title:\"Qui et commodo quam \",date:\"2007-05-29\",slug:\"Sed expedita ut aut \",tags:[\"Est pariatur Dolor\"],authors:[\"Cupidatat tempora ad\"],summary:\"Debitis illum inven\"};function c(t){let e={p:\"p\",...t.components};return(0,r.jsx)(e.p,{children:\"Quis unde ipsa nihi\"})}function d(t={}){let{wrapper:e}=t.components||{};return e?(0,r.jsx)(e,{...t,children:(0,r.jsx)(c,{...t})}):c(t)}return C(g);})();\n;return Component;"
  },
  "_id": "blog/Sed-expedita-ut-aut-.mdx",
  "_raw": {
    "sourceFilePath": "blog/Sed-expedita-ut-aut-.mdx",
    "sourceFileName": "Sed-expedita-ut-aut-.mdx",
    "sourceFileDir": "blog",
    "contentType": "mdx",
    "flattenedPath": "blog/Sed-expedita-ut-aut-"
  },
  "type": "Blog",
  "readingTime": {
    "text": "1 min read",
    "minutes": 0.02,
    "time": 1200,
    "words": 4
  },
  "path": "blog/Sed-expedita-ut-aut-",
  "filePath": "blog/Sed-expedita-ut-aut-.mdx",
  "toc": [],
  "structuredData": {
    "@context": "https://schema.org",
    "@type": "BlogPosting",
    "headline": "Qui et commodo quam ",
    "datePublished": "2007-05-29T00:00:00.000Z",
    "dateModified": "2007-05-29T00:00:00.000Z",
    "description": "Debitis illum inven",
    "image": "/static/images/twitter-card.jpg",
    "url": "https://tailwind-nextjs-starter-blog.vercel.app/blog/Sed-expedita-ut-aut-"
  }
}