
  <rss version="2.0" xmlns:atom="http://www.w3.org/2005/Atom">
    <channel>
      <title>ALLSET Template</title>
      <link>https://tailwind-nextjs-starter-blog.vercel.app/blog</link>
      <description>AI-powered Next.js landing page generator for compelling content and SEO-optimized blog posts.</description>
      <language>en-us</language>
      <managingEditor>address@yoursite.com (imzodev)</managingEditor>
      <webMaster>address@yoursite.com (imzodev)</webMaster>
      <lastBuildDate>Mon, 15 Jan 2024 00:00:00 GMT</lastBuildDate>
      <atom:link href="https://tailwind-nextjs-starter-blog.vercel.app/tags/marketing/feed.xml" rel="self" type="application/rss+xml"/>
      
  <item>
    <guid>https://tailwind-nextjs-starter-blog.vercel.app/blog/seo-business-sales</guid>
    <title>How SEO Can Boost Your Business Sales</title>
    <link>https://tailwind-nextjs-starter-blog.vercel.app/blog/seo-business-sales</link>
    <description>Discover how implementing effective SEO strategies can significantly increase your business visibility and drive more sales through organic traffic.</description>
    <pubDate>Mon, 15 Jan 2024 00:00:00 GMT</pubDate>
    <author>address@yoursite.com (imzodev)</author>
    <category>seo</category><category>business</category><category>marketing</category><category>digital-strategy</category>
  </item>

    </channel>
  </rss>
