
  <rss version="2.0" xmlns:atom="http://www.w3.org/2005/Atom">
    <channel>
      <title>ALLSET Template</title>
      <link>https://allset-template.online/blog</link>
      <description>AI-powered Next.js landing page generator for compelling content and SEO-optimized blog posts.</description>
      <language>en-us</language>
      <managingEditor>contact@allset-template.online (imzodev)</managingEditor>
      <webMaster>contact@allset-template.online (imzodev)</webMaster>
      <lastBuildDate>Wed, 28 May 2025 00:00:00 GMT</lastBuildDate>
      <atom:link href="https://allset-template.online/tags/landing-pages/feed.xml" rel="self" type="application/rss+xml"/>
      
  <item>
    <guid>https://allset-template.online/blog/5-ways-ai-landing-page-generators-like-allset-can-boost-your-conversions</guid>
    <title>5 Ways AI Landing Page Generators Like ALLSET Can Boost Your Conversions</title>
    <link>https://allset-template.online/blog/5-ways-ai-landing-page-generators-like-allset-can-boost-your-conversions</link>
    <description>Discover how AI-powered landing page templates can revolutionize your marketing efforts, saving you time and increasing your conversion rates.</description>
    <pubDate>Wed, 28 May 2025 00:00:00 GMT</pubDate>
    <author>contact@allset-template.online (imzodev)</author>
    <category>AI</category><category>landing pages</category><category>conversions</category><category>marketing</category><category>templates</category>
  </item>

  <item>
    <guid>https://allset-template.online/blog/the-ultimate-guide-to-seo-optimized-landing-pages-drive-organic-traffic-with-ai</guid>
    <title>The Ultimate Guide to SEO-Optimized Landing Pages: Drive Organic Traffic with AI</title>
    <link>https://allset-template.online/blog/the-ultimate-guide-to-seo-optimized-landing-pages-drive-organic-traffic-with-ai</link>
    <description>Learn how to leverage AI to create landing pages that are not only visually appealing but also optimized for search engines, driving organic traffic and improving your online visibility.</description>
    <pubDate>Wed, 28 May 2025 00:00:00 GMT</pubDate>
    <author>contact@allset-template.online (imzodev)</author>
    <category>SEO</category><category>landing pages</category><category>AI</category><category>organic traffic</category><category>content marketing</category>
  </item>

    </channel>
  </rss>
