
  <rss version="2.0" xmlns:atom="http://www.w3.org/2005/Atom">
    <channel>
      <title>ALLSET Template</title>
      <link>https://allset-template.online/blog</link>
      <description>AI-powered Next.js landing page generator for compelling content and SEO-optimized blog posts.</description>
      <language>en-us</language>
      <managingEditor>contact@allset-template.online (imzodev)</managingEditor>
      <webMaster>contact@allset-template.online (imzodev)</webMaster>
      <lastBuildDate>Wed, 28 May 2025 00:00:00 GMT</lastBuildDate>
      <atom:link href="https://allset-template.online/tags/seo/feed.xml" rel="self" type="application/rss+xml"/>
      
  <item>
    <guid>https://allset-template.online/blog/the-ultimate-guide-to-ai-powered-seo-boost-your-rankings-with-allsets-blog-generator</guid>
    <title>The Ultimate Guide to AI-Powered SEO: Boost Your Rankings with ALLSET&#39;s Blog Generator</title>
    <link>https://allset-template.online/blog/the-ultimate-guide-to-ai-powered-seo-boost-your-rankings-with-allsets-blog-generator</link>
    <description>Learn how to leverage AI to create SEO-optimized blog posts that drive organic traffic to your website. This guide covers keyword research, content optimization, and the benefits of using AI blog generators.</description>
    <pubDate>Wed, 28 May 2025 00:00:00 GMT</pubDate>
    <author>contact@allset-template.online (imzodev)</author>
    <category>SEO</category><category>AI</category><category>blogging</category><category>content marketing</category><category>organic traffic</category>
  </item>

  <item>
    <guid>https://allset-template.online/blog/the-ultimate-guide-to-seo-optimized-landing-pages-drive-organic-traffic-with-ai</guid>
    <title>The Ultimate Guide to SEO-Optimized Landing Pages: Drive Organic Traffic with AI</title>
    <link>https://allset-template.online/blog/the-ultimate-guide-to-seo-optimized-landing-pages-drive-organic-traffic-with-ai</link>
    <description>Learn how to leverage AI to create landing pages that are not only visually appealing but also optimized for search engines, driving organic traffic and improving your online visibility.</description>
    <pubDate>Wed, 28 May 2025 00:00:00 GMT</pubDate>
    <author>contact@allset-template.online (imzodev)</author>
    <category>SEO</category><category>landing pages</category><category>AI</category><category>organic traffic</category><category>content marketing</category>
  </item>

    </channel>
  </rss>
