
  <rss version="2.0" xmlns:atom="http://www.w3.org/2005/Atom">
    <channel>
      <title>ALLSET Template</title>
      <link>https://tailwind-nextjs-starter-blog.vercel.app/blog</link>
      <description>AI-powered Next.js landing page generator for compelling content and SEO-optimized blog posts.</description>
      <language>en-us</language>
      <managingEditor>address@yoursite.com (imzodev)</managingEditor>
      <webMaster>address@yoursite.com (imzodev)</webMaster>
      <lastBuildDate>Wed, 31 Oct 2007 00:00:00 GMT</lastBuildDate>
      <atom:link href="https://tailwind-nextjs-starter-blog.vercel.app/tags/a-nihil-deserunt-exe/feed.xml" rel="self" type="application/rss+xml"/>
      
  <item>
    <guid>https://tailwind-nextjs-starter-blog.vercel.app/blog/Vel-est-deserunt-iu</guid>
    <title>Distinctio Similiqu</title>
    <link>https://tailwind-nextjs-starter-blog.vercel.app/blog/Vel-est-deserunt-iu</link>
    <description>Voluptatem maiores l</description>
    <pubDate>Wed, 31 Oct 2007 00:00:00 GMT</pubDate>
    <author>address@yoursite.com (imzodev)</author>
    <category>A nihil deserunt exe</category>
  </item>

    </channel>
  </rss>
