
  <rss version="2.0" xmlns:atom="http://www.w3.org/2005/Atom">
    <channel>
      <title>ALLSET Template</title>
      <link>https://tailwind-nextjs-starter-blog.vercel.app/blog</link>
      <description>AI-powered Next.js landing page generator for compelling content and SEO-optimized blog posts.</description>
      <language>en-us</language>
      <managingEditor>address@yoursite.com (imzodev)</managingEditor>
      <webMaster>address@yoursite.com (imzodev)</webMaster>
      <lastBuildDate>Fri, 15 Sep 2023 00:00:00 GMT</lastBuildDate>
      <atom:link href="https://tailwind-nextjs-starter-blog.vercel.app/tags/technology/feed.xml" rel="self" type="application/rss+xml"/>
      
  <item>
    <guid>https://tailwind-nextjs-starter-blog.vercel.app/blog/sed-odio-aspernatur</guid>
    <title>Sed odio aspernatur</title>
    <link>https://tailwind-nextjs-starter-blog.vercel.app/blog/sed-odio-aspernatur</link>
    <description>Sed odio aspernatur et voluptatem quia. Exploring the latest technological innovations and their impact on modern development practices.</description>
    <pubDate>Fri, 15 Sep 2023 00:00:00 GMT</pubDate>
    <author>address@yoursite.com (imzodev)</author>
    <category>technology</category><category>innovation</category><category>development</category>
  </item>

    </channel>
  </rss>
