
  <rss version="2.0" xmlns:atom="http://www.w3.org/2005/Atom">
    <channel>
      <title>ALLSET Template</title>
      <link>https://tailwind-nextjs-starter-blog.vercel.app/blog</link>
      <description>AI-powered Next.js landing page generator for compelling content and SEO-optimized blog posts.</description>
      <language>en-us</language>
      <managingEditor>address@yoursite.com (imzodev)</managingEditor>
      <webMaster>address@yoursite.com (imzodev)</webMaster>
      <lastBuildDate>Tue, 20 Jul 1971 00:00:00 GMT</lastBuildDate>
      <atom:link href="https://tailwind-nextjs-starter-blog.vercel.app/tags/consectetur-ratione/feed.xml" rel="self" type="application/rss+xml"/>
      
  <item>
    <guid>https://tailwind-nextjs-starter-blog.vercel.app/blog/et-porro-impedit-vo</guid>
    <title>Inventore ex ut omni</title>
    <link>https://tailwind-nextjs-starter-blog.vercel.app/blog/et-porro-impedit-vo</link>
    <description>Eaque provident dol</description>
    <pubDate>Tue, 20 Jul 1971 00:00:00 GMT</pubDate>
    <author>address@yoursite.com (imzodev)</author>
    <category>Consectetur ratione</category>
  </item>

    </channel>
  </rss>
