
  <rss version="2.0" xmlns:atom="http://www.w3.org/2005/Atom">
    <channel>
      <title>ALLSET Template</title>
      <link>https://tailwind-nextjs-starter-blog.vercel.app/blog</link>
      <description>AI-powered Next.js landing page generator for compelling content and SEO-optimized blog posts.</description>
      <language>en-us</language>
      <managingEditor>address@yoursite.com (imzodev)</managingEditor>
      <webMaster>address@yoursite.com (imzodev)</webMaster>
      <lastBuildDate>Sun, 18 Apr 2010 00:00:00 GMT</lastBuildDate>
      <atom:link href="https://tailwind-nextjs-starter-blog.vercel.app/tags/aperiam-sit-quo-mole/feed.xml" rel="self" type="application/rss+xml"/>
      
  <item>
    <guid>https://tailwind-nextjs-starter-blog.vercel.app/blog/Nostrud-ratione-comm</guid>
    <title>Inventore in ut quod</title>
    <link>https://tailwind-nextjs-starter-blog.vercel.app/blog/Nostrud-ratione-comm</link>
    <description>Perferendis non volu</description>
    <pubDate>Sun, 18 Apr 2010 00:00:00 GMT</pubDate>
    <author>address@yoursite.com (imzodev)</author>
    <category>Aperiam sit quo mole</category>
  </item>

    </channel>
  </rss>
