
  <rss version="2.0" xmlns:atom="http://www.w3.org/2005/Atom">
    <channel>
      <title>ALLSET Template</title>
      <link>https://allset-template.online/blog</link>
      <description>AI-powered Next.js landing page generator for compelling content and SEO-optimized blog posts.</description>
      <language>en-us</language>
      <managingEditor>contact@allset-template.online (imzodev)</managingEditor>
      <webMaster>contact@allset-template.online (imzodev)</webMaster>
      <lastBuildDate>Wed, 28 May 2025 00:00:00 GMT</lastBuildDate>
      <atom:link href="https://allset-template.online/tags/landing-page/feed.xml" rel="self" type="application/rss+xml"/>
      
  <item>
    <guid>https://allset-template.online/blog/5-must-have-features-of-a-high-converting-landing-page-and-how-allset-delivers</guid>
    <title>5 Must-Have Features of a High-Converting Landing Page (And How ALLSET Delivers)</title>
    <link>https://allset-template.online/blog/5-must-have-features-of-a-high-converting-landing-page-and-how-allset-delivers</link>
    <description>Discover the essential elements of a successful landing page and see how ALLSET&#39;s AI-powered features can help you create a page that drives results.
</description>
    <pubDate>Wed, 28 May 2025 00:00:00 GMT</pubDate>
    <author>contact@allset-template.online (imzodev)</author>
    <category>conversion</category><category>landing page</category><category>design</category><category>AI</category><category>marketing</category>
  </item>

    </channel>
  </rss>
