
  <rss version="2.0" xmlns:atom="http://www.w3.org/2005/Atom">
    <channel>
      <title>ALLSET Template</title>
      <link>https://allset-template.online/blog</link>
      <description>AI-powered Next.js landing page generator for compelling content and SEO-optimized blog posts.</description>
      <language>en-us</language>
      <managingEditor>contact@allset-template.online (imzodev)</managingEditor>
      <webMaster>contact@allset-template.online (imzodev)</webMaster>
      <lastBuildDate>Wed, 28 May 2025 00:00:00 GMT</lastBuildDate>
      <atom:link href="https://allset-template.online/tags/landingpage/feed.xml" rel="self" type="application/rss+xml"/>
      
  <item>
    <guid>https://allset-template.online/blog/how-to-launch-a-high-converting-landing-page-in-minutes-without-design-skills</guid>
    <title>How to Launch a High-Converting Landing Page in Minutes (Without Design Skills)</title>
    <link>https://allset-template.online/blog/how-to-launch-a-high-converting-landing-page-in-minutes-without-design-skills</link>
    <description>Discover how ALLSET Template helps you create professional landing pages quickly and easily, even if you have no design experience. Learn about AI-powered content generation and customizable templates.</description>
    <pubDate>Wed, 28 May 2025 00:00:00 GMT</pubDate>
    <author>contact@allset-template.online (imzodev)</author>
    <category>landingpage</category><category>AI</category><category>templates</category><category>contentcreation</category><category>conversion</category>
  </item>

    </channel>
  </rss>
