
  <rss version="2.0" xmlns:atom="http://www.w3.org/2005/Atom">
    <channel>
      <title>ALLSET Template</title>
      <link>https://tailwind-nextjs-starter-blog.vercel.app/blog</link>
      <description>AI-powered Next.js landing page generator for compelling content and SEO-optimized blog posts.</description>
      <language>en-us</language>
      <managingEditor>address@yoursite.com (imzodev)</managingEditor>
      <webMaster>address@yoursite.com (imzodev)</webMaster>
      <lastBuildDate>Sat, 12 Apr 2025 00:00:00 GMT</lastBuildDate>
      <atom:link href="https://tailwind-nextjs-starter-blog.vercel.app/feed.xml" rel="self" type="application/rss+xml"/>
      
  <item>
    <guid>https://tailwind-nextjs-starter-blog.vercel.app/blog/how-to-find-the-best-hiking-trails-near-you-a-beginners-guide</guid>
    <title>How to Find the Best Hiking Trails Near You: A Beginner&#39;s Guide</title>
    <link>https://tailwind-nextjs-starter-blog.vercel.app/blog/how-to-find-the-best-hiking-trails-near-you-a-beginners-guide</link>
    <description>Learn the essential steps to discover nearby hiking trails, including leveraging AI-powered apps like Dinamount for personalized recommendations and real-time trail conditions.</description>
    <pubDate>Sat, 12 Apr 2025 00:00:00 GMT</pubDate>
    <author>address@yoursite.com (imzodev)</author>
    <category>hiking</category><category>outdoors</category><category>nature</category><category>beginners-guide</category><category>trail-finding</category>
  </item>

  <item>
    <guid>https://tailwind-nextjs-starter-blog.vercel.app/blog/zelda-botw</guid>
    <title>The Legend of Zelda: Breath of the Wild - A Revolution in Open-World Gaming</title>
    <link>https://tailwind-nextjs-starter-blog.vercel.app/blog/zelda-botw</link>
    <description>An in-depth look at how The Legend of Zelda: Breath of the Wild redefined open-world gaming with its innovative approach to exploration and player freedom.</description>
    <pubDate>Sat, 20 Jan 2024 00:00:00 GMT</pubDate>
    <author>address@yoursite.com (imzodev)</author>
    <category>gaming</category><category>zelda</category><category>nintendo</category><category>open-world</category><category>game-design</category>
  </item>

  <item>
    <guid>https://tailwind-nextjs-starter-blog.vercel.app/blog/seo-business-sales</guid>
    <title>How SEO Can Boost Your Business Sales</title>
    <link>https://tailwind-nextjs-starter-blog.vercel.app/blog/seo-business-sales</link>
    <description>Discover how implementing effective SEO strategies can significantly increase your business visibility and drive more sales through organic traffic.</description>
    <pubDate>Mon, 15 Jan 2024 00:00:00 GMT</pubDate>
    <author>address@yoursite.com (imzodev)</author>
    <category>seo</category><category>business</category><category>marketing</category><category>digital-strategy</category>
  </item>

    </channel>
  </rss>
