[
  {
    "name": "imzodev",
    "avatar": "/static/images/avatar.jpeg",
    "occupation": "Web Developer",
    "company": "imzodev",
    "email": "address@yoursite.com",
    "twitter": "https://twitter.com/Twitter",
    "linkedin": "https://www.linkedin.com",
    "github": "https://github.com",
    "body": {
      "raw": "\nimzodev is a web developer and enthusiast about AI technology\n",
      "code": "var Component=(()=>{var u=Object.create;var i=Object.defineProperty;var h=Object.getOwnPropertyDescriptor;var l=Object.getOwnPropertyNames;var w=Object.getPrototypeOf,v=Object.prototype.hasOwnProperty;var x=(t,e)=>()=>(e||t((e={exports:{}}).exports,e),e.exports),b=(t,e)=>{for(var n in e)i(t,n,{get:e[n],enumerable:!0})},c=(t,e,n,r)=>{if(e&&typeof e==\"object\"||typeof e==\"function\")for(let o of l(e))!v.call(t,o)&&o!==n&&i(t,o,{get:()=>e[o],enumerable:!(r=h(e,o))||r.enumerable});return t};var f=(t,e,n)=>(n=t!=null?u(w(t)):{},c(e||!t||!t.__esModule?i(n,\"default\",{value:t,enumerable:!0}):n,t)),g=t=>c(i({},\"__esModule\",{value:!0}),t);var m=x((z,s)=>{s.exports=_jsx_runtime});var j={};b(j,{default:()=>d,frontmatter:()=>_});var a=f(m()),_={name:\"imzodev\",avatar:\"/static/images/avatar.jpeg\",occupation:\"Web Developer\",company:\"imzodev\",email:\"address@yoursite.com\",twitter:\"https://twitter.com/Twitter\",linkedin:\"https://www.linkedin.com\",github:\"https://github.com\"};function p(t){let e={p:\"p\",...t.components};return(0,a.jsx)(e.p,{children:\"imzodev is a web developer and enthusiast about AI technology\"})}function d(t={}){let{wrapper:e}=t.components||{};return e?(0,a.jsx)(e,{...t,children:(0,a.jsx)(p,{...t})}):p(t)}return g(j);})();\n;return Component;"
    },
    "_id": "authors/default.mdx",
    "_raw": {
      "sourceFilePath": "authors/default.mdx",
      "sourceFileName": "default.mdx",
      "sourceFileDir": "authors",
      "contentType": "mdx",
      "flattenedPath": "authors/default"
    },
    "type": "Authors",
    "readingTime": {
      "text": "1 min read",
      "minutes": 0.05,
      "time": 3000,
      "words": 10
    },
    "slug": "default",
    "path": "authors/default",
    "filePath": "authors/default.mdx",
    "toc": []
  },
  {
    "name": "imzodev",
    "avatar": "/static/images/lion-avatar.jpeg",
    "occupation": "Senior Software Developer",
    "company": "TechInnovate Solutions",
    "twitter": "https://twitter.com/imzodev",
    "linkedin": "https://www.linkedin.com/in/imzodev",
    "github": "https://github.com/imzodev",
    "body": {
      "raw": "\nimzodev discovered their passion for coding at a young age. Born in Silicon Valley, they grew up surrounded by technology and innovation. imzodev's parents, both software engineers, introduced them to programming concepts early on. By the age of ten, imzodev had already created their first simple game using Scratch.\n\nAs a teenager, imzodev delved deeper into various programming languages, teaching themselves through online resources and coding bootcamps. Their natural aptitude for problem-solving and logical thinking quickly became apparent. imzodev's high school computer science teacher recognized their talent and became a mentor, encouraging them to pursue a career in software development.\n",
      "code": "var Component=(()=>{var h=Object.create;var i=Object.defineProperty;var l=Object.getOwnPropertyDescriptor;var p=Object.getOwnPropertyNames;var u=Object.getPrototypeOf,v=Object.prototype.hasOwnProperty;var f=(e,t)=>()=>(t||e((t={exports:{}}).exports,t),t.exports),y=(e,t)=>{for(var o in t)i(e,o,{get:t[o],enumerable:!0})},c=(e,t,o,r)=>{if(t&&typeof t==\"object\"||typeof t==\"function\")for(let a of p(t))!v.call(e,a)&&a!==o&&i(e,a,{get:()=>t[a],enumerable:!(r=l(t,a))||r.enumerable});return e};var w=(e,t,o)=>(o=e!=null?h(u(e)):{},c(t||!e||!e.__esModule?i(o,\"default\",{value:e,enumerable:!0}):o,e)),z=e=>c(i({},\"__esModule\",{value:!0}),e);var m=f((j,s)=>{s.exports=_jsx_runtime});var b={};y(b,{default:()=>g,frontmatter:()=>x});var n=w(m()),x={name:\"imzodev\",avatar:\"/static/images/lion-avatar.jpeg\",occupation:\"Senior Software Developer\",company:\"TechInnovate Solutions\",twitter:\"https://twitter.com/imzodev\",linkedin:\"https://www.linkedin.com/in/imzodev\",github:\"https://github.com/imzodev\"};function d(e){let t={p:\"p\",...e.components};return(0,n.jsxs)(n.Fragment,{children:[(0,n.jsx)(t.p,{children:\"imzodev discovered their passion for coding at a young age. Born in Silicon Valley, they grew up surrounded by technology and innovation. imzodev's parents, both software engineers, introduced them to programming concepts early on. By the age of ten, imzodev had already created their first simple game using Scratch.\"}),(0,n.jsx)(t.p,{children:\"As a teenager, imzodev delved deeper into various programming languages, teaching themselves through online resources and coding bootcamps. Their natural aptitude for problem-solving and logical thinking quickly became apparent. imzodev's high school computer science teacher recognized their talent and became a mentor, encouraging them to pursue a career in software development.\"})]})}function g(e={}){let{wrapper:t}=e.components||{};return t?(0,n.jsx)(t,{...e,children:(0,n.jsx)(d,{...e})}):d(e)}return z(b);})();\n;return Component;"
    },
    "_id": "authors/imzodev.mdx",
    "_raw": {
      "sourceFilePath": "authors/imzodev.mdx",
      "sourceFileName": "imzodev.mdx",
      "sourceFileDir": "authors",
      "contentType": "mdx",
      "flattenedPath": "authors/imzodev"
    },
    "type": "Authors",
    "readingTime": {
      "text": "1 min read",
      "minutes": 0.5,
      "time": 30000,
      "words": 100
    },
    "slug": "imzodev",
    "path": "authors/imzodev",
    "filePath": "authors/imzodev.mdx",
    "toc": []
  }
]