{
  "name": "imzodev",
  "avatar": "/static/images/avatar.jpeg",
  "occupation": "Web Developer",
  "company": "imzodev",
  "email": "address@yoursite.com",
  "twitter": "https://twitter.com/Twitter",
  "linkedin": "https://www.linkedin.com",
  "github": "https://github.com",
  "body": {
    "raw": "\nimzodev is a web developer and enthusiast about AI technology\n",
    "code": "var Component=(()=>{var u=Object.create;var i=Object.defineProperty;var h=Object.getOwnPropertyDescriptor;var l=Object.getOwnPropertyNames;var w=Object.getPrototypeOf,v=Object.prototype.hasOwnProperty;var x=(t,e)=>()=>(e||t((e={exports:{}}).exports,e),e.exports),b=(t,e)=>{for(var n in e)i(t,n,{get:e[n],enumerable:!0})},c=(t,e,n,r)=>{if(e&&typeof e==\"object\"||typeof e==\"function\")for(let o of l(e))!v.call(t,o)&&o!==n&&i(t,o,{get:()=>e[o],enumerable:!(r=h(e,o))||r.enumerable});return t};var f=(t,e,n)=>(n=t!=null?u(w(t)):{},c(e||!t||!t.__esModule?i(n,\"default\",{value:t,enumerable:!0}):n,t)),g=t=>c(i({},\"__esModule\",{value:!0}),t);var m=x((z,s)=>{s.exports=_jsx_runtime});var j={};b(j,{default:()=>d,frontmatter:()=>_});var a=f(m()),_={name:\"imzodev\",avatar:\"/static/images/avatar.jpeg\",occupation:\"Web Developer\",company:\"imzodev\",email:\"address@yoursite.com\",twitter:\"https://twitter.com/Twitter\",linkedin:\"https://www.linkedin.com\",github:\"https://github.com\"};function p(t){let e={p:\"p\",...t.components};return(0,a.jsx)(e.p,{children:\"imzodev is a web developer and enthusiast about AI technology\"})}function d(t={}){let{wrapper:e}=t.components||{};return e?(0,a.jsx)(e,{...t,children:(0,a.jsx)(p,{...t})}):p(t)}return g(j);})();\n;return Component;"
  },
  "_id": "authors/default.mdx",
  "_raw": {
    "sourceFilePath": "authors/default.mdx",
    "sourceFileName": "default.mdx",
    "sourceFileDir": "authors",
    "contentType": "mdx",
    "flattenedPath": "authors/default"
  },
  "type": "Authors",
  "readingTime": {
    "text": "1 min read",
    "minutes": 0.05,
    "time": 3000,
    "words": 10
  },
  "slug": "default",
  "path": "authors/default",
  "filePath": "authors/default.mdx",
  "toc": []
}