
  <rss version="2.0" xmlns:atom="http://www.w3.org/2005/Atom">
    <channel>
      <title>ALLSET Template</title>
      <link>https://tailwind-nextjs-starter-blog.vercel.app/blog</link>
      <description>AI-powered Next.js landing page generator for compelling content and SEO-optimized blog posts.</description>
      <language>en-us</language>
      <managingEditor>address@yoursite.com (imzodev)</managingEditor>
      <webMaster>address@yoursite.com (imzodev)</webMaster>
      <lastBuildDate>Sat, 20 Jan 2024 00:00:00 GMT</lastBuildDate>
      <atom:link href="https://tailwind-nextjs-starter-blog.vercel.app/tags/open-world/feed.xml" rel="self" type="application/rss+xml"/>
      
  <item>
    <guid>https://tailwind-nextjs-starter-blog.vercel.app/blog/zelda-botw</guid>
    <title>The Legend of Zelda: Breath of the Wild - A Revolution in Open-World Gaming</title>
    <link>https://tailwind-nextjs-starter-blog.vercel.app/blog/zelda-botw</link>
    <description>An in-depth look at how The Legend of Zelda: Breath of the Wild redefined open-world gaming with its innovative approach to exploration and player freedom.</description>
    <pubDate>Sat, 20 Jan 2024 00:00:00 GMT</pubDate>
    <author>address@yoursite.com (imzodev)</author>
    <category>gaming</category><category>zelda</category><category>nintendo</category><category>open-world</category><category>game-design</category>
  </item>

    </channel>
  </rss>
